--
-- PostgreSQL database dump
--

\restrict oCxLr8VIuFBYiugCEKX5meuVyU51ZeDAGfF0a3owf6L1DngxgX6HidxQiXNP6Nm

-- Dumped from database version 17.8 (6108b59)
-- Dumped by pg_dump version 17.7

SET statement_timeout = 0;
SET lock_timeout = 0;
SET idle_in_transaction_session_timeout = 0;
SET transaction_timeout = 0;
SET client_encoding = 'UTF8';
SET standard_conforming_strings = on;
SELECT pg_catalog.set_config('search_path', '', false);
SET check_function_bodies = false;
SET xmloption = content;
SET client_min_messages = warning;
SET row_security = off;

ALTER TABLE IF EXISTS ONLY public."Stock" DROP CONSTRAINT IF EXISTS "Stock_varietyId_fkey";
ALTER TABLE IF EXISTS ONLY public."Stock" DROP CONSTRAINT IF EXISTS "Stock_releaseId_fkey";
ALTER TABLE IF EXISTS ONLY public."Stock" DROP CONSTRAINT IF EXISTS "Stock_farmerId_fkey";
ALTER TABLE IF EXISTS ONLY public."Stock" DROP CONSTRAINT IF EXISTS "Stock_batchId_fkey";
ALTER TABLE IF EXISTS ONLY public."MillingOutputPackage" DROP CONSTRAINT IF EXISTS "MillingOutputPackage_batchId_fkey";
ALTER TABLE IF EXISTS ONLY public."Farmer" DROP CONSTRAINT IF EXISTS "Farmer_groupId_fkey";
DROP INDEX IF EXISTS public."Variety_name_key";
DROP INDEX IF EXISTS public."User_username_key";
DROP INDEX IF EXISTS public."ProducerGroup_code_cropYear_key";
DROP INDEX IF EXISTS public."Farmer_groupId_farmerNo_key";
ALTER TABLE IF EXISTS ONLY public._prisma_migrations DROP CONSTRAINT IF EXISTS _prisma_migrations_pkey;
ALTER TABLE IF EXISTS ONLY public."Variety" DROP CONSTRAINT IF EXISTS "Variety_pkey";
ALTER TABLE IF EXISTS ONLY public."User" DROP CONSTRAINT IF EXISTS "User_pkey";
ALTER TABLE IF EXISTS ONLY public."Stock" DROP CONSTRAINT IF EXISTS "Stock_pkey";
ALTER TABLE IF EXISTS ONLY public."StockRelease" DROP CONSTRAINT IF EXISTS "StockRelease_pkey";
ALTER TABLE IF EXISTS ONLY public."ProducerGroup" DROP CONSTRAINT IF EXISTS "ProducerGroup_pkey";
ALTER TABLE IF EXISTS ONLY public."MillingOutputPackage" DROP CONSTRAINT IF EXISTS "MillingOutputPackage_pkey";
ALTER TABLE IF EXISTS ONLY public."MillingBatch" DROP CONSTRAINT IF EXISTS "MillingBatch_pkey";
ALTER TABLE IF EXISTS ONLY public."Farmer" DROP CONSTRAINT IF EXISTS "Farmer_pkey";
ALTER TABLE IF EXISTS public."Variety" ALTER COLUMN id DROP DEFAULT;
ALTER TABLE IF EXISTS public."User" ALTER COLUMN id DROP DEFAULT;
ALTER TABLE IF EXISTS public."StockRelease" ALTER COLUMN id DROP DEFAULT;
ALTER TABLE IF EXISTS public."Stock" ALTER COLUMN id DROP DEFAULT;
ALTER TABLE IF EXISTS public."ProducerGroup" ALTER COLUMN id DROP DEFAULT;
ALTER TABLE IF EXISTS public."MillingOutputPackage" ALTER COLUMN id DROP DEFAULT;
ALTER TABLE IF EXISTS public."MillingBatch" ALTER COLUMN id DROP DEFAULT;
ALTER TABLE IF EXISTS public."Farmer" ALTER COLUMN id DROP DEFAULT;
DROP TABLE IF EXISTS public._prisma_migrations;
DROP SEQUENCE IF EXISTS public."Variety_id_seq";
DROP TABLE IF EXISTS public."Variety";
DROP SEQUENCE IF EXISTS public."User_id_seq";
DROP TABLE IF EXISTS public."User";
DROP SEQUENCE IF EXISTS public."Stock_id_seq";
DROP SEQUENCE IF EXISTS public."StockRelease_id_seq";
DROP TABLE IF EXISTS public."StockRelease";
DROP TABLE IF EXISTS public."Stock";
DROP SEQUENCE IF EXISTS public."ProducerGroup_id_seq";
DROP TABLE IF EXISTS public."ProducerGroup";
DROP SEQUENCE IF EXISTS public."MillingOutputPackage_id_seq";
DROP TABLE IF EXISTS public."MillingOutputPackage";
DROP SEQUENCE IF EXISTS public."MillingBatch_id_seq";
DROP TABLE IF EXISTS public."MillingBatch";
DROP SEQUENCE IF EXISTS public."Farmer_id_seq";
DROP TABLE IF EXISTS public."Farmer";
-- *not* dropping schema, since initdb creates it
--
-- Name: public; Type: SCHEMA; Schema: -; Owner: neondb_owner
--

-- *not* creating schema, since initdb creates it


ALTER SCHEMA public OWNER TO neondb_owner;

--
-- Name: SCHEMA public; Type: COMMENT; Schema: -; Owner: neondb_owner
--

COMMENT ON SCHEMA public IS '';


SET default_tablespace = '';

SET default_table_access_method = heap;

--
-- Name: Farmer; Type: TABLE; Schema: public; Owner: neondb_owner
--

CREATE TABLE public."Farmer" (
    id integer NOT NULL,
    name text NOT NULL,
    phone text,
    "createdAt" timestamp(3) without time zone DEFAULT CURRENT_TIMESTAMP NOT NULL,
    "updatedAt" timestamp(3) without time zone NOT NULL,
    "farmerNo" text,
    "groupId" integer,
    items text
);


ALTER TABLE public."Farmer" OWNER TO neondb_owner;

--
-- Name: Farmer_id_seq; Type: SEQUENCE; Schema: public; Owner: neondb_owner
--

CREATE SEQUENCE public."Farmer_id_seq"
    AS integer
    START WITH 1
    INCREMENT BY 1
    NO MINVALUE
    NO MAXVALUE
    CACHE 1;


ALTER SEQUENCE public."Farmer_id_seq" OWNER TO neondb_owner;

--
-- Name: Farmer_id_seq; Type: SEQUENCE OWNED BY; Schema: public; Owner: neondb_owner
--

ALTER SEQUENCE public."Farmer_id_seq" OWNED BY public."Farmer".id;


--
-- Name: MillingBatch; Type: TABLE; Schema: public; Owner: neondb_owner
--

CREATE TABLE public."MillingBatch" (
    id integer NOT NULL,
    date timestamp(3) without time zone DEFAULT CURRENT_TIMESTAMP NOT NULL,
    "millingType" text DEFAULT '백미'::text NOT NULL,
    remarks text,
    "totalInputKg" double precision NOT NULL,
    "isClosed" boolean DEFAULT false NOT NULL,
    "createdAt" timestamp(3) without time zone DEFAULT CURRENT_TIMESTAMP NOT NULL,
    "updatedAt" timestamp(3) without time zone NOT NULL
);


ALTER TABLE public."MillingBatch" OWNER TO neondb_owner;

--
-- Name: MillingBatch_id_seq; Type: SEQUENCE; Schema: public; Owner: neondb_owner
--

CREATE SEQUENCE public."MillingBatch_id_seq"
    AS integer
    START WITH 1
    INCREMENT BY 1
    NO MINVALUE
    NO MAXVALUE
    CACHE 1;


ALTER SEQUENCE public."MillingBatch_id_seq" OWNER TO neondb_owner;

--
-- Name: MillingBatch_id_seq; Type: SEQUENCE OWNED BY; Schema: public; Owner: neondb_owner
--

ALTER SEQUENCE public."MillingBatch_id_seq" OWNED BY public."MillingBatch".id;


--
-- Name: MillingOutputPackage; Type: TABLE; Schema: public; Owner: neondb_owner
--

CREATE TABLE public."MillingOutputPackage" (
    id integer NOT NULL,
    "batchId" integer NOT NULL,
    "packageType" text NOT NULL,
    "weightPerUnit" double precision NOT NULL,
    count integer NOT NULL,
    "totalWeight" double precision NOT NULL,
    "productCode" text,
    "lotNo" text,
    "createdAt" timestamp(3) without time zone DEFAULT CURRENT_TIMESTAMP NOT NULL,
    "updatedAt" timestamp(3) without time zone NOT NULL
);


ALTER TABLE public."MillingOutputPackage" OWNER TO neondb_owner;

--
-- Name: MillingOutputPackage_id_seq; Type: SEQUENCE; Schema: public; Owner: neondb_owner
--

CREATE SEQUENCE public."MillingOutputPackage_id_seq"
    AS integer
    START WITH 1
    INCREMENT BY 1
    NO MINVALUE
    NO MAXVALUE
    CACHE 1;


ALTER SEQUENCE public."MillingOutputPackage_id_seq" OWNER TO neondb_owner;

--
-- Name: MillingOutputPackage_id_seq; Type: SEQUENCE OWNED BY; Schema: public; Owner: neondb_owner
--

ALTER SEQUENCE public."MillingOutputPackage_id_seq" OWNED BY public."MillingOutputPackage".id;


--
-- Name: ProducerGroup; Type: TABLE; Schema: public; Owner: neondb_owner
--

CREATE TABLE public."ProducerGroup" (
    id integer NOT NULL,
    code text NOT NULL,
    name text NOT NULL,
    "certType" text NOT NULL,
    "certNo" text NOT NULL,
    "cropYear" integer NOT NULL,
    "createdAt" timestamp(3) without time zone DEFAULT CURRENT_TIMESTAMP NOT NULL,
    "updatedAt" timestamp(3) without time zone NOT NULL
);


ALTER TABLE public."ProducerGroup" OWNER TO neondb_owner;

--
-- Name: ProducerGroup_id_seq; Type: SEQUENCE; Schema: public; Owner: neondb_owner
--

CREATE SEQUENCE public."ProducerGroup_id_seq"
    AS integer
    START WITH 1
    INCREMENT BY 1
    NO MINVALUE
    NO MAXVALUE
    CACHE 1;


ALTER SEQUENCE public."ProducerGroup_id_seq" OWNER TO neondb_owner;

--
-- Name: ProducerGroup_id_seq; Type: SEQUENCE OWNED BY; Schema: public; Owner: neondb_owner
--

ALTER SEQUENCE public."ProducerGroup_id_seq" OWNED BY public."ProducerGroup".id;


--
-- Name: Stock; Type: TABLE; Schema: public; Owner: neondb_owner
--

CREATE TABLE public."Stock" (
    id integer NOT NULL,
    "bagNo" integer NOT NULL,
    "varietyId" integer NOT NULL,
    "incomingDate" timestamp(3) without time zone DEFAULT CURRENT_TIMESTAMP NOT NULL,
    "productionYear" integer DEFAULT 2024 NOT NULL,
    "weightKg" double precision NOT NULL,
    status text NOT NULL,
    "batchId" integer,
    "createdAt" timestamp(3) without time zone DEFAULT CURRENT_TIMESTAMP NOT NULL,
    "updatedAt" timestamp(3) without time zone NOT NULL,
    "farmerId" integer NOT NULL,
    "lotNo" text,
    "releaseId" integer
);


ALTER TABLE public."Stock" OWNER TO neondb_owner;

--
-- Name: StockRelease; Type: TABLE; Schema: public; Owner: neondb_owner
--

CREATE TABLE public."StockRelease" (
    id integer NOT NULL,
    date timestamp(3) without time zone NOT NULL,
    destination text NOT NULL,
    purpose text,
    "createdAt" timestamp(3) without time zone DEFAULT CURRENT_TIMESTAMP NOT NULL,
    "updatedAt" timestamp(3) without time zone NOT NULL
);


ALTER TABLE public."StockRelease" OWNER TO neondb_owner;

--
-- Name: StockRelease_id_seq; Type: SEQUENCE; Schema: public; Owner: neondb_owner
--

CREATE SEQUENCE public."StockRelease_id_seq"
    AS integer
    START WITH 1
    INCREMENT BY 1
    NO MINVALUE
    NO MAXVALUE
    CACHE 1;


ALTER SEQUENCE public."StockRelease_id_seq" OWNER TO neondb_owner;

--
-- Name: StockRelease_id_seq; Type: SEQUENCE OWNED BY; Schema: public; Owner: neondb_owner
--

ALTER SEQUENCE public."StockRelease_id_seq" OWNED BY public."StockRelease".id;


--
-- Name: Stock_id_seq; Type: SEQUENCE; Schema: public; Owner: neondb_owner
--

CREATE SEQUENCE public."Stock_id_seq"
    AS integer
    START WITH 1
    INCREMENT BY 1
    NO MINVALUE
    NO MAXVALUE
    CACHE 1;


ALTER SEQUENCE public."Stock_id_seq" OWNER TO neondb_owner;

--
-- Name: Stock_id_seq; Type: SEQUENCE OWNED BY; Schema: public; Owner: neondb_owner
--

ALTER SEQUENCE public."Stock_id_seq" OWNED BY public."Stock".id;


--
-- Name: User; Type: TABLE; Schema: public; Owner: neondb_owner
--

CREATE TABLE public."User" (
    id integer NOT NULL,
    username text NOT NULL,
    password text NOT NULL,
    name text NOT NULL,
    department text,
    "position" text,
    phone text,
    role text DEFAULT 'USER'::text NOT NULL,
    "createdAt" timestamp(3) without time zone DEFAULT CURRENT_TIMESTAMP NOT NULL,
    "updatedAt" timestamp(3) without time zone NOT NULL
);


ALTER TABLE public."User" OWNER TO neondb_owner;

--
-- Name: User_id_seq; Type: SEQUENCE; Schema: public; Owner: neondb_owner
--

CREATE SEQUENCE public."User_id_seq"
    AS integer
    START WITH 1
    INCREMENT BY 1
    NO MINVALUE
    NO MAXVALUE
    CACHE 1;


ALTER SEQUENCE public."User_id_seq" OWNER TO neondb_owner;

--
-- Name: User_id_seq; Type: SEQUENCE OWNED BY; Schema: public; Owner: neondb_owner
--

ALTER SEQUENCE public."User_id_seq" OWNED BY public."User".id;


--
-- Name: Variety; Type: TABLE; Schema: public; Owner: neondb_owner
--

CREATE TABLE public."Variety" (
    id integer NOT NULL,
    name text NOT NULL,
    type text NOT NULL,
    "createdAt" timestamp(3) without time zone DEFAULT CURRENT_TIMESTAMP NOT NULL,
    "updatedAt" timestamp(3) without time zone NOT NULL
);


ALTER TABLE public."Variety" OWNER TO neondb_owner;

--
-- Name: Variety_id_seq; Type: SEQUENCE; Schema: public; Owner: neondb_owner
--

CREATE SEQUENCE public."Variety_id_seq"
    AS integer
    START WITH 1
    INCREMENT BY 1
    NO MINVALUE
    NO MAXVALUE
    CACHE 1;


ALTER SEQUENCE public."Variety_id_seq" OWNER TO neondb_owner;

--
-- Name: Variety_id_seq; Type: SEQUENCE OWNED BY; Schema: public; Owner: neondb_owner
--

ALTER SEQUENCE public."Variety_id_seq" OWNED BY public."Variety".id;


--
-- Name: _prisma_migrations; Type: TABLE; Schema: public; Owner: neondb_owner
--

CREATE TABLE public._prisma_migrations (
    id character varying(36) NOT NULL,
    checksum character varying(64) NOT NULL,
    finished_at timestamp with time zone,
    migration_name character varying(255) NOT NULL,
    logs text,
    rolled_back_at timestamp with time zone,
    started_at timestamp with time zone DEFAULT now() NOT NULL,
    applied_steps_count integer DEFAULT 0 NOT NULL
);


ALTER TABLE public._prisma_migrations OWNER TO neondb_owner;

--
-- Name: Farmer id; Type: DEFAULT; Schema: public; Owner: neondb_owner
--

ALTER TABLE ONLY public."Farmer" ALTER COLUMN id SET DEFAULT nextval('public."Farmer_id_seq"'::regclass);


--
-- Name: MillingBatch id; Type: DEFAULT; Schema: public; Owner: neondb_owner
--

ALTER TABLE ONLY public."MillingBatch" ALTER COLUMN id SET DEFAULT nextval('public."MillingBatch_id_seq"'::regclass);


--
-- Name: MillingOutputPackage id; Type: DEFAULT; Schema: public; Owner: neondb_owner
--

ALTER TABLE ONLY public."MillingOutputPackage" ALTER COLUMN id SET DEFAULT nextval('public."MillingOutputPackage_id_seq"'::regclass);


--
-- Name: ProducerGroup id; Type: DEFAULT; Schema: public; Owner: neondb_owner
--

ALTER TABLE ONLY public."ProducerGroup" ALTER COLUMN id SET DEFAULT nextval('public."ProducerGroup_id_seq"'::regclass);


--
-- Name: Stock id; Type: DEFAULT; Schema: public; Owner: neondb_owner
--

ALTER TABLE ONLY public."Stock" ALTER COLUMN id SET DEFAULT nextval('public."Stock_id_seq"'::regclass);


--
-- Name: StockRelease id; Type: DEFAULT; Schema: public; Owner: neondb_owner
--

ALTER TABLE ONLY public."StockRelease" ALTER COLUMN id SET DEFAULT nextval('public."StockRelease_id_seq"'::regclass);


--
-- Name: User id; Type: DEFAULT; Schema: public; Owner: neondb_owner
--

ALTER TABLE ONLY public."User" ALTER COLUMN id SET DEFAULT nextval('public."User_id_seq"'::regclass);


--
-- Name: Variety id; Type: DEFAULT; Schema: public; Owner: neondb_owner
--

ALTER TABLE ONLY public."Variety" ALTER COLUMN id SET DEFAULT nextval('public."Variety_id_seq"'::regclass);


--
-- Data for Name: Farmer; Type: TABLE DATA; Schema: public; Owner: neondb_owner
--

COPY public."Farmer" (id, name, phone, "createdAt", "updatedAt", "farmerNo", "groupId", items) FROM stdin;
28	윤영식	\N	2026-02-05 06:38:01.763	2026-02-05 06:38:01.763	1	16	차조,기장,녹두,서목태,수수,율무,참깨
29	박태일	\N	2026-02-05 06:38:01.784	2026-02-05 06:38:01.784	1	17	흰찰보리,기장
30	김종원	\N	2026-02-05 06:38:01.796	2026-02-05 06:38:01.796	1	18	흰찰보리
31	김영관	\N	2026-02-05 06:38:01.804	2026-02-05 06:38:01.804	2	18	\N
32	김재희	\N	2026-02-05 06:38:01.815	2026-02-05 06:38:01.815	3	18	\N
33	박광님	\N	2026-02-05 06:38:01.822	2026-02-05 06:38:01.822	4	18	\N
34	박준성	\N	2026-02-05 06:38:01.83	2026-02-05 06:38:01.83	5	18	\N
35	박준호	\N	2026-02-05 06:38:01.838	2026-02-05 06:38:01.838	6	18	\N
36	박평환	\N	2026-02-05 06:38:01.846	2026-02-05 06:38:01.846	7	18	\N
37	신행임	\N	2026-02-05 06:38:01.855	2026-02-05 06:38:01.855	8	18	\N
38	이춘순	\N	2026-02-05 06:38:01.863	2026-02-05 06:38:01.863	9	18	\N
39	민홍준	\N	2026-02-05 06:38:01.874	2026-02-05 06:38:01.874	1	19	\N
40	박태일	\N	2026-02-05 06:38:01.885	2026-02-05 06:38:01.885	1	20	귀리,검정보리
41	이평식	\N	2026-02-05 06:38:01.896	2026-02-05 06:38:01.896	1	21	귀리
42	강인석	\N	2026-02-05 06:38:01.906	2026-02-05 06:38:01.906	1	22	\N
43	임영섭	\N	2026-02-05 06:38:01.917	2026-02-05 06:38:01.917	1	23	\N
44	이형상	\N	2026-02-05 06:38:01.925	2026-02-05 06:38:01.925	2	23	\N
45	김부진	\N	2026-02-05 06:38:01.933	2026-02-05 06:38:01.933	3	23	\N
46	박경삼	\N	2026-02-05 06:38:01.941	2026-02-05 06:38:01.941	4	23	\N
47	진수철	\N	2026-02-05 06:38:01.949	2026-02-05 06:38:01.949	5	23	\N
48	이형상	\N	2026-02-05 06:38:01.96	2026-02-05 06:38:01.96	1	24	\N
49	김무현	\N	2026-02-05 06:38:01.971	2026-02-05 06:38:01.971	1	25	\N
50	김무현	\N	2026-02-05 06:38:01.982	2026-02-05 06:38:01.982	1	26	\N
51	오치백	\N	2026-02-05 06:38:01.993	2026-02-05 06:38:01.993	1	27	\N
52	오치백	\N	2026-02-05 06:38:02.003	2026-02-05 06:38:02.003	1	28	\N
53	박경삼	\N	2026-02-05 06:38:02.014	2026-02-05 06:38:02.014	1	29	\N
54	김부진	\N	2026-02-05 06:38:02.026	2026-02-05 06:38:02.026	1	30	\N
55	임영섭	\N	2026-02-05 06:38:02.036	2026-02-05 06:38:02.036	1	31	\N
56	강형구	\N	2026-02-05 06:38:02.047	2026-02-05 06:38:02.047	1	32	\N
57	강형구	\N	2026-02-05 06:38:02.057	2026-02-05 06:38:02.057	1	33	\N
58	민석홍	\N	2026-02-05 06:38:02.068	2026-02-05 06:38:02.068	1	34	\N
59	최길순	\N	2026-02-05 06:38:02.079	2026-02-05 06:38:02.079	1	35	\N
60	최길순	\N	2026-02-05 06:38:02.089	2026-02-05 06:38:02.089	1	36	\N
61	이승관	\N	2026-02-05 06:38:02.1	2026-02-05 06:38:02.1	1	37	\N
62	이규종	\N	2026-02-05 06:38:02.112	2026-02-05 06:38:02.112	1	38	\N
63	박장수	\N	2026-02-05 06:38:02.122	2026-02-05 06:38:02.122	1	39	\N
64	김장옥	\N	2026-02-05 06:38:02.131	2026-02-05 06:38:02.131	2	39	\N
65	박선하	\N	2026-02-05 06:38:02.139	2026-02-05 06:38:02.139	3	39	\N
66	박영섭	\N	2026-02-05 06:38:02.147	2026-02-05 06:38:02.147	4	39	\N
67	박주광	\N	2026-02-05 06:38:02.155	2026-02-05 06:38:02.155	5	39	\N
68	박정숙	\N	2026-02-05 06:38:02.163	2026-02-05 06:38:02.163	6	39	\N
69	임정옥	\N	2026-02-05 06:38:02.172	2026-02-05 06:38:02.172	7	39	\N
70	박정숙	\N	2026-02-05 06:38:02.182	2026-02-05 06:38:02.182	1	40	\N
71	박주광	\N	2026-02-05 06:38:02.192	2026-02-05 06:38:02.192	1	41	\N
72	박장수	\N	2026-02-05 06:38:02.203	2026-02-05 06:38:02.203	1	42	\N
73	이관	\N	2026-02-05 06:38:02.214	2026-02-05 06:38:02.214	1	43	\N
74	신승철	\N	2026-02-05 06:38:02.225	2026-02-05 06:38:02.225	1	44	\N
75	김종수	\N	2026-02-05 06:38:02.236	2026-02-05 06:38:02.236	1	45	\N
76	박천환	\N	2026-02-05 06:38:02.246	2026-02-05 06:38:02.246	1	46	\N
77	김재관	\N	2026-02-05 06:38:02.27	2026-02-05 06:38:02.27	1	47	\N
78	김재관	\N	2026-02-05 06:38:02.282	2026-02-05 06:38:02.282	1	48	\N
79	고금화	\N	2026-02-05 06:38:02.293	2026-02-05 06:38:02.293	1	49	\N
80	오점기	\N	2026-02-05 06:38:02.301	2026-02-05 06:38:02.301	2	49	\N
81	박병철	\N	2026-02-05 06:38:02.309	2026-02-05 06:38:02.309	3	49	\N
82	남명임	\N	2026-02-05 06:38:02.316	2026-02-05 06:38:02.316	4	49	\N
83	박정주	\N	2026-02-05 06:38:02.324	2026-02-05 06:38:02.324	5	49	\N
84	김영준	\N	2026-02-05 06:38:02.336	2026-02-05 06:38:02.336	1	50	\N
85	임승원	\N	2026-02-05 06:38:02.346	2026-02-05 06:38:02.346	1	51	\N
86	서승애	\N	2026-02-05 06:38:02.356	2026-02-05 06:38:02.356	1	52	\N
87	윤병옥	\N	2026-02-05 06:38:02.366	2026-02-05 06:38:02.366	1	53	\N
88	김대환	\N	2026-02-05 06:38:02.376	2026-02-05 06:38:02.376	1	54	\N
89	강옥순	\N	2026-02-05 06:38:02.388	2026-02-05 06:38:02.388	1	55	\N
90	곽해용	\N	2026-02-05 06:38:02.396	2026-02-05 06:38:02.396	2	55	\N
91	김용실	\N	2026-02-05 06:38:02.404	2026-02-05 06:38:02.404	3	55	\N
92	박도규	\N	2026-02-05 06:38:02.411	2026-02-05 06:38:02.411	4	55	\N
93	김진옥	\N	2026-02-05 06:38:02.419	2026-02-05 06:38:02.419	5	55	\N
94	민경전	\N	2026-02-05 06:38:02.427	2026-02-05 06:38:02.427	6	55	\N
95	민병전	\N	2026-02-05 06:38:02.434	2026-02-05 06:38:02.434	7	55	\N
96	민기석	\N	2026-02-05 06:38:02.443	2026-02-05 06:38:02.443	8	55	\N
97	민일기	\N	2026-02-05 06:38:02.451	2026-02-05 06:38:02.451	9	55	\N
98	민진홍	\N	2026-02-05 06:38:02.459	2026-02-05 06:38:02.459	10	55	\N
99	민홍준	\N	2026-02-05 06:38:02.467	2026-02-05 06:38:02.467	11	55	\N
100	박병규	\N	2026-02-05 06:38:02.475	2026-02-05 06:38:02.475	12	55	\N
101	박병철	\N	2026-02-05 06:38:02.483	2026-02-05 06:38:02.483	13	55	\N
102	박봉수	\N	2026-02-05 06:38:02.49	2026-02-05 06:38:02.49	14	55	\N
103	박세현	\N	2026-02-05 06:38:02.498	2026-02-05 06:38:02.498	15	55	\N
104	박정숙	\N	2026-02-05 06:38:02.506	2026-02-05 06:38:02.506	16	55	\N
105	박준호	\N	2026-02-05 06:38:02.513	2026-02-05 06:38:02.513	17	55	\N
106	박지훈	\N	2026-02-05 06:38:02.521	2026-02-05 06:38:02.521	18	55	\N
107	박창석	\N	2026-02-05 06:38:02.53	2026-02-05 06:38:02.53	19	55	\N
108	박홍근	\N	2026-02-05 06:38:02.538	2026-02-05 06:38:02.538	20	55	\N
109	서상우	\N	2026-02-05 06:38:02.546	2026-02-05 06:38:02.546	21	55	\N
110	오영임	\N	2026-02-05 06:38:02.553	2026-02-05 06:38:02.553	22	55	\N
111	윤재영	\N	2026-02-05 06:38:02.561	2026-02-05 06:38:02.561	23	55	\N
112	윤건하	\N	2026-02-05 06:38:02.571	2026-02-05 06:38:02.571	24	55	\N
113	윤희수	\N	2026-02-05 06:38:02.579	2026-02-05 06:38:02.579	25	55	\N
114	이경석	\N	2026-02-05 06:38:02.587	2026-02-05 06:38:02.587	26	55	\N
115	이광용	\N	2026-02-05 06:38:02.595	2026-02-05 06:38:02.595	27	55	\N
116	이만배	\N	2026-02-05 06:38:02.603	2026-02-05 06:38:02.603	28	55	\N
117	이안규	\N	2026-02-05 06:38:02.61	2026-02-05 06:38:02.61	29	55	\N
118	이용완	\N	2026-02-05 06:38:02.621	2026-02-05 06:38:02.621	30	55	\N
119	이장수	\N	2026-02-05 06:38:02.629	2026-02-05 06:38:02.629	31	55	\N
120	이진현	\N	2026-02-05 06:38:02.636	2026-02-05 06:38:02.636	32	55	\N
121	임정인	\N	2026-02-05 06:38:02.644	2026-02-05 06:38:02.644	33	55	\N
122	장웅	\N	2026-02-05 06:38:02.653	2026-02-05 06:38:02.653	34	55	\N
123	정민옥	\N	2026-02-05 06:38:02.66	2026-02-05 06:38:02.66	35	55	\N
124	조경숙	\N	2026-02-05 06:38:02.668	2026-02-05 06:38:02.668	36	55	\N
125	최의정	\N	2026-02-05 06:38:02.676	2026-02-05 06:38:02.676	37	55	\N
126	하재선	\N	2026-02-05 06:38:02.684	2026-02-05 06:38:02.684	38	55	\N
127	이양구	\N	2026-02-05 06:38:02.693	2026-02-05 06:38:02.693	39	55	\N
128	박규도	\N	2026-02-05 06:38:02.7	2026-02-05 06:38:02.7	40	55	\N
129	박병규	\N	2026-02-05 06:38:02.711	2026-02-05 06:38:02.711	1	56	\N
130	한대만	\N	2026-02-05 06:38:02.721	2026-02-05 06:38:02.721	1	57	\N
131	최정현	\N	2026-02-05 06:38:02.732	2026-02-05 06:38:02.732	1	58	\N
132	박영두	\N	2026-02-05 06:38:02.743	2026-02-05 06:38:02.743	1	59	\N
133	정상배	\N	2026-02-05 06:38:02.754	2026-02-05 06:38:02.754	1	60	\N
134	강인석	\N	2026-02-05 06:38:02.764	2026-02-05 06:38:02.764	1	61	\N
135	윤건하	\N	2026-02-05 06:38:02.774	2026-02-05 06:38:02.774	1	62	\N
136	이정곤	\N	2026-02-05 06:38:02.785	2026-02-05 06:38:02.785	1	63	\N
137	박오주	\N	2026-02-05 06:38:02.795	2026-02-05 06:38:02.795	1	64	\N
138	박규현	\N	2026-02-05 06:38:02.804	2026-02-05 06:38:02.804	2	64	\N
139	민창배	\N	2026-02-05 06:38:02.815	2026-02-05 06:38:02.815	1	65	\N
140	김형재	\N	2026-02-05 06:38:02.823	2026-02-05 06:38:02.823	2	65	\N
141	김안순	\N	2026-02-05 06:38:02.831	2026-02-05 06:38:02.831	3	65	\N
142	김해경	\N	2026-02-05 06:38:02.838	2026-02-05 06:38:02.838	4	65	\N
143	임채만	\N	2026-02-05 06:38:02.848	2026-02-05 06:38:02.848	1	66	\N
144	박선하	\N	2026-02-05 06:38:02.858	2026-02-05 06:38:02.858	1	67	\N
145	박주광	\N	2026-02-05 06:38:02.866	2026-02-05 06:38:02.866	2	67	\N
146	오윤희	\N	2026-02-05 06:38:02.874	2026-02-05 06:38:02.874	3	67	\N
147	임정옥	\N	2026-02-05 06:38:02.882	2026-02-05 06:38:02.882	4	67	\N
148	방형재	\N	2026-02-05 06:38:02.894	2026-02-05 06:38:02.894	1	68	\N
149	김종수	\N	2026-02-05 06:38:02.904	2026-02-05 06:38:02.904	1	69	\N
150	강인석	\N	2026-02-05 06:38:02.915	2026-02-05 06:38:02.915	1	70	\N
151	박태일	\N	2026-02-05 06:38:02.925	2026-02-05 06:38:02.925	1	71	\N
152	이순자	\N	2026-02-05 06:38:02.935	2026-02-05 06:38:02.935	1	72	\N
153	이순자	\N	2026-02-05 06:38:02.945	2026-02-05 06:38:02.945	1	73	\N
154	이선화	\N	2026-02-05 06:38:02.956	2026-02-05 06:38:02.956	1	74	\N
155	박해령	\N	2026-02-05 06:38:02.966	2026-02-05 06:38:02.966	1	75	\N
156	민동원	\N	2026-02-05 06:38:02.977	2026-02-05 06:38:02.977	1	76	\N
157	임정옥	\N	2026-02-05 06:38:02.987	2026-02-05 06:38:02.987	1	77	2025차조
158	윤건하	\N	2026-02-05 06:38:02.998	2026-02-05 06:38:02.998	1	78	2025차조-진도다올출고
159	민경택	\N	2026-02-05 06:38:03.008	2026-02-05 06:38:03.008	1	79	2025차조-진도다올출고
160	윤영식	\N	2026-02-05 06:38:03.019	2026-02-05 06:38:03.019	1	80	차조,기장,녹두,서목태,수수,율무,참깨
161	박태일	\N	2026-02-05 06:38:03.029	2026-02-05 06:38:03.029	1	81	흰찰보리,귀리
162	김종원	\N	2026-02-05 06:38:03.04	2026-02-05 06:38:03.04	1	82	흰찰보리
163	김길택	\N	2026-02-05 06:38:03.047	2026-02-05 06:38:03.047	2	82	\N
164	김재희	\N	2026-02-05 06:38:03.055	2026-02-05 06:38:03.055	3	82	\N
165	박광님	\N	2026-02-05 06:38:03.063	2026-02-05 06:38:03.063	4	82	\N
166	박준성	\N	2026-02-05 06:38:03.071	2026-02-05 06:38:03.071	5	82	\N
167	박준호	\N	2026-02-05 06:38:03.079	2026-02-05 06:38:03.079	6	82	\N
168	박평환	\N	2026-02-05 06:38:03.087	2026-02-05 06:38:03.087	7	82	\N
169	신행임	\N	2026-02-05 06:38:03.095	2026-02-05 06:38:03.095	8	82	\N
170	이춘순	\N	2026-02-05 06:38:03.103	2026-02-05 06:38:03.103	9	82	\N
171	민진홍	\N	2026-02-05 06:38:03.113	2026-02-05 06:38:03.113	1	83	검정보리
172	민홍준	\N	2026-02-05 06:38:03.121	2026-02-05 06:38:03.121	2	83	\N
173	박태일	\N	2026-02-05 06:38:03.129	2026-02-05 06:38:03.129	3	83	귀리,검정보리
174	이순자	\N	2026-02-05 06:38:03.138	2026-02-05 06:38:03.138	4	83	검정보리
175	이평식	\N	2026-02-05 06:38:03.147	2026-02-05 06:38:03.147	5	83	귀리
176	윤영태	\N	2026-02-05 06:50:11.106	2026-02-05 06:50:11.106	1	84	\N
177	박경남	\N	2026-02-05 06:50:38.95	2026-02-05 06:50:38.95	2	84	\N
178	정상필	\N	2026-02-05 06:51:00.495	2026-02-05 06:51:00.495	3	84	\N
179	김현민	\N	2026-02-05 06:51:22.826	2026-02-05 06:51:22.826	4	84	\N
180	강양돌	\N	2026-02-05 06:51:43.473	2026-02-05 06:51:43.473	5	84	\N
181	이형록	\N	2026-02-05 06:52:02.085	2026-02-05 06:52:02.085	6	84	\N
182	김병욱	\N	2026-02-05 08:37:10.183	2026-02-05 08:37:10.183	7	84	\N
183	박병규	\N	2026-02-05 08:37:36.68	2026-02-05 08:37:36.68	8	84	\N
184	임채만	\N	2026-02-05 08:38:12.104	2026-02-05 08:38:12.104	9	84	\N
185	임정배	\N	2026-02-05 08:38:39.421	2026-02-05 08:38:39.421	10	84	\N
186	오병석	\N	2026-02-05 08:38:59.336	2026-02-05 08:38:59.336	11	84	\N
187	이오례	\N	2026-02-05 08:39:19.022	2026-02-05 08:39:19.022	12	84	\N
188	임병율	\N	2026-02-05 08:39:50.404	2026-02-05 08:39:50.404	13	84	\N
189	박병삼	\N	2026-02-05 08:40:15.597	2026-02-05 08:40:15.597	14	84	\N
190	이승관	\N	2026-02-05 08:40:34.441	2026-02-05 08:40:34.441	15	84	\N
191	이형조	\N	2026-02-05 08:40:52.763	2026-02-05 08:40:52.763	16	84	\N
192	김동언	\N	2026-02-05 08:41:24.736	2026-02-05 08:41:24.736	17	84	\N
193	곽병규	\N	2026-02-05 08:41:45.248	2026-02-05 08:41:45.248	18	84	\N
194	조광연	\N	2026-02-05 08:42:05.305	2026-02-05 08:42:05.305	19	84	\N
195	강순심	\N	2026-02-05 08:42:36.369	2026-02-05 08:42:36.369	20	84	\N
196	강복례	\N	2026-02-05 08:42:54.029	2026-02-05 08:42:54.029	21	84	\N
197	최정현	\N	2026-02-05 08:43:25.111	2026-02-05 08:43:25.111	22	84	\N
198	윤영식	\N	2026-02-06 02:40:31.559	2026-02-06 02:40:31.559	99	84	\N
199	방시명	010-3006-6272	2026-02-23 08:30:57.708	2026-02-23 08:30:57.708	30	84	벼
\.


--
-- Data for Name: MillingBatch; Type: TABLE DATA; Schema: public; Owner: neondb_owner
--

COPY public."MillingBatch" (id, date, "millingType", remarks, "totalInputKg", "isClosed", "createdAt", "updatedAt") FROM stdin;
4	2026-01-09 00:00:00	백미	노벨	1802	t	2026-02-10 11:21:20.619	2026-02-13 02:09:16.256
47	2025-11-24 00:00:00	백미	민슬리	12073	t	2026-02-20 01:53:05.918	2026-02-23 05:55:48.597
12	2026-01-06 00:00:00	백미		31383	t	2026-02-11 06:31:20.367	2026-02-23 02:57:48.168
6	2026-01-08 00:00:00	백미		17179	t	2026-02-11 01:17:08.122	2026-02-13 02:45:47.233
9	2026-01-06 00:00:00	현미		1609	t	2026-02-11 01:30:55.116	2026-02-13 02:50:24.624
40	2025-11-18 00:00:00	백미	프론티어	5520	t	2026-02-19 07:28:54.876	2026-02-23 05:42:22.166
13	2025-10-20 00:00:00	백미		3212	t	2026-02-13 04:24:09.648	2026-02-23 04:14:04.377
26	2025-11-10 00:00:00	칠분도미		805	t	2026-02-13 05:49:15.828	2026-02-23 05:23:46.971
14	2025-10-22 00:00:00	현미	발아현미	1607	t	2026-02-13 04:52:14.798	2026-02-23 04:17:22.365
16	2025-10-23 00:00:00	백미		4015	t	2026-02-13 05:10:31.173	2026-02-23 04:20:21.696
39	2025-10-23 00:00:00	백미		2174	t	2026-02-19 05:47:43.466	2026-02-23 04:23:33.599
15	2025-10-23 00:00:00	백미		4818	t	2026-02-13 04:54:03.785	2026-02-23 04:26:24.107
5	2026-01-09 00:00:00	백미		8263	t	2026-02-11 01:03:50.936	2026-02-20 06:23:45.462
38	2025-10-23 00:00:00	현미		762	t	2026-02-19 05:46:18.489	2026-02-23 04:27:14.861
86	2025-11-03 00:00:00	백미		1626	t	2026-02-23 05:09:46.552	2026-02-23 05:10:51.951
17	2025-10-27 00:00:00	백미		3212	t	2026-02-13 05:17:52.823	2026-02-23 04:30:13.555
18	2025-10-28 00:00:00	백미		3201	t	2026-02-13 05:22:04.957	2026-02-23 04:31:42.836
19	2025-10-29 00:00:00	백미		8031	t	2026-02-13 05:24:23.026	2026-02-23 04:33:15.774
20	2025-10-30 00:00:00	백미	뉴프론티어, 24년 땅끝천지향 5tb 포함.	2409	t	2026-02-13 05:29:19.226	2026-02-23 04:38:55.535
27	2025-11-10 00:00:00	백미		1703	t	2026-02-13 05:57:57.863	2026-02-23 05:24:47.476
28	2025-11-10 00:00:00	백미		1604	t	2026-02-13 05:58:51.474	2026-02-23 05:25:16.655
29	2025-11-11 00:00:00	백미		2806	t	2026-02-13 06:00:05.369	2026-02-23 05:26:24.613
80	2025-10-30 00:00:00	백미	재고 쌀 투입	16850	t	2026-02-20 05:52:30.433	2026-02-23 05:12:03.132
30	2025-11-11 00:00:00	백미	뉴프론티어	8045	t	2026-02-13 06:03:59.657	2026-02-23 05:29:33.557
22	2025-11-04 00:00:00	백미	\N	7230	t	2026-02-13 05:32:57.226	2026-02-23 05:19:28.813
23	2025-11-05 00:00:00	백미	이마트행사	42049	t	2026-02-13 05:43:39.38	2026-02-23 05:20:51.132
24	2025-11-07 00:00:00	현미		1604	t	2026-02-13 05:45:07.333	2026-02-23 05:21:38.286
37	2025-11-19 00:00:00	백미	노벨	1918	t	2026-02-19 04:57:55.58	2026-02-23 05:42:58.387
41	2025-11-20 00:00:00	백미		4008	t	2026-02-19 07:33:07.865	2026-02-23 05:43:40.327
31	2025-11-12 00:00:00	백미	뉴프론티어	8463	t	2026-02-13 06:11:26.845	2026-02-23 05:30:42.589
32	2025-11-13 00:00:00	백미		3217	t	2026-02-13 06:18:45.635	2026-02-23 05:32:34.5
67	2025-11-17 00:00:00	백미	\N	1620	t	2026-02-20 05:10:40.72	2026-02-23 05:39:33.771
68	2025-11-17 00:00:00	현미	\N	981	t	2026-02-20 05:15:12.572	2026-02-23 05:39:51.578
35	2025-11-18 00:00:00	백미		1600	t	2026-02-13 06:50:30.258	2026-02-23 05:40:30.608
36	2025-11-18 00:00:00	백미		1622	t	2026-02-19 04:50:35.863	2026-02-23 05:41:12.145
62	2025-12-16 00:00:00	백미		1610	t	2026-02-20 02:36:05.935	2026-02-23 07:11:17.847
63	2025-12-16 00:00:00	백미		1609	t	2026-02-20 02:37:01.639	2026-02-23 07:11:48.612
42	2025-11-21 00:00:00	백미	민슬리	12650	t	2026-02-20 01:38:13.06	2026-02-23 05:48:18.313
45	2025-11-25 00:00:00	백미	노벨	3594	t	2026-02-20 01:42:23.109	2026-02-23 06:02:45.183
33	2025-11-13 00:00:00	백미	뉴프론티어	6407	t	2026-02-13 06:21:02.971	2026-02-23 05:53:46.767
51	2025-12-09 00:00:00	백미	맘스쌀	3221	t	2026-02-20 02:02:06.406	2026-02-23 07:01:22.025
48	2025-11-27 00:00:00	백미		9652	t	2026-02-20 01:57:16.191	2026-02-23 06:03:34.385
54	2025-12-01 00:00:00	백미		1611	t	2026-02-20 02:06:10.517	2026-02-23 06:12:50.891
49	2025-12-01 00:00:00	백미		1605	t	2026-02-20 02:00:51.313	2026-02-23 06:14:36.039
55	2025-12-03 00:00:00	백미		1526	t	2026-02-20 02:08:52.349	2026-02-23 06:15:21.04
50	2025-12-05 00:00:00	백미		2406	t	2026-02-20 02:01:29.999	2026-02-23 06:16:26.11
56	2025-12-08 00:00:00	백미		1747	t	2026-02-20 02:09:41.743	2026-02-23 06:17:06.456
57	2025-12-08 00:00:00	백미		7140	t	2026-02-20 02:10:13.693	2026-02-23 06:22:08.398
64	2025-12-17 00:00:00	백미		27290	t	2026-02-20 02:38:36.384	2026-02-23 07:19:35.237
73	2025-12-31 00:00:00	백미	뉴프론티어	44769	t	2026-02-20 05:32:38.905	2026-02-23 07:46:20.953
69	2025-12-18 00:00:00	현미	이마트 행사	6800	t	2026-02-20 05:22:41.917	2026-02-23 07:24:55.948
58	2025-12-09 00:00:00	백미	노벨	2689	t	2026-02-20 02:11:34.243	2026-02-23 07:04:36.565
81	2025-12-10 00:00:00	백미		4820	t	2026-02-20 05:56:25.208	2026-02-23 07:06:58.513
82	2026-02-10 00:00:00	백미		2489	t	2026-02-20 06:13:33.91	2026-02-23 08:01:04.708
59	2025-12-11 00:00:00	백미	이마트 행사	16755	t	2026-02-20 02:31:01.243	2026-02-23 07:09:07.824
60	2025-12-15 00:00:00	백미		2703	t	2026-02-20 02:32:05.109	2026-02-23 07:10:00.153
61	2025-12-16 00:00:00	백미		1806	t	2026-02-20 02:32:50.79	2026-02-23 07:10:39.811
70	2025-12-22 00:00:00	백미	이마트 행사	26628	t	2026-02-20 05:28:02.185	2026-02-23 07:26:00.958
71	2025-12-29 00:00:00	백미		15644	t	2026-02-20 05:30:10.238	2026-02-23 07:27:38.672
72	2025-12-30 00:00:00	백미		2699	t	2026-02-20 05:31:11.865	2026-02-23 07:28:29.888
83	2026-02-09 00:00:00	백미		10402	t	2026-02-20 06:26:58.007	2026-02-23 08:01:43.773
85	2026-01-27 00:00:00	백미		14419	t	2026-02-20 06:33:32.063	2026-02-23 08:02:24.999
87	2026-02-19 00:00:00	백미	이마트 8kg 행사	35526	t	2026-02-23 08:03:22.011	2026-02-23 08:05:04.698
\.


--
-- Data for Name: MillingOutputPackage; Type: TABLE DATA; Schema: public; Owner: neondb_owner
--

COPY public."MillingOutputPackage" (id, "batchId", "packageType", "weightPerUnit", count, "totalWeight", "productCode", "lotNo", "createdAt", "updatedAt") FROM stdin;
5	4	20kg	20	61	1220	11	251119-11-15100914-391	2026-02-13 02:09:15.525	2026-02-13 02:09:15.525
6	4	잔량	5	1	5	11	251119-11-15100914-391	2026-02-13 02:09:15.728	2026-02-13 02:09:15.728
35	6	톤백	761	1	761	11	251111-11-15105656-281	2026-02-13 02:39:01.192	2026-02-13 02:39:01.192
36	6	톤백	837	1	837	11	251111-11-15105656-281	2026-02-13 02:39:01.397	2026-02-13 02:39:01.397
37	6	톤백	788	1	788	11	251111-11-15105656-281	2026-02-13 02:39:01.601	2026-02-13 02:39:01.601
38	6	톤백	880	1	880	11	251111-11-15105656-281	2026-02-13 02:39:01.804	2026-02-13 02:39:01.804
39	6	톤백	1063	1	1063	11	251111-11-15105656-281	2026-02-13 02:39:02.005	2026-02-13 02:39:02.005
40	6	톤백	392	1	392	11	251111-11-15105656-281	2026-02-13 02:39:02.205	2026-02-13 02:39:02.205
41	6	톤백	1076	1	1076	11	251111-11-15105656-281	2026-02-13 02:39:02.404	2026-02-13 02:39:02.404
42	6	톤백	1098	1	1098	11	251111-11-15105656-281	2026-02-13 02:39:02.603	2026-02-13 02:39:02.603
43	6	톤백	1078	1	1078	11	251111-11-15105656-281	2026-02-13 02:39:02.802	2026-02-13 02:39:02.802
44	6	톤백	1070	1	1070	11	251111-11-15105656-281	2026-02-13 02:39:02.999	2026-02-13 02:39:02.999
45	6	톤백	1062	1	1062	11	251111-11-15105656-281	2026-02-13 02:39:03.198	2026-02-13 02:39:03.198
46	6	톤백	828	1	828	11	251111-11-15105656-281	2026-02-13 02:39:03.402	2026-02-13 02:39:03.402
56	9	톤백	1000	1	1000	13	251110-13-15101754-82	2026-02-13 02:50:11.383	2026-02-13 02:50:11.383
57	9	20kg	20	7	140	13	251110-13-15101754-82	2026-02-13 02:50:11.776	2026-02-13 02:50:11.776
60	5	톤백	1000	5	5000	11	251119-11-15103885-4126	2026-02-20 06:23:41.036	2026-02-20 06:23:41.036
61	5	잔량	871	1	871	11	251119-11-15103885-4126	2026-02-20 06:23:41.039	2026-02-20 06:23:41.039
65	12	톤백	1000	2	2000	11	251110-11-15101754-84	2026-02-23 02:57:46.983	2026-02-23 02:57:46.983
66	12	4kg	4	3413	13652	11	251110-11-15101754-84	2026-02-23 02:57:47.412	2026-02-23 02:57:47.412
67	12	잔량	4865	1	4865	11	251110-11-15101754-84	2026-02-23 02:57:47.626	2026-02-23 02:57:47.626
68	13	4kg	4	169	676	11	251016-11-15317102-513	2026-02-23 04:13:53.667	2026-02-23 04:13:53.667
69	13	잔량	3	1	3	11	251016-11-15317102-513	2026-02-23 04:13:53.707	2026-02-23 04:13:53.707
70	13	톤백	1117	1	1117	11	251016-11-15317102-513	2026-02-23 04:13:53.71	2026-02-23 04:13:53.71
71	14	톤백	1000	1	1000	13	251016-13-15317102-513	2026-02-23 04:17:16.221	2026-02-23 04:17:16.221
72	14	20kg	20	6	120	13	251016-13-15317102-513	2026-02-23 04:17:16.224	2026-02-23 04:17:16.224
73	14	잔량	14	1	14	13	251016-13-15317102-513	2026-02-23 04:17:16.226	2026-02-23 04:17:16.226
74	16	10kg	10	150	1500	11	251023-11-15101907-246	2026-02-23 04:20:20.959	2026-02-23 04:20:20.959
75	16	4kg	4	288	1152	11	251023-11-15101907-246	2026-02-23 04:20:20.963	2026-02-23 04:20:20.963
76	16	잔량	3	1	3	11	251023-11-15101907-246	2026-02-23 04:20:20.967	2026-02-23 04:20:20.967
77	39	5kg	5	4	20	11	251024-11-15105783-431	2026-02-23 04:23:33.143	2026-02-23 04:23:33.143
78	39	10kg	10	119	1190	11	251024-11-15105783-431	2026-02-23 04:23:33.149	2026-02-23 04:23:33.149
79	39	잔량	6	1	6	11	251024-11-15105783-431	2026-02-23 04:23:33.153	2026-02-23 04:23:33.153
80	15	4kg	4	407	1628	11	251023-11-15101907-246	2026-02-23 04:26:23.439	2026-02-23 04:26:23.439
81	15	톤백	1000	1	1000	11	251023-11-15101907-246	2026-02-23 04:26:23.449	2026-02-23 04:26:23.449
82	15	톤백	592	1	592	11	251023-11-15101907-246	2026-02-23 04:26:23.453	2026-02-23 04:26:23.453
83	38	10kg	10	40	400	13	251024-13-15105783-431	2026-02-23 04:27:14.38	2026-02-23 04:27:14.38
84	38	5kg	5	24	120	13	251024-13-15105783-431	2026-02-23 04:27:14.384	2026-02-23 04:27:14.384
85	38	잔량	3	1	3	13	251024-13-15105783-431	2026-02-23 04:27:14.387	2026-02-23 04:27:14.387
86	17	10kg	10	226	2260	11	251024-11-15314433-221	2026-02-23 04:30:12.888	2026-02-23 04:30:12.888
87	18	10kg	10	159	1590	11	251029-11-15105783-431	2026-02-23 04:31:42.359	2026-02-23 04:31:42.359
88	18	5kg	5	69	345	11	251029-11-15105783-431	2026-02-23 04:31:42.365	2026-02-23 04:31:42.365
89	18	4kg	4	4	16	11	251029-11-15105783-431	2026-02-23 04:31:42.368	2026-02-23 04:31:42.368
90	19	톤백	1013	1	1013	11	251023-11-15101907-246	2026-02-23 04:33:15.364	2026-02-23 04:33:15.364
91	19	톤백	849	1	849	11	251023-11-15101907-246	2026-02-23 04:33:15.368	2026-02-23 04:33:15.368
92	19	톤백	584	1	584	11	251023-11-15101907-246	2026-02-23 04:33:15.373	2026-02-23 04:33:15.373
93	19	4kg	4	575	2300	11	251023-11-15101907-246	2026-02-23 04:33:15.377	2026-02-23 04:33:15.377
94	19	잔량	3	1	3	11	251023-11-15101907-246	2026-02-23 04:33:15.38	2026-02-23 04:33:15.38
95	20	10kg	10	152	1520	11	251023-11-15101907-246	2026-02-23 04:38:54.877	2026-02-23 04:38:54.877
96	20	잔량	7	1	7	11	251023-11-15101907-246	2026-02-23 04:38:54.881	2026-02-23 04:38:54.881
105	80	톤백	1000	11	11000	11	251028-11-15314433-221	2026-02-23 05:06:32.72	2026-02-23 05:06:32.72
106	80	톤백	985	1	985	11	251028-11-15314433-221	2026-02-23 05:06:32.723	2026-02-23 05:06:32.723
107	86	10kg	10	88	880	12	251103-12-15101553-37	2026-02-23 05:10:51.562	2026-02-23 05:10:51.562
108	86	잔량	61	1	61	12	251103-12-15101553-37	2026-02-23 05:10:51.571	2026-02-23 05:10:51.571
109	22	톤백	420	1	420	11	251103-11-15317458-531	2026-02-23 05:18:37.869	2026-02-23 05:18:37.869
110	22	톤백	762	1	762	11	251103-11-15317458-531	2026-02-23 05:18:37.875	2026-02-23 05:18:37.875
111	22	톤백	1005	3	3015	11	251103-11-15317458-531	2026-02-23 05:18:37.879	2026-02-23 05:18:37.879
112	23	8kg	8	3271	26168	11	251103-11-15101907-243	2026-02-23 05:20:44.443	2026-02-23 05:20:44.443
113	23	4kg	4	189	756	11	251103-11-15101907-243	2026-02-23 05:20:44.447	2026-02-23 05:20:44.447
114	23	10kg	10	69	690	11	251103-11-15101907-243	2026-02-23 05:20:44.45	2026-02-23 05:20:44.45
115	23	잔량	4	1	4	11	251103-11-15101907-243	2026-02-23 05:20:44.452	2026-02-23 05:20:44.452
116	24	20kg	20	58	1160	13	251031-13-15101754-81	2026-02-23 05:21:37.888	2026-02-23 05:21:37.888
117	24	잔량	18	1	18	13	251031-13-15101754-81	2026-02-23 05:21:37.892	2026-02-23 05:21:37.892
118	26	10kg	10	54	540	11	251103-11-15101553-37	2026-02-23 05:23:46.512	2026-02-23 05:23:46.512
119	26	5kg	5	10	50	11	251103-11-15101553-37	2026-02-23 05:23:46.518	2026-02-23 05:23:46.518
120	26	잔량	18	1	18	11	251103-11-15101553-37	2026-02-23 05:23:46.521	2026-02-23 05:23:46.521
121	27	5kg	5	70	350	11	251110-11-15105783-431	2026-02-23 05:24:47.108	2026-02-23 05:24:47.108
122	27	3kg	3	78	234	11	251110-11-15105783-431	2026-02-23 05:24:47.111	2026-02-23 05:24:47.111
123	27	10kg	10	49	490	11	251110-11-15105783-431	2026-02-23 05:24:47.113	2026-02-23 05:24:47.113
124	27	잔량	7	1	7	11	251110-11-15105783-431	2026-02-23 05:24:47.117	2026-02-23 05:24:47.117
125	28	톤백	935	1	935	11	251103-11-15317458-531	2026-02-23 05:25:16.282	2026-02-23 05:25:16.282
126	29	10kg	10	159	1590	11	251111-11-15101488-191	2026-02-23 05:26:24.263	2026-02-23 05:26:24.263
127	29	톤백	205	1	205	11	251111-11-15101488-191	2026-02-23 05:26:24.266	2026-02-23 05:26:24.266
128	29	잔량	5	1	5	11	251111-11-15101488-191	2026-02-23 05:26:24.269	2026-02-23 05:26:24.269
129	30	톤백	1203	1	1203	11	251103-11-15101553-37	2026-02-23 05:29:33.144	2026-02-23 05:29:33.144
130	30	톤백	1200	1	1200	11	251103-11-15101553-37	2026-02-23 05:29:33.148	2026-02-23 05:29:33.148
131	30	잔량	34	1	34	11	251103-11-15101553-37	2026-02-23 05:29:33.15	2026-02-23 05:29:33.15
132	30	톤백	1001	2	2002	11	251103-11-15101553-37	2026-02-23 05:29:33.152	2026-02-23 05:29:33.152
133	30	톤백	1127	1	1127	11	251103-11-15101553-37	2026-02-23 05:29:33.154	2026-02-23 05:29:33.154
134	31	톤백	874	1	874	11	251111-11-15101907-245	2026-02-23 05:30:42.161	2026-02-23 05:30:42.161
135	31	톤백	1003	1	1003	11	251111-11-15101907-245	2026-02-23 05:30:42.164	2026-02-23 05:30:42.164
136	31	톤백	1002	1	1002	11	251111-11-15101907-245	2026-02-23 05:30:42.166	2026-02-23 05:30:42.166
137	31	톤백	1108	1	1108	11	251111-11-15101907-245	2026-02-23 05:30:42.168	2026-02-23 05:30:42.168
138	31	톤백	1001	1	1001	11	251111-11-15101907-245	2026-02-23 05:30:42.17	2026-02-23 05:30:42.17
139	31	톤백	427	1	427	11	251111-11-15101907-245	2026-02-23 05:30:42.172	2026-02-23 05:30:42.172
140	32	10kg	10	165	1650	11	251112-11-15316438-541	2026-02-23 05:32:34.127	2026-02-23 05:32:34.127
141	32	4kg	4	127	508	11	251112-11-15316438-541	2026-02-23 05:32:34.128	2026-02-23 05:32:34.128
142	32	잔량	49	1	49	11	251112-11-15316438-541	2026-02-23 05:32:34.131	2026-02-23 05:32:34.131
162	67	10kg	10	110	1100	12	251103-12-15101553-37	2026-02-23 05:39:33.388	2026-02-23 05:39:33.388
163	67	잔량	3	1	3	12	251103-12-15101553-37	2026-02-23 05:39:33.391	2026-02-23 05:39:33.391
164	68	10kg	10	75	750	14	251103-14-15101553-37	2026-02-23 05:39:51.207	2026-02-23 05:39:51.207
165	68	잔량	1	1	1	14	251103-14-15101553-37	2026-02-23 05:39:51.211	2026-02-23 05:39:51.211
166	35	톤백	1075	1	1075	11	251111-11-15101907-246	2026-02-23 05:40:30.241	2026-02-23 05:40:30.241
167	36	10kg	10	55	550	11	251117-11-15314280-361	2026-02-23 05:41:11.763	2026-02-23 05:41:11.763
168	36	5kg	5	82	410	11	251117-11-15314280-361	2026-02-23 05:41:11.772	2026-02-23 05:41:11.772
169	36	3kg	3	50	150	11	251117-11-15314280-361	2026-02-23 05:41:11.775	2026-02-23 05:41:11.775
170	40	톤백	871	1	871	11	251118-11-15315627-181	2026-02-23 05:42:21.794	2026-02-23 05:42:21.794
171	40	톤백	827	1	827	11	251118-11-15315627-181	2026-02-23 05:42:21.797	2026-02-23 05:42:21.797
172	40	톤백	850	1	850	11	251118-11-15315627-181	2026-02-23 05:42:21.801	2026-02-23 05:42:21.801
173	40	톤백	965	1	965	11	251118-11-15315627-181	2026-02-23 05:42:21.805	2026-02-23 05:42:21.805
174	37	20kg	20	62	1240	11	251119-11-15100914-391	2026-02-23 05:42:58.027	2026-02-23 05:42:58.027
175	37	잔량	17	1	17	11	251119-11-15100914-391	2026-02-23 05:42:58.03	2026-02-23 05:42:58.03
157	33	10kg	10	188	1880	11	251111-11-15101907-245	2026-02-23 05:38:36.315	2026-02-23 05:38:36.315
158	33	톤백	616	1	616	11	251111-11-15101907-245	2026-02-23 05:38:36.318	2026-02-23 05:38:36.318
159	33	톤백	854	1	854	11	251111-11-15101907-245	2026-02-23 05:38:36.321	2026-02-23 05:38:36.321
160	33	톤백	782	1	782	11	251111-11-15101907-245	2026-02-23 05:38:36.324	2026-02-23 05:38:36.324
161	33	톤백	200	1	200	11	251111-11-15101907-245	2026-02-23 05:38:36.328	2026-02-23 05:38:36.328
176	41	10kg	10	284	2840	11	251111-11-15101846-345	2026-02-23 05:43:39.943	2026-02-23 05:43:39.943
177	41	잔량	48	1	48	11	251111-11-15101846-345	2026-02-23 05:43:39.946	2026-02-23 05:43:39.946
178	42	톤백	1003	8	8024	11	251119-11-15317513-601	2026-02-23 05:48:17.96	2026-02-23 05:48:17.96
179	42	톤백	811	1	811	11	251119-11-15317513-601	2026-02-23 05:48:17.966	2026-02-23 05:48:17.966
180	47	10kg	10	153	1530	11	251110-11-15107734-101	2026-02-23 05:55:48.168	2026-02-23 05:55:48.168
181	47	톤백	195	1	195	11	251110-11-15107734-101	2026-02-23 05:55:48.222	2026-02-23 05:55:48.222
182	47	톤백	1003	5	5015	11	251110-11-15107734-101	2026-02-23 05:55:48.225	2026-02-23 05:55:48.225
183	47	톤백	942	1	942	11	251110-11-15107734-101	2026-02-23 05:55:48.228	2026-02-23 05:55:48.228
184	45	20kg	20	120	2400	11	251119-11-15100914-391	2026-02-23 05:58:29.828	2026-02-23 05:58:29.828
185	45	잔량	25	1	25	11	251119-11-15100914-391	2026-02-23 05:58:29.834	2026-02-23 05:58:29.834
186	48	10kg	10	145	1450	11	251110-11-15107734-101	2026-02-23 06:03:34.004	2026-02-23 06:03:34.004
187	48	톤백	1003	5	5015	11	251110-11-15107734-101	2026-02-23 06:03:34.007	2026-02-23 06:03:34.007
188	48	잔량	143	1	143	11	251110-11-15107734-101	2026-02-23 06:03:34.01	2026-02-23 06:03:34.01
189	54	20kg	20	3	60	12	251110-12-15314433-221	2026-02-23 06:12:50.51	2026-02-23 06:12:50.51
190	54	10kg	10	75	750	12	251110-12-15314433-221	2026-02-23 06:12:50.523	2026-02-23 06:12:50.523
191	54	5kg	5	60	300	12	251110-12-15314433-221	2026-02-23 06:12:50.526	2026-02-23 06:12:50.526
192	49	4kg	4	100	400	11	251111-11-15101846-345	2026-02-23 06:14:35.634	2026-02-23 06:14:35.634
193	49	10kg	10	73	730	11	251111-11-15101846-345	2026-02-23 06:14:35.638	2026-02-23 06:14:35.638
194	55	5kg	5	40	200	11	251119-11-15100914-391	2026-02-23 06:15:20.672	2026-02-23 06:15:20.672
195	55	10kg	10	79	790	11	251119-11-15100914-391	2026-02-23 06:15:20.678	2026-02-23 06:15:20.678
196	55	잔량	1	1	1	11	251119-11-15100914-391	2026-02-23 06:15:20.681	2026-02-23 06:15:20.681
197	50	10kg	10	84	840	11	251111-11-15101846-345	2026-02-23 06:16:25.749	2026-02-23 06:16:25.749
198	50	4kg	4	213	852	11	251111-11-15101846-345	2026-02-23 06:16:25.754	2026-02-23 06:16:25.754
199	56	4kg	4	126	504	11	251119-11-15100914-391	2026-02-23 06:17:05.984	2026-02-23 06:17:05.984
200	56	톤백	641	1	641	11	251119-11-15100914-391	2026-02-23 06:17:05.987	2026-02-23 06:17:05.987
201	56	잔량	2	1	2	11	251119-11-15100914-391	2026-02-23 06:17:05.989	2026-02-23 06:17:05.989
202	57	10kg	10	108	1080	11	251208-11-15104758-611	2026-02-23 06:22:08.015	2026-02-23 06:22:08.015
203	57	톤백	912	1	912	11	251208-11-15104758-611	2026-02-23 06:22:08.019	2026-02-23 06:22:08.019
204	57	톤백	1004	3	3012	11	251208-11-15104758-611	2026-02-23 06:22:08.022	2026-02-23 06:22:08.022
205	57	잔량	67	1	67	11	251208-11-15104758-611	2026-02-23 06:22:08.024	2026-02-23 06:22:08.024
206	51	10kg	10	216	2160	11	251111-11-15101907-247	2026-02-23 07:01:21.606	2026-02-23 07:01:21.606
207	51	잔량	9	1	9	11	251111-11-15101907-247	2026-02-23 07:01:21.642	2026-02-23 07:01:21.642
208	58	20kg	20	91	1820	11	251119-11-15100914-391	2026-02-23 07:02:14.749	2026-02-23 07:02:14.749
209	81	톤백	938	1	938	11	251208-11-15315627-181	2026-02-23 07:06:58.116	2026-02-23 07:06:58.116
210	81	톤백	1243	1	1243	11	251208-11-15315627-181	2026-02-23 07:06:58.122	2026-02-23 07:06:58.122
211	81	톤백	1040	1	1040	11	251208-11-15315627-181	2026-02-23 07:06:58.126	2026-02-23 07:06:58.126
212	59	4kg	4	2583	10332	11	251111-11-15101907-247	2026-02-23 07:09:07.416	2026-02-23 07:09:07.416
213	59	10kg	10	18	180	11	251111-11-15101907-247	2026-02-23 07:09:07.421	2026-02-23 07:09:07.421
214	59	잔량	4	1	4	11	251111-11-15101907-247	2026-02-23 07:09:07.424	2026-02-23 07:09:07.424
215	60	3kg	3	32	96	11	251119-11-15100914-391	2026-02-23 07:09:59.777	2026-02-23 07:09:59.777
216	60	5kg	5	36	180	11	251119-11-15100914-391	2026-02-23 07:09:59.783	2026-02-23 07:09:59.783
217	60	10kg	10	151	1510	11	251119-11-15100914-391	2026-02-23 07:09:59.785	2026-02-23 07:09:59.785
218	60	잔량	8	1	8	11	251119-11-15100914-391	2026-02-23 07:09:59.788	2026-02-23 07:09:59.788
219	61	4kg	4	103	412	11	251119-11-15100914-391	2026-02-23 07:10:39.189	2026-02-23 07:10:39.189
220	61	톤백	832	1	832	11	251119-11-15100914-391	2026-02-23 07:10:39.192	2026-02-23 07:10:39.192
221	61	잔량	3	1	3	11	251119-11-15100914-391	2026-02-23 07:10:39.195	2026-02-23 07:10:39.195
222	62	5kg	5	150	750	12	251110-12-15314433-221	2026-02-23 07:11:17.474	2026-02-23 07:11:17.474
223	62	10kg	10	38	380	12	251110-12-15314433-221	2026-02-23 07:11:17.477	2026-02-23 07:11:17.477
224	63	10kg	10	93	930	11	251111-11-15107154-41	2026-02-23 07:11:48.247	2026-02-23 07:11:48.247
225	63	잔량	7	1	7	11	251111-11-15107154-41	2026-02-23 07:11:48.249	2026-02-23 07:11:48.249
226	64	톤백	1005	5	5025	11	251119-11-15103885-4117	2026-02-23 07:19:27.305	2026-02-23 07:19:27.305
227	64	톤백	770	1	770	11	251119-11-15103885-4117	2026-02-23 07:19:27.309	2026-02-23 07:19:27.309
228	64	톤백	632	1	632	11	251119-11-15103885-4117	2026-02-23 07:19:27.311	2026-02-23 07:19:27.311
229	64	톤백	864	1	864	11	251119-11-15103885-4117	2026-02-23 07:19:27.314	2026-02-23 07:19:27.314
230	64	톤백	896	1	896	11	251119-11-15103885-4117	2026-02-23 07:19:27.316	2026-02-23 07:19:27.316
231	64	톤백	1034	1	1034	11	251119-11-15103885-4117	2026-02-23 07:19:27.317	2026-02-23 07:19:27.317
232	64	톤백	1088	1	1088	11	251119-11-15103885-4117	2026-02-23 07:19:27.319	2026-02-23 07:19:27.319
233	64	톤백	1040	1	1040	11	251119-11-15103885-4117	2026-02-23 07:19:27.322	2026-02-23 07:19:27.322
234	64	톤백	804	1	804	11	251119-11-15103885-4117	2026-02-23 07:19:27.323	2026-02-23 07:19:27.323
235	64	톤백	1080	1	1080	11	251119-11-15103885-4117	2026-02-23 07:19:27.325	2026-02-23 07:19:27.325
236	64	톤백	1068	1	1068	11	251119-11-15103885-4117	2026-02-23 07:19:27.327	2026-02-23 07:19:27.327
237	64	톤백	1055	1	1055	11	251119-11-15103885-4117	2026-02-23 07:19:27.329	2026-02-23 07:19:27.329
238	64	톤백	1059	1	1059	11	251119-11-15103885-4117	2026-02-23 07:19:27.331	2026-02-23 07:19:27.331
239	64	톤백	880	1	880	11	251119-11-15103885-4117	2026-02-23 07:19:27.333	2026-02-23 07:19:27.333
240	64	톤백	872	1	872	11	251119-11-15103885-4117	2026-02-23 07:19:27.334	2026-02-23 07:19:27.334
241	64	10kg	10	126	1260	11	251119-11-15103885-4117	2026-02-23 07:19:27.336	2026-02-23 07:19:27.336
242	69	4kg	4	992	3968	13	251119-13-15100914-391	2026-02-23 07:24:55.553	2026-02-23 07:24:55.553
243	69	20kg	20	50	1000	13	251119-13-15100914-391	2026-02-23 07:24:55.557	2026-02-23 07:24:55.557
244	69	잔량	13	1	13	13	251119-13-15100914-391	2026-02-23 07:24:55.56	2026-02-23 07:24:55.56
245	70	4kg	4	4182	16728	11	251110-11-15314142-141	2026-02-23 07:26:00.602	2026-02-23 07:26:00.602
246	70	톤백	1186	1	1186	11	251110-11-15314142-141	2026-02-23 07:26:00.605	2026-02-23 07:26:00.605
247	71	10kg	10	700	7000	11	251111-11-15107154-41	2026-02-23 07:27:38.291	2026-02-23 07:27:38.291
248	71	4kg	4	670	2680	11	251111-11-15107154-41	2026-02-23 07:27:38.293	2026-02-23 07:27:38.293
249	72	20kg	20	90	1800	11	251119-11-15100914-391	2026-02-23 07:28:29.521	2026-02-23 07:28:29.521
250	73	톤백	1004	10	10040	11	251117-11-15314280-361	2026-02-23 07:34:15.388	2026-02-23 07:34:15.388
251	73	톤백	1106	1	1106	11	251117-11-15314280-361	2026-02-23 07:34:15.393	2026-02-23 07:34:15.393
252	73	톤백	1253	1	1253	11	251117-11-15314280-361	2026-02-23 07:34:15.395	2026-02-23 07:34:15.395
253	73	톤백	1261	1	1261	11	251117-11-15314280-361	2026-02-23 07:34:15.398	2026-02-23 07:34:15.398
254	73	톤백	1282	1	1282	11	251117-11-15314280-361	2026-02-23 07:34:15.401	2026-02-23 07:34:15.401
255	73	톤백	564	1	564	11	251117-11-15314280-361	2026-02-23 07:34:15.403	2026-02-23 07:34:15.403
256	73	톤백	793	1	793	11	251117-11-15314280-361	2026-02-23 07:34:15.405	2026-02-23 07:34:15.405
257	73	톤백	871	1	871	11	251117-11-15314280-361	2026-02-23 07:34:15.408	2026-02-23 07:34:15.408
258	73	톤백	1030	1	1030	11	251117-11-15314280-361	2026-02-23 07:34:15.41	2026-02-23 07:34:15.41
259	73	톤백	1037	1	1037	11	251117-11-15314280-361	2026-02-23 07:34:15.412	2026-02-23 07:34:15.412
260	73	톤백	1072	1	1072	11	251117-11-15314280-361	2026-02-23 07:34:15.414	2026-02-23 07:34:15.414
261	73	톤백	1065	1	1065	11	251117-11-15314280-361	2026-02-23 07:34:15.417	2026-02-23 07:34:15.417
262	73	톤백	1047	1	1047	11	251117-11-15314280-361	2026-02-23 07:34:15.419	2026-02-23 07:34:15.419
263	73	톤백	1054	1	1054	11	251117-11-15314280-361	2026-02-23 07:34:15.421	2026-02-23 07:34:15.421
264	73	톤백	702	1	702	11	251117-11-15314280-361	2026-02-23 07:34:15.423	2026-02-23 07:34:15.423
265	73	5kg	5	160	800	11	251117-11-15314280-361	2026-02-23 07:34:15.426	2026-02-23 07:34:15.426
266	73	3kg	3	24	72	11	251117-11-15314280-361	2026-02-23 07:34:15.428	2026-02-23 07:34:15.428
267	73	10kg	10	300	3000	11	251117-11-15314280-361	2026-02-23 07:34:15.431	2026-02-23 07:34:15.431
268	73	20kg	20	135	2700	11	251117-11-15314280-361	2026-02-23 07:34:15.434	2026-02-23 07:34:15.434
269	73	잔량	0	5	0	11	251117-11-15314280-361	2026-02-23 07:34:15.436	2026-02-23 07:34:15.436
270	82	10kg	10	161	1610	11	251110-11-15101754-85	2026-02-23 08:00:53.254	2026-02-23 08:00:53.254
271	83	톤백	1000	7	7000	11	251119-11-15103885-4129	2026-02-23 08:01:37.047	2026-02-23 08:01:37.047
272	83	10kg	10	49	490	11	251119-11-15103885-4129	2026-02-23 08:01:37.054	2026-02-23 08:01:37.054
273	85	톤백	1000	10	10000	11	251119-11-15103885-4129	2026-02-23 08:02:21.15	2026-02-23 08:02:21.15
274	85	20kg	20	11	220	11	251119-11-15103885-4129	2026-02-23 08:02:21.153	2026-02-23 08:02:21.153
275	87	8kg	8	3096	24768	11	251031-11-15101797-121	2026-02-23 08:04:59.373	2026-02-23 08:04:59.373
\.


--
-- Data for Name: ProducerGroup; Type: TABLE DATA; Schema: public; Owner: neondb_owner
--

COPY public."ProducerGroup" (id, code, name, "certType", "certNo", "cropYear", "createdAt", "updatedAt") FROM stdin;
16	1	땅끝황토친환경	유기농	15102443	2025	2026-02-05 06:38:01.74	2026-02-05 06:38:01.74
17	2	박태일	유기농	15105154	2025	2026-02-05 06:38:01.778	2026-02-05 06:38:01.778
18	3	학의쌀유기	유기농	15101553	2025	2026-02-05 06:38:01.79	2026-02-05 06:38:01.79
19	4	민홍준	유기농	15107154	2025	2026-02-05 06:38:01.869	2026-02-05 06:38:01.869
20	5	박태일	유기농	15107166	2025	2026-02-05 06:38:01.879	2026-02-05 06:38:01.879
21	6	이평식	유기농	15107165	2025	2026-02-05 06:38:01.89	2026-02-05 06:38:01.89
22	7	강인석	유기농	15101500	2025	2026-02-05 06:38:01.901	2026-02-05 06:38:01.901
23	8	계곡수출쌀유기	유기농	15101754	2025	2026-02-05 06:38:01.912	2026-02-05 06:38:01.912
24	9	이형상	무농약	15312384	2025	2026-02-05 06:38:01.955	2026-02-05 06:38:01.955
25	10	김무현유기	유기농	15107734	2025	2026-02-05 06:38:01.965	2026-02-05 06:38:01.965
26	11	김무현유기전환	무농약	15312381	2025	2026-02-05 06:38:01.977	2026-02-05 06:38:01.977
27	12	오치백유기	유기농	15101797	2025	2026-02-05 06:38:01.987	2026-02-05 06:38:01.987
28	13	오치백유기전환	무농약	15316908	2025	2026-02-05 06:38:01.998	2026-02-05 06:38:01.998
29	14	박경삼	무농약	15314142	2025	2026-02-05 06:38:02.008	2026-02-05 06:38:02.008
30	15	김부진	무농약	15313791	2025	2026-02-05 06:38:02.019	2026-02-05 06:38:02.019
31	16	임영섭	무농약	15313793	2025	2026-02-05 06:38:02.031	2026-02-05 06:38:02.031
32	17	강형구유기	유기농	15107227	2025	2026-02-05 06:38:02.041	2026-02-05 06:38:02.041
33	18	강형구유기전환	무농약	15315627	2025	2026-02-05 06:38:02.051	2026-02-05 06:38:02.051
34	19	민석홍	유기농	15101488	2025	2026-02-05 06:38:02.063	2026-02-05 06:38:02.063
35	20	최길순유기	유기농	15103430	2025	2026-02-05 06:38:02.074	2026-02-05 06:38:02.074
36	21	최길순유기전환	무농약	15317138	2025	2026-02-05 06:38:02.084	2026-02-05 06:38:02.084
37	22	이승관	무농약	15314433	2025	2026-02-05 06:38:02.095	2026-02-05 06:38:02.095
38	23	이규종	유기농	15101283	2025	2026-02-05 06:38:02.106	2026-02-05 06:38:02.106
39	24	송석유기	유기농	15101907	2025	2026-02-05 06:38:02.117	2026-02-05 06:38:02.117
40	25	박정숙	무농약	15314411	2025	2026-02-05 06:38:02.177	2026-02-05 06:38:02.177
41	26	박주광	무농약	15314412	2025	2026-02-05 06:38:02.188	2026-02-05 06:38:02.188
42	27	박장수	무농약	15314413	2025	2026-02-05 06:38:02.197	2026-02-05 06:38:02.197
43	28	이관	유기농	15105656	2025	2026-02-05 06:38:02.208	2026-02-05 06:38:02.208
44	29	신승철	유기농	15105657	2025	2026-02-05 06:38:02.219	2026-02-05 06:38:02.219
45	30	김종수	유기농	15101897	2025	2026-02-05 06:38:02.231	2026-02-05 06:38:02.231
46	31	박천환	유기농	15104848	2025	2026-02-05 06:38:02.241	2026-02-05 06:38:02.241
47	32	김재관유기	유기농	15107231	2025	2026-02-05 06:38:02.252	2026-02-05 06:38:02.252
48	33	김재관유기전환	무농약	15315630	2025	2026-02-05 06:38:02.276	2026-02-05 06:38:02.276
49	34	방축쌀유기	유기농	15101846	2025	2026-02-05 06:38:02.287	2026-02-05 06:38:02.287
50	36	김영준	무농약	15314280	2025	2026-02-05 06:38:02.33	2026-02-05 06:38:02.33
51	37	임승원	유기농	15102331	2025	2026-02-05 06:38:02.341	2026-02-05 06:38:02.341
52	38	서승애	유기농	15103532	2025	2026-02-05 06:38:02.351	2026-02-05 06:38:02.351
53	39	윤병옥	유기농	15100914	2025	2026-02-05 06:38:02.361	2026-02-05 06:38:02.361
54	40	김대환	유기농	15101602	2025	2026-02-05 06:38:02.371	2026-02-05 06:38:02.371
55	41	학의영농조합법인	유기농	15103885	2025	2026-02-05 06:38:02.382	2026-02-05 06:38:02.382
56	42	땅끝야베스유기쌀	유기농	15101684	2025	2026-02-05 06:38:02.706	2026-02-05 06:38:02.706
57	43	한대만	유기농	15105783	2025	2026-02-05 06:38:02.716	2026-02-05 06:38:02.716
58	44	최정현	무농약	15317380	2025	2026-02-05 06:38:02.726	2026-02-05 06:38:02.726
59	45	박영두	무농약	15315653	2025	2026-02-05 06:38:02.738	2026-02-05 06:38:02.738
60	46	정상배	유기농	15102475	2025	2026-02-05 06:38:02.748	2026-02-05 06:38:02.748
61	47	강인석	유기농	15103958	2025	2026-02-05 06:38:02.759	2026-02-05 06:38:02.759
62	48	윤건하	유기농	15101857	2025	2026-02-05 06:38:02.769	2026-02-05 06:38:02.769
63	49	이정곤	유기농	15101285	2025	2026-02-05 06:38:02.779	2026-02-05 06:38:02.779
64	50	서제골영농조합법인	유기농	15107943	2025	2026-02-05 06:38:02.79	2026-02-05 06:38:02.79
65	51	미래영농조합e전환기	무농약	15317102	2025	2026-02-05 06:38:02.81	2026-02-05 06:38:02.81
66	52	임채만	무농약	15316948	2025	2026-02-05 06:38:02.843	2026-02-05 06:38:02.843
67	53	은적골영농조합(송석월곡)	무농약	15317458	2025	2026-02-05 06:38:02.853	2026-02-05 06:38:02.853
68	54	방형재	무농약	15316438	2025	2026-02-05 06:38:02.887	2026-02-05 06:38:02.887
69	55	은적골영농조합	무농약	15317469	2025	2026-02-05 06:38:02.899	2026-02-05 06:38:02.899
70	56	미래영농조합c전환기	무농약	15317326	2025	2026-02-05 06:38:02.91	2026-02-05 06:38:02.91
71	57	미래영농조합A유기	유기농	15107854	2025	2026-02-05 06:38:02.92	2026-02-05 06:38:02.92
72	58	이순자	유기농	15107167	2025	2026-02-05 06:38:02.93	2026-02-05 06:38:02.93
73	59	미래영농조합D유기	유기농	15107869	2025	2026-02-05 06:38:02.94	2026-02-05 06:38:02.94
74	60	미래영농조합D전환단지	무농약	15317513	2025	2026-02-05 06:38:02.951	2026-02-05 06:38:02.951
75	61	박해령	유기농	15104758	2025	2026-02-05 06:38:02.961	2026-02-05 06:38:02.961
76	62	민동원	유기농	15101318	2025	2026-02-05 06:38:02.971	2026-02-05 06:38:02.971
77	63	송석유기밀	유기농	15103944	2025	2026-02-05 06:38:02.982	2026-02-05 06:38:02.982
78	64	윤건하	유기농	15102472	2025	2026-02-05 06:38:02.993	2026-02-05 06:38:02.993
79	65	민경택	유기농	15106276	2025	2026-02-05 06:38:03.003	2026-02-05 06:38:03.003
80	1	땅끝황토친환경	유기농	15102443	2024	2026-02-05 06:38:03.014	2026-02-05 06:38:03.014
81	2	박태일	유기농	15105154	2024	2026-02-05 06:38:03.024	2026-02-05 06:38:03.024
82	3	학의쌀유기	유기농	15101553	2024	2026-02-05 06:38:03.035	2026-02-05 06:38:03.035
83	4	오호쌀유기	유기농	15104556	2024	2026-02-05 06:38:03.108	2026-02-05 06:38:03.108
84	99	관행	일반	-	2025	2026-02-05 06:50:11.096	2026-02-05 06:50:11.096
\.


--
-- Data for Name: Stock; Type: TABLE DATA; Schema: public; Owner: neondb_owner
--

COPY public."Stock" (id, "bagNo", "varietyId", "incomingDate", "productionYear", "weightKg", status, "batchId", "createdAt", "updatedAt", "farmerId", "lotNo", "releaseId") FROM stdin;
1	77	12	2026-01-26 00:00:00	2025	802	AVAILABLE	\N	2026-02-05 06:43:49.776	2026-02-05 06:43:49.776	30	260126-12-15101553-31	\N
2	76	12	2026-01-26 00:00:00	2025	804	AVAILABLE	\N	2026-02-05 06:43:49.807	2026-02-05 06:43:49.807	30	260126-12-15101553-31	\N
3	75	12	2026-01-26 00:00:00	2025	802	AVAILABLE	\N	2026-02-05 06:43:49.842	2026-02-05 06:43:49.842	30	260126-12-15101553-31	\N
4	74	12	2025-11-12 00:00:00	2025	822	AVAILABLE	\N	2026-02-05 06:43:49.853	2026-02-05 06:43:49.853	30	251112-12-15101553-31	\N
5	73	12	2025-11-12 00:00:00	2025	826	AVAILABLE	\N	2026-02-05 06:43:49.863	2026-02-05 06:43:49.863	30	251112-12-15101553-31	\N
6	72	12	2025-11-12 00:00:00	2025	823	AVAILABLE	\N	2026-02-05 06:43:49.874	2026-02-05 06:43:49.874	30	251112-12-15101553-31	\N
7	71	12	2025-11-12 00:00:00	2025	823	AVAILABLE	\N	2026-02-05 06:43:49.884	2026-02-05 06:43:49.884	30	251112-12-15101553-31	\N
8	70	12	2025-11-12 00:00:00	2025	454	AVAILABLE	\N	2026-02-05 06:43:49.897	2026-02-05 06:43:49.897	30	251112-12-15101553-31	\N
9	36	12	2025-11-12 00:00:00	2025	807	AVAILABLE	\N	2026-02-05 06:43:49.907	2026-02-05 06:43:49.907	68	251112-12-15101907-246	\N
10	35	12	2025-11-12 00:00:00	2025	808	AVAILABLE	\N	2026-02-05 06:43:49.918	2026-02-05 06:43:49.918	68	251112-12-15101907-246	\N
11	34	12	2025-11-11 00:00:00	2025	800	AVAILABLE	\N	2026-02-05 06:43:49.928	2026-02-05 06:43:49.928	30	251111-12-15101553-31	\N
12	33	12	2025-11-11 00:00:00	2025	801	AVAILABLE	\N	2026-02-05 06:43:49.938	2026-02-05 06:43:49.938	30	251111-12-15101553-31	\N
13	32	12	2025-11-11 00:00:00	2025	803	AVAILABLE	\N	2026-02-05 06:43:49.948	2026-02-05 06:43:49.948	30	251111-12-15101553-31	\N
14	31	12	2025-11-10 00:00:00	2025	856	AVAILABLE	\N	2026-02-05 06:43:49.958	2026-02-05 06:43:49.958	47	251110-12-15101754-85	\N
15	30	12	2025-11-10 00:00:00	2025	804	AVAILABLE	\N	2026-02-05 06:43:49.968	2026-02-05 06:43:49.968	47	251110-12-15101754-85	\N
16	29	12	2025-11-10 00:00:00	2025	805	AVAILABLE	\N	2026-02-05 06:43:49.978	2026-02-05 06:43:49.978	47	251110-12-15101754-85	\N
17	28	12	2025-11-10 00:00:00	2025	807	AVAILABLE	\N	2026-02-05 06:43:49.988	2026-02-05 06:43:49.988	47	251110-12-15101754-85	\N
18	27	12	2025-11-10 00:00:00	2025	806	AVAILABLE	\N	2026-02-05 06:43:49.998	2026-02-05 06:43:49.998	47	251110-12-15101754-85	\N
19	26	12	2025-11-10 00:00:00	2025	806	AVAILABLE	\N	2026-02-05 06:43:50.008	2026-02-05 06:43:50.008	47	251110-12-15101754-85	\N
20	25	12	2025-11-10 00:00:00	2025	805	AVAILABLE	\N	2026-02-05 06:43:50.018	2026-02-05 06:43:50.018	44	251110-12-15101754-82	\N
21	24	12	2025-11-10 00:00:00	2025	805	AVAILABLE	\N	2026-02-05 06:43:50.028	2026-02-05 06:43:50.028	44	251110-12-15101754-82	\N
22	23	12	2025-11-10 00:00:00	2025	808	AVAILABLE	\N	2026-02-05 06:43:50.039	2026-02-05 06:43:50.039	44	251110-12-15101754-82	\N
23	22	12	2025-11-10 00:00:00	2025	810	AVAILABLE	\N	2026-02-05 06:43:50.049	2026-02-05 06:43:50.049	44	251110-12-15101754-82	\N
24	21	12	2025-11-10 00:00:00	2025	807	AVAILABLE	\N	2026-02-05 06:43:50.06	2026-02-05 06:43:50.06	44	251110-12-15101754-82	\N
25	20	12	2025-11-10 00:00:00	2025	809	AVAILABLE	\N	2026-02-05 06:43:50.07	2026-02-05 06:43:50.07	61	251110-12-15314433-221	\N
26	19	12	2025-11-10 00:00:00	2025	806	AVAILABLE	\N	2026-02-05 06:43:50.08	2026-02-05 06:43:50.08	61	251110-12-15314433-221	\N
28	17	12	2025-11-10 00:00:00	2025	806	AVAILABLE	\N	2026-02-05 06:43:50.099	2026-02-05 06:43:50.099	61	251110-12-15314433-221	\N
29	16	12	2025-11-10 00:00:00	2025	805	AVAILABLE	\N	2026-02-05 06:43:50.108	2026-02-05 06:43:50.108	61	251110-12-15314433-221	\N
30	15	12	2025-11-10 00:00:00	2025	805	AVAILABLE	\N	2026-02-05 06:43:50.119	2026-02-05 06:43:50.119	61	251110-12-15314433-221	\N
31	14	12	2025-11-10 00:00:00	2025	806	AVAILABLE	\N	2026-02-05 06:43:50.128	2026-02-05 06:43:50.128	61	251110-12-15314433-221	\N
32	13	12	2025-11-10 00:00:00	2025	804	AVAILABLE	\N	2026-02-05 06:43:50.14	2026-02-05 06:43:50.14	61	251110-12-15314433-221	\N
34	11	12	2025-11-10 00:00:00	2025	805	AVAILABLE	\N	2026-02-05 06:43:50.16	2026-02-05 06:43:50.16	61	251110-12-15314433-221	\N
35	10	12	2025-11-10 00:00:00	2025	804	AVAILABLE	\N	2026-02-05 06:43:50.17	2026-02-05 06:43:50.17	61	251110-12-15314433-221	\N
36	9	12	2025-11-10 00:00:00	2025	805	AVAILABLE	\N	2026-02-05 06:43:50.181	2026-02-05 06:43:50.181	61	251110-12-15314433-221	\N
58	245	17	2025-11-19 00:00:00	2025	898	AVAILABLE	\N	2026-02-05 06:43:50.413	2026-02-05 06:43:50.413	87	251119-11-15100914-391	\N
40	5	12	2025-11-03 00:00:00	2025	812	CONSUMED	86	2026-02-05 06:43:50.223	2026-02-23 05:09:47.769	36	251103-12-15101553-37	\N
43	2	12	2025-11-03 00:00:00	2025	621	CONSUMED	68	2026-02-05 06:43:50.254	2026-02-20 05:15:12.583	36	251103-12-15101553-37	\N
41	4	12	2025-11-03 00:00:00	2025	814	CONSUMED	86	2026-02-05 06:43:50.234	2026-02-23 05:09:47.769	36	251103-12-15101553-37	\N
50	253	17	2025-11-10 00:00:00	2025	863	CONSUMED	27	2026-02-05 06:43:50.329	2026-02-13 05:57:57.895	130	251110-11-15105783-431	\N
53	250	17	2025-10-29 00:00:00	2025	840	CONSUMED	27	2026-02-05 06:43:50.359	2026-02-13 05:57:57.895	130	251029-11-15105783-431	\N
57	246	17	2025-11-19 00:00:00	2025	908	CONSUMED	37	2026-02-05 06:43:50.403	2026-02-19 04:57:55.611	87	251119-11-15100914-391	\N
27	18	12	2025-11-10 00:00:00	2025	806	CONSUMED	54	2026-02-05 06:43:50.089	2026-02-20 02:06:10.526	61	251110-12-15314433-221	\N
33	12	12	2025-11-10 00:00:00	2025	805	CONSUMED	54	2026-02-05 06:43:50.15	2026-02-20 02:06:10.526	61	251110-12-15314433-221	\N
37	8	12	2025-11-10 00:00:00	2025	805	CONSUMED	62	2026-02-05 06:43:50.191	2026-02-20 02:36:05.949	61	251110-12-15314433-221	\N
42	3	12	2025-11-03 00:00:00	2025	808	CONSUMED	67	2026-02-05 06:43:50.244	2026-02-20 05:10:40.734	36	251103-12-15101553-37	\N
44	1	12	2025-11-03 00:00:00	2025	812	CONSUMED	67	2026-02-05 06:43:50.266	2026-02-20 05:10:40.734	36	251103-12-15101553-37	\N
59	244	17	2025-11-19 00:00:00	2025	900	AVAILABLE	\N	2026-02-05 06:43:50.423	2026-02-05 06:43:50.423	87	251119-11-15100914-391	\N
61	242	17	2025-11-19 00:00:00	2025	897	AVAILABLE	\N	2026-02-05 06:43:50.446	2026-02-05 06:43:50.446	87	251119-11-15100914-391	\N
62	241	17	2025-11-19 00:00:00	2025	913	AVAILABLE	\N	2026-02-05 06:43:50.456	2026-02-05 06:43:50.456	87	251119-11-15100914-391	\N
63	240	17	2025-11-19 00:00:00	2025	896	AVAILABLE	\N	2026-02-05 06:43:50.465	2026-02-05 06:43:50.465	87	251119-11-15100914-391	\N
64	239	17	2025-11-19 00:00:00	2025	892	AVAILABLE	\N	2026-02-05 06:43:50.475	2026-02-05 06:43:50.475	87	251119-11-15100914-391	\N
66	237	17	2025-11-19 00:00:00	2025	921	AVAILABLE	\N	2026-02-05 06:43:50.495	2026-02-05 06:43:50.495	87	251119-11-15100914-391	\N
67	236	17	2025-11-19 00:00:00	2025	925	AVAILABLE	\N	2026-02-05 06:43:50.506	2026-02-05 06:43:50.506	87	251119-11-15100914-391	\N
68	235	17	2025-11-19 00:00:00	2025	900	AVAILABLE	\N	2026-02-05 06:43:50.516	2026-02-05 06:43:50.516	87	251119-11-15100914-391	\N
69	234	17	2025-11-19 00:00:00	2025	898	AVAILABLE	\N	2026-02-05 06:43:50.526	2026-02-05 06:43:50.526	87	251119-11-15100914-391	\N
70	233	17	2025-11-19 00:00:00	2025	901	AVAILABLE	\N	2026-02-05 06:43:50.536	2026-02-05 06:43:50.536	87	251119-11-15100914-391	\N
71	232	17	2025-11-19 00:00:00	2025	900	AVAILABLE	\N	2026-02-05 06:43:50.546	2026-02-05 06:43:50.546	87	251119-11-15100914-391	\N
72	231	17	2025-11-19 00:00:00	2025	896	AVAILABLE	\N	2026-02-05 06:43:50.557	2026-02-05 06:43:50.557	87	251119-11-15100914-391	\N
73	230	17	2025-11-19 00:00:00	2025	903	AVAILABLE	\N	2026-02-05 06:43:50.575	2026-02-05 06:43:50.575	87	251119-11-15100914-391	\N
74	229	17	2025-11-19 00:00:00	2025	899	AVAILABLE	\N	2026-02-05 06:43:50.585	2026-02-05 06:43:50.585	87	251119-11-15100914-391	\N
75	228	17	2025-11-19 00:00:00	2025	906	AVAILABLE	\N	2026-02-05 06:43:50.597	2026-02-05 06:43:50.597	87	251119-11-15100914-391	\N
76	227	17	2025-11-19 00:00:00	2025	904	AVAILABLE	\N	2026-02-05 06:43:50.607	2026-02-05 06:43:50.607	87	251119-11-15100914-391	\N
77	226	17	2025-11-19 00:00:00	2025	899	AVAILABLE	\N	2026-02-05 06:43:50.618	2026-02-05 06:43:50.618	87	251119-11-15100914-391	\N
78	225	17	2025-11-19 00:00:00	2025	899	AVAILABLE	\N	2026-02-05 06:43:50.628	2026-02-05 06:43:50.628	87	251119-11-15100914-391	\N
79	224	17	2025-11-19 00:00:00	2025	901	AVAILABLE	\N	2026-02-05 06:43:50.64	2026-02-05 06:43:50.64	87	251119-11-15100914-391	\N
80	223	17	2025-11-19 00:00:00	2025	903	AVAILABLE	\N	2026-02-05 06:43:50.651	2026-02-05 06:43:50.651	87	251119-11-15100914-391	\N
81	222	17	2025-11-19 00:00:00	2025	902	AVAILABLE	\N	2026-02-05 06:43:50.661	2026-02-05 06:43:50.661	87	251119-11-15100914-391	\N
82	221	17	2025-11-19 00:00:00	2025	897	AVAILABLE	\N	2026-02-05 06:43:50.671	2026-02-05 06:43:50.671	87	251119-11-15100914-391	\N
83	220	17	2025-11-19 00:00:00	2025	904	AVAILABLE	\N	2026-02-05 06:43:50.681	2026-02-05 06:43:50.681	87	251119-11-15100914-391	\N
86	217	17	2025-11-19 00:00:00	2025	899	AVAILABLE	\N	2026-02-05 06:43:50.712	2026-02-05 06:43:50.712	87	251119-11-15100914-391	\N
87	216	17	2025-11-19 00:00:00	2025	862	AVAILABLE	\N	2026-02-05 06:43:50.723	2026-02-05 06:43:50.723	87	251119-11-15100914-391	\N
88	215	17	2025-11-19 00:00:00	2025	902	AVAILABLE	\N	2026-02-05 06:43:50.733	2026-02-05 06:43:50.733	87	251119-11-15100914-391	\N
89	214	17	2025-11-19 00:00:00	2025	903	AVAILABLE	\N	2026-02-05 06:43:50.744	2026-02-05 06:43:50.744	87	251119-11-15100914-391	\N
90	213	17	2025-11-19 00:00:00	2025	900	AVAILABLE	\N	2026-02-05 06:43:50.755	2026-02-05 06:43:50.755	87	251119-11-15100914-391	\N
91	212	17	2025-11-19 00:00:00	2025	899	AVAILABLE	\N	2026-02-05 06:43:50.766	2026-02-05 06:43:50.766	87	251119-11-15100914-391	\N
1277	209	13	2025-11-19 00:00:00	2025	798	CONSUMED	83	2026-02-05 08:14:21.866	2026-02-20 06:26:58.024	117	251119-11-15103885-4129	\N
1278	210	13	2025-11-19 00:00:00	2025	801	CONSUMED	83	2026-02-05 08:14:21.879	2026-02-20 06:26:58.024	117	251119-11-15103885-4129	\N
1279	211	13	2025-11-19 00:00:00	2025	801	CONSUMED	83	2026-02-05 08:14:21.891	2026-02-20 06:26:58.024	117	251119-11-15103885-4129	\N
1280	212	13	2025-11-19 00:00:00	2025	800	CONSUMED	83	2026-02-05 08:14:21.903	2026-02-20 06:26:58.024	117	251119-11-15103885-4129	\N
1281	213	13	2025-11-19 00:00:00	2025	800	CONSUMED	83	2026-02-05 08:14:21.916	2026-02-20 06:26:58.024	117	251119-11-15103885-4129	\N
1282	214	13	2025-11-19 00:00:00	2025	800	CONSUMED	83	2026-02-05 08:14:21.929	2026-02-20 06:26:58.024	117	251119-11-15103885-4129	\N
1284	216	13	2025-11-19 00:00:00	2025	799	CONSUMED	83	2026-02-05 08:14:21.956	2026-02-20 06:26:58.024	117	251119-11-15103885-4129	\N
1285	217	13	2025-11-19 00:00:00	2025	800	CONSUMED	83	2026-02-05 08:14:21.968	2026-02-20 06:26:58.024	117	251119-11-15103885-4129	\N
1286	218	13	2025-11-19 00:00:00	2025	800	CONSUMED	83	2026-02-05 08:14:21.981	2026-02-20 06:26:58.024	117	251119-11-15103885-4129	\N
1287	219	13	2025-11-19 00:00:00	2025	800	CONSUMED	83	2026-02-05 08:14:21.994	2026-02-20 06:26:58.024	117	251119-11-15103885-4129	\N
1289	221	13	2025-11-19 00:00:00	2025	801	CONSUMED	83	2026-02-05 08:14:22.021	2026-02-20 06:26:58.024	117	251119-11-15103885-4129	\N
1290	222	13	2025-11-19 00:00:00	2025	801	CONSUMED	83	2026-02-05 08:14:22.033	2026-02-20 06:26:58.024	117	251119-11-15103885-4129	\N
1291	223	13	2025-11-19 00:00:00	2025	801	CONSUMED	83	2026-02-05 08:14:22.046	2026-02-20 06:26:58.024	117	251119-11-15103885-4129	\N
60	243	17	2025-11-19 00:00:00	2025	1010	CONSUMED	37	2026-02-05 06:43:50.436	2026-02-19 04:57:55.611	87	251119-11-15100914-391	\N
112	191	17	2025-11-17 00:00:00	2025	820	CONSUMED	73	2026-02-05 06:43:50.998	2026-02-23 07:44:10.929	84	251117-11-15314280-361	\N
65	238	17	2025-11-19 00:00:00	2025	626	CONSUMED	55	2026-02-05 06:43:50.485	2026-02-20 02:08:52.363	87	251119-11-15100914-391	\N
105	198	17	2025-11-19 00:00:00	2025	900	CONSUMED	55	2026-02-05 06:43:50.926	2026-02-20 02:08:52.363	87	251119-11-15100914-391	\N
118	185	17	2025-11-17 00:00:00	2025	807	CONSUMED	73	2026-02-05 06:43:51.061	2026-02-23 07:44:10.929	84	251117-11-15314280-361	\N
85	218	17	2025-11-19 00:00:00	2025	888	CONSUMED	58	2026-02-05 06:43:50.701	2026-02-20 02:11:34.254	87	251119-11-15100914-391	\N
93	210	17	2025-11-19 00:00:00	2025	900	CONSUMED	58	2026-02-05 06:43:50.788	2026-02-20 02:11:34.254	87	251119-11-15100914-391	\N
97	206	17	2025-11-19 00:00:00	2025	901	CONSUMED	58	2026-02-05 06:43:50.844	2026-02-20 02:11:34.254	87	251119-11-15100914-391	\N
99	204	17	2025-11-19 00:00:00	2025	902	CONSUMED	60	2026-02-05 06:43:50.864	2026-02-20 02:32:05.126	87	251119-11-15100914-391	\N
101	202	17	2025-11-19 00:00:00	2025	899	CONSUMED	60	2026-02-05 06:43:50.885	2026-02-20 02:32:05.126	87	251119-11-15100914-391	\N
103	200	17	2025-11-19 00:00:00	2025	902	CONSUMED	60	2026-02-05 06:43:50.905	2026-02-20 02:32:05.126	87	251119-11-15100914-391	\N
94	209	17	2025-11-19 00:00:00	2025	900	CONSUMED	72	2026-02-05 06:43:50.812	2026-02-20 05:31:11.878	87	251119-11-15100914-391	\N
95	208	17	2025-11-19 00:00:00	2025	900	CONSUMED	72	2026-02-05 06:43:50.823	2026-02-20 05:31:11.878	87	251119-11-15100914-391	\N
120	183	17	2025-11-17 00:00:00	2025	811	CONSUMED	73	2026-02-05 06:43:51.083	2026-02-23 07:31:19.006	84	251117-11-15314280-361	\N
119	184	17	2025-11-17 00:00:00	2025	809	CONSUMED	73	2026-02-05 06:43:51.073	2026-02-23 07:44:10.929	84	251117-11-15314280-361	\N
607	17	15	2025-10-31 00:00:00	2025	802	CONSUMED	87	2026-02-05 06:43:56.251	2026-02-23 08:03:22.024	51	251031-11-15101797-121	\N
172	131	17	2025-11-10 00:00:00	2025	819	CONSUMED	82	2026-02-05 06:43:51.654	2026-02-20 06:13:33.923	47	251110-11-15101754-85	\N
173	130	17	2025-11-10 00:00:00	2025	856	CONSUMED	82	2026-02-05 06:43:51.665	2026-02-20 06:13:33.923	47	251110-11-15101754-85	\N
174	129	17	2025-11-10 00:00:00	2025	814	CONSUMED	82	2026-02-05 06:43:51.676	2026-02-20 06:13:33.923	47	251110-11-15101754-85	\N
1294	226	13	2025-11-19 00:00:00	2025	799	CONSUMED	85	2026-02-05 08:14:22.118	2026-02-20 06:33:32.082	117	251119-11-15103885-4129	\N
1295	227	13	2025-11-19 00:00:00	2025	800	CONSUMED	85	2026-02-05 08:14:22.164	2026-02-20 06:33:32.082	117	251119-11-15103885-4129	\N
1296	228	13	2025-11-19 00:00:00	2025	800	CONSUMED	85	2026-02-05 08:14:22.202	2026-02-20 06:33:32.082	117	251119-11-15103885-4129	\N
1297	229	13	2025-11-19 00:00:00	2025	799	CONSUMED	85	2026-02-05 08:14:22.215	2026-02-20 06:33:32.082	117	251119-11-15103885-4129	\N
1298	230	13	2025-11-19 00:00:00	2025	799	CONSUMED	85	2026-02-05 08:14:22.228	2026-02-20 06:33:32.082	117	251119-11-15103885-4129	\N
1299	231	13	2025-11-19 00:00:00	2025	799	CONSUMED	85	2026-02-05 08:14:22.242	2026-02-20 06:33:32.082	117	251119-11-15103885-4129	\N
1300	232	13	2025-11-19 00:00:00	2025	802	CONSUMED	85	2026-02-05 08:14:22.26	2026-02-20 06:33:32.082	117	251119-11-15103885-4129	\N
1301	233	13	2025-11-19 00:00:00	2025	800	CONSUMED	85	2026-02-05 08:14:22.274	2026-02-20 06:33:32.082	117	251119-11-15103885-4129	\N
608	16	15	2025-10-31 00:00:00	2025	803	CONSUMED	87	2026-02-05 06:43:56.265	2026-02-23 08:03:22.024	51	251031-11-15101797-121	\N
609	15	15	2025-10-31 00:00:00	2025	802	CONSUMED	87	2026-02-05 06:43:56.276	2026-02-23 08:03:22.024	51	251031-11-15101797-121	\N
610	14	15	2025-10-31 00:00:00	2025	803	CONSUMED	87	2026-02-05 06:43:56.286	2026-02-23 08:03:22.024	51	251031-11-15101797-121	\N
121	182	17	2025-11-17 00:00:00	2025	811	CONSUMED	73	2026-02-05 06:43:51.094	2026-02-23 07:31:19.006	84	251117-11-15314280-361	\N
122	181	17	2025-11-17 00:00:00	2025	810	CONSUMED	73	2026-02-05 06:43:51.104	2026-02-23 07:31:19.006	84	251117-11-15314280-361	\N
167	136	17	2025-11-11 00:00:00	2025	804	AVAILABLE	\N	2026-02-05 06:43:51.598	2026-02-05 06:43:51.598	74	251111-11-15105657-291	\N
168	135	17	2025-11-11 00:00:00	2025	805	AVAILABLE	\N	2026-02-05 06:43:51.609	2026-02-05 06:43:51.609	74	251111-11-15105657-291	\N
169	134	17	2025-11-11 00:00:00	2025	803	AVAILABLE	\N	2026-02-05 06:43:51.62	2026-02-05 06:43:51.62	74	251111-11-15105657-291	\N
170	133	17	2025-11-11 00:00:00	2025	803	AVAILABLE	\N	2026-02-05 06:43:51.631	2026-02-05 06:43:51.631	74	251111-11-15105657-291	\N
171	132	17	2025-11-11 00:00:00	2025	804	AVAILABLE	\N	2026-02-05 06:43:51.643	2026-02-05 06:43:51.643	74	251111-11-15105657-291	\N
160	143	17	2025-11-11 00:00:00	2025	907	CONSUMED	6	2026-02-05 06:43:51.521	2026-02-11 08:38:17.76	73	251111-11-15105656-281	\N
161	142	17	2025-11-11 00:00:00	2025	908	CONSUMED	6	2026-02-05 06:43:51.531	2026-02-11 08:38:17.76	73	251111-11-15105656-281	\N
162	141	17	2025-11-11 00:00:00	2025	901	CONSUMED	6	2026-02-05 06:43:51.541	2026-02-11 08:38:17.76	73	251111-11-15105656-281	\N
163	140	17	2025-11-11 00:00:00	2025	914	CONSUMED	6	2026-02-05 06:43:51.551	2026-02-11 08:38:17.76	73	251111-11-15105656-281	\N
164	139	17	2025-11-11 00:00:00	2025	906	CONSUMED	6	2026-02-05 06:43:51.563	2026-02-11 08:38:17.76	73	251111-11-15105656-281	\N
175	128	17	2025-11-10 00:00:00	2025	582	AVAILABLE	\N	2026-02-05 06:43:51.687	2026-02-05 06:43:51.687	47	251110-11-15101754-85	\N
176	127	17	2025-11-10 00:00:00	2025	779	AVAILABLE	\N	2026-02-05 06:43:51.699	2026-02-05 06:43:51.699	47	251110-11-15101754-85	\N
177	126	17	2025-11-10 00:00:00	2025	839	AVAILABLE	\N	2026-02-05 06:43:51.709	2026-02-05 06:43:51.709	47	251110-11-15101754-85	\N
178	125	17	2025-11-10 00:00:00	2025	829	AVAILABLE	\N	2026-02-05 06:43:51.719	2026-02-05 06:43:51.719	47	251110-11-15101754-85	\N
179	124	17	2025-11-10 00:00:00	2025	800	AVAILABLE	\N	2026-02-05 06:43:51.728	2026-02-05 06:43:51.728	47	251110-11-15101754-85	\N
180	123	17	2025-11-10 00:00:00	2025	825	AVAILABLE	\N	2026-02-05 06:43:51.739	2026-02-05 06:43:51.739	47	251110-11-15101754-85	\N
181	122	17	2025-11-10 00:00:00	2025	803	AVAILABLE	\N	2026-02-05 06:43:51.75	2026-02-05 06:43:51.75	47	251110-11-15101754-85	\N
182	121	17	2025-11-10 00:00:00	2025	819	AVAILABLE	\N	2026-02-05 06:43:51.76	2026-02-05 06:43:51.76	47	251110-11-15101754-85	\N
183	120	17	2025-11-10 00:00:00	2025	806	AVAILABLE	\N	2026-02-05 06:43:51.771	2026-02-05 06:43:51.771	88	251110-11-15101602-401	\N
184	119	17	2025-11-10 00:00:00	2025	762	AVAILABLE	\N	2026-02-05 06:43:51.782	2026-02-05 06:43:51.782	88	251110-11-15101602-401	\N
185	118	17	2025-11-10 00:00:00	2025	806	AVAILABLE	\N	2026-02-05 06:43:51.793	2026-02-05 06:43:51.793	88	251110-11-15101602-401	\N
186	117	17	2025-11-10 00:00:00	2025	807	AVAILABLE	\N	2026-02-05 06:43:51.804	2026-02-05 06:43:51.804	88	251110-11-15101602-401	\N
187	116	17	2025-11-10 00:00:00	2025	808	AVAILABLE	\N	2026-02-05 06:43:51.815	2026-02-05 06:43:51.815	88	251110-11-15101602-401	\N
188	115	17	2025-11-10 00:00:00	2025	809	AVAILABLE	\N	2026-02-05 06:43:51.826	2026-02-05 06:43:51.826	88	251110-11-15101602-401	\N
189	114	17	2025-11-10 00:00:00	2025	808	AVAILABLE	\N	2026-02-05 06:43:51.837	2026-02-05 06:43:51.837	88	251110-11-15101602-401	\N
190	113	17	2025-11-10 00:00:00	2025	807	AVAILABLE	\N	2026-02-05 06:43:51.847	2026-02-05 06:43:51.847	88	251110-11-15101602-401	\N
191	112	17	2025-11-10 00:00:00	2025	806	AVAILABLE	\N	2026-02-05 06:43:51.858	2026-02-05 06:43:51.858	88	251110-11-15101602-401	\N
125	178	17	2025-11-17 00:00:00	2025	800	CONSUMED	73	2026-02-05 06:43:51.139	2026-02-23 07:31:19.006	84	251117-11-15314280-361	\N
126	177	17	2025-11-17 00:00:00	2025	800	CONSUMED	73	2026-02-05 06:43:51.149	2026-02-23 07:31:19.006	84	251117-11-15314280-361	\N
134	169	17	2025-11-17 00:00:00	2025	817	CONSUMED	73	2026-02-05 06:43:51.236	2026-02-23 07:31:19.006	84	251117-11-15314280-361	\N
117	186	17	2025-11-17 00:00:00	2025	807	CONSUMED	73	2026-02-05 06:43:51.051	2026-02-23 07:31:19.006	84	251117-11-15314280-361	\N
611	13	15	2025-10-31 00:00:00	2025	802	CONSUMED	87	2026-02-05 06:43:56.296	2026-02-23 08:03:22.024	51	251031-11-15101797-121	\N
612	12	15	2025-10-31 00:00:00	2025	804	CONSUMED	87	2026-02-05 06:43:56.306	2026-02-23 08:03:22.024	51	251031-11-15101797-121	\N
192	111	17	2025-11-10 00:00:00	2025	806	AVAILABLE	\N	2026-02-05 06:43:51.868	2026-02-05 06:43:51.868	88	251110-11-15101602-401	\N
193	110	17	2025-11-10 00:00:00	2025	809	AVAILABLE	\N	2026-02-05 06:43:51.878	2026-02-05 06:43:51.878	88	251110-11-15101602-401	\N
194	109	17	2025-11-10 00:00:00	2025	809	AVAILABLE	\N	2026-02-05 06:43:51.889	2026-02-05 06:43:51.889	88	251110-11-15101602-401	\N
195	108	17	2025-11-10 00:00:00	2025	809	AVAILABLE	\N	2026-02-05 06:43:51.899	2026-02-05 06:43:51.899	88	251110-11-15101602-401	\N
196	107	17	2025-11-10 00:00:00	2025	806	AVAILABLE	\N	2026-02-05 06:43:51.909	2026-02-05 06:43:51.909	88	251110-11-15101602-401	\N
197	106	17	2025-11-10 00:00:00	2025	806	AVAILABLE	\N	2026-02-05 06:43:51.92	2026-02-05 06:43:51.92	88	251110-11-15101602-401	\N
198	105	17	2025-11-10 00:00:00	2025	806	AVAILABLE	\N	2026-02-05 06:43:51.931	2026-02-05 06:43:51.931	88	251110-11-15101602-401	\N
199	104	17	2025-11-10 00:00:00	2025	808	AVAILABLE	\N	2026-02-05 06:43:51.94	2026-02-05 06:43:51.94	88	251110-11-15101602-401	\N
200	103	17	2025-11-10 00:00:00	2025	809	AVAILABLE	\N	2026-02-05 06:43:51.95	2026-02-05 06:43:51.95	88	251110-11-15101602-401	\N
201	102	17	2025-11-10 00:00:00	2025	805	AVAILABLE	\N	2026-02-05 06:43:51.961	2026-02-05 06:43:51.961	88	251110-11-15101602-401	\N
202	101	17	2025-11-10 00:00:00	2025	854	AVAILABLE	\N	2026-02-05 06:43:51.971	2026-02-05 06:43:51.971	81	251110-11-15101846-343	\N
203	100	17	2025-11-10 00:00:00	2025	853	AVAILABLE	\N	2026-02-05 06:43:51.981	2026-02-05 06:43:51.981	81	251110-11-15101846-343	\N
204	99	17	2025-11-10 00:00:00	2025	853	AVAILABLE	\N	2026-02-05 06:43:51.99	2026-02-05 06:43:51.99	81	251110-11-15101846-343	\N
205	98	17	2025-11-10 00:00:00	2025	853	AVAILABLE	\N	2026-02-05 06:43:52.001	2026-02-05 06:43:52.001	81	251110-11-15101846-343	\N
206	97	17	2025-11-10 00:00:00	2025	852	AVAILABLE	\N	2026-02-05 06:43:52.01	2026-02-05 06:43:52.01	81	251110-11-15101846-343	\N
207	96	17	2025-11-10 00:00:00	2025	853	AVAILABLE	\N	2026-02-05 06:43:52.023	2026-02-05 06:43:52.023	81	251110-11-15101846-343	\N
208	95	17	2025-11-10 00:00:00	2025	852	AVAILABLE	\N	2026-02-05 06:43:52.033	2026-02-05 06:43:52.033	81	251110-11-15101846-343	\N
209	94	17	2025-11-10 00:00:00	2025	851	AVAILABLE	\N	2026-02-05 06:43:52.043	2026-02-05 06:43:52.043	81	251110-11-15101846-343	\N
210	93	17	2025-11-10 00:00:00	2025	853	AVAILABLE	\N	2026-02-05 06:43:52.054	2026-02-05 06:43:52.054	81	251110-11-15101846-343	\N
211	92	17	2025-11-10 00:00:00	2025	853	AVAILABLE	\N	2026-02-05 06:43:52.064	2026-02-05 06:43:52.064	81	251110-11-15101846-343	\N
212	91	17	2025-11-10 00:00:00	2025	851	AVAILABLE	\N	2026-02-05 06:43:52.074	2026-02-05 06:43:52.074	81	251110-11-15101846-343	\N
213	90	17	2025-11-10 00:00:00	2025	852	AVAILABLE	\N	2026-02-05 06:43:52.085	2026-02-05 06:43:52.085	81	251110-11-15101846-343	\N
214	89	17	2025-11-10 00:00:00	2025	852	AVAILABLE	\N	2026-02-05 06:43:52.099	2026-02-05 06:43:52.099	81	251110-11-15101846-343	\N
215	88	17	2025-11-10 00:00:00	2025	852	AVAILABLE	\N	2026-02-05 06:43:52.113	2026-02-05 06:43:52.113	81	251110-11-15101846-343	\N
216	87	17	2025-11-10 00:00:00	2025	853	AVAILABLE	\N	2026-02-05 06:43:52.125	2026-02-05 06:43:52.125	81	251110-11-15101846-343	\N
217	86	17	2025-11-10 00:00:00	2025	853	AVAILABLE	\N	2026-02-05 06:43:52.136	2026-02-05 06:43:52.136	81	251110-11-15101846-343	\N
218	85	17	2025-11-10 00:00:00	2025	635	AVAILABLE	\N	2026-02-05 06:43:52.146	2026-02-05 06:43:52.146	81	251110-11-15101846-343	\N
219	84	17	2025-11-10 00:00:00	2025	851	AVAILABLE	\N	2026-02-05 06:43:52.157	2026-02-05 06:43:52.157	81	251110-11-15101846-343	\N
220	83	17	2025-11-10 00:00:00	2025	852	AVAILABLE	\N	2026-02-05 06:43:52.168	2026-02-05 06:43:52.168	81	251110-11-15101846-343	\N
221	82	17	2025-11-10 00:00:00	2025	852	AVAILABLE	\N	2026-02-05 06:43:52.179	2026-02-05 06:43:52.179	81	251110-11-15101846-343	\N
222	81	17	2025-11-10 00:00:00	2025	853	AVAILABLE	\N	2026-02-05 06:43:52.189	2026-02-05 06:43:52.189	81	251110-11-15101846-343	\N
223	80	17	2025-11-10 00:00:00	2025	854	AVAILABLE	\N	2026-02-05 06:43:52.199	2026-02-05 06:43:52.199	81	251110-11-15101846-343	\N
224	79	17	2025-11-03 00:00:00	2025	802	AVAILABLE	\N	2026-02-05 06:43:52.21	2026-02-05 06:43:52.21	65	251103-11-15101907-243	\N
225	78	17	2025-11-03 00:00:00	2025	802	AVAILABLE	\N	2026-02-05 06:43:52.221	2026-02-05 06:43:52.221	65	251103-11-15101907-243	\N
226	77	17	2025-11-03 00:00:00	2025	801	AVAILABLE	\N	2026-02-05 06:43:52.232	2026-02-05 06:43:52.232	65	251103-11-15101907-243	\N
227	76	17	2025-11-03 00:00:00	2025	800	AVAILABLE	\N	2026-02-05 06:43:52.242	2026-02-05 06:43:52.242	65	251103-11-15101907-243	\N
228	75	17	2025-11-03 00:00:00	2025	798	AVAILABLE	\N	2026-02-05 06:43:52.252	2026-02-05 06:43:52.252	65	251103-11-15101907-243	\N
229	74	17	2025-11-03 00:00:00	2025	802	AVAILABLE	\N	2026-02-05 06:43:52.262	2026-02-05 06:43:52.262	65	251103-11-15101907-243	\N
230	73	17	2025-11-03 00:00:00	2025	294	AVAILABLE	\N	2026-02-05 06:43:52.272	2026-02-05 06:43:52.272	34	251103-11-15101553-35	\N
231	72	17	2025-11-03 00:00:00	2025	809	AVAILABLE	\N	2026-02-05 06:43:52.282	2026-02-05 06:43:52.282	34	251103-11-15101553-35	\N
232	71	17	2025-11-03 00:00:00	2025	807	AVAILABLE	\N	2026-02-05 06:43:52.291	2026-02-05 06:43:52.291	34	251103-11-15101553-35	\N
233	70	17	2025-11-03 00:00:00	2025	808	AVAILABLE	\N	2026-02-05 06:43:52.301	2026-02-05 06:43:52.301	34	251103-11-15101553-35	\N
234	69	17	2025-11-03 00:00:00	2025	806	AVAILABLE	\N	2026-02-05 06:43:52.311	2026-02-05 06:43:52.311	34	251103-11-15101553-35	\N
235	68	17	2025-11-03 00:00:00	2025	802	AVAILABLE	\N	2026-02-05 06:43:52.321	2026-02-05 06:43:52.321	63	251103-11-15101907-241	\N
236	67	17	2025-11-03 00:00:00	2025	806	AVAILABLE	\N	2026-02-05 06:43:52.331	2026-02-05 06:43:52.331	63	251103-11-15101907-241	\N
237	66	17	2025-11-03 00:00:00	2025	802	AVAILABLE	\N	2026-02-05 06:43:52.34	2026-02-05 06:43:52.34	63	251103-11-15101907-241	\N
238	65	17	2025-11-03 00:00:00	2025	800	AVAILABLE	\N	2026-02-05 06:43:52.35	2026-02-05 06:43:52.35	63	251103-11-15101907-241	\N
239	64	17	2025-11-03 00:00:00	2025	801	AVAILABLE	\N	2026-02-05 06:43:52.361	2026-02-05 06:43:52.361	63	251103-11-15101907-241	\N
240	63	17	2025-11-03 00:00:00	2025	823	AVAILABLE	\N	2026-02-05 06:43:52.371	2026-02-05 06:43:52.371	63	251103-11-15101907-241	\N
241	62	17	2025-11-03 00:00:00	2025	804	AVAILABLE	\N	2026-02-05 06:43:52.381	2026-02-05 06:43:52.381	63	251103-11-15101907-241	\N
242	61	17	2025-11-03 00:00:00	2025	804	AVAILABLE	\N	2026-02-05 06:43:52.391	2026-02-05 06:43:52.391	63	251103-11-15101907-241	\N
243	60	17	2025-11-03 00:00:00	2025	803	AVAILABLE	\N	2026-02-05 06:43:52.402	2026-02-05 06:43:52.402	63	251103-11-15101907-241	\N
244	59	17	2025-11-03 00:00:00	2025	800	AVAILABLE	\N	2026-02-05 06:43:52.412	2026-02-05 06:43:52.412	63	251103-11-15101907-241	\N
245	58	17	2025-11-03 00:00:00	2025	202	AVAILABLE	\N	2026-02-05 06:43:52.422	2026-02-05 06:43:52.422	33	251103-11-15101553-34	\N
246	57	17	2025-11-03 00:00:00	2025	867	AVAILABLE	\N	2026-02-05 06:43:52.433	2026-02-05 06:43:52.433	33	251103-11-15101553-34	\N
247	56	17	2025-11-03 00:00:00	2025	822	AVAILABLE	\N	2026-02-05 06:43:52.443	2026-02-05 06:43:52.443	33	251103-11-15101553-34	\N
248	55	17	2025-11-03 00:00:00	2025	885	AVAILABLE	\N	2026-02-05 06:43:52.453	2026-02-05 06:43:52.453	33	251103-11-15101553-34	\N
249	54	17	2025-11-03 00:00:00	2025	825	AVAILABLE	\N	2026-02-05 06:43:52.463	2026-02-05 06:43:52.463	33	251103-11-15101553-34	\N
250	53	17	2025-11-03 00:00:00	2025	868	AVAILABLE	\N	2026-02-05 06:43:52.473	2026-02-05 06:43:52.473	33	251103-11-15101553-34	\N
251	52	17	2025-11-03 00:00:00	2025	872	AVAILABLE	\N	2026-02-05 06:43:52.483	2026-02-05 06:43:52.483	33	251103-11-15101553-34	\N
252	51	17	2025-11-03 00:00:00	2025	920	AVAILABLE	\N	2026-02-05 06:43:52.493	2026-02-05 06:43:52.493	33	251103-11-15101553-34	\N
253	50	17	2025-11-03 00:00:00	2025	923	AVAILABLE	\N	2026-02-05 06:43:52.503	2026-02-05 06:43:52.503	33	251103-11-15101553-34	\N
254	49	17	2025-11-03 00:00:00	2025	919	AVAILABLE	\N	2026-02-05 06:43:52.513	2026-02-05 06:43:52.513	32	251103-11-15101553-33	\N
255	48	17	2025-11-03 00:00:00	2025	917	AVAILABLE	\N	2026-02-05 06:43:52.523	2026-02-05 06:43:52.523	32	251103-11-15101553-33	\N
256	47	17	2025-11-03 00:00:00	2025	689	AVAILABLE	\N	2026-02-05 06:43:52.532	2026-02-05 06:43:52.532	32	251103-11-15101553-33	\N
257	46	17	2025-11-03 00:00:00	2025	919	AVAILABLE	\N	2026-02-05 06:43:52.542	2026-02-05 06:43:52.542	32	251103-11-15101553-33	\N
258	45	17	2025-11-03 00:00:00	2025	906	AVAILABLE	\N	2026-02-05 06:43:52.553	2026-02-05 06:43:52.553	32	251103-11-15101553-33	\N
259	44	17	2025-11-03 00:00:00	2025	914	AVAILABLE	\N	2026-02-05 06:43:52.563	2026-02-05 06:43:52.563	32	251103-11-15101553-33	\N
260	43	17	2025-11-03 00:00:00	2025	901	AVAILABLE	\N	2026-02-05 06:43:52.573	2026-02-05 06:43:52.573	32	251103-11-15101553-33	\N
261	42	17	2025-11-03 00:00:00	2025	904	AVAILABLE	\N	2026-02-05 06:43:52.583	2026-02-05 06:43:52.583	32	251103-11-15101553-33	\N
262	41	17	2025-11-03 00:00:00	2025	899	AVAILABLE	\N	2026-02-05 06:43:52.594	2026-02-05 06:43:52.594	38	251103-11-15101553-39	\N
263	40	17	2025-11-03 00:00:00	2025	576	AVAILABLE	\N	2026-02-05 06:43:52.604	2026-02-05 06:43:52.604	38	251103-11-15101553-39	\N
264	39	17	2025-11-03 00:00:00	2025	900	AVAILABLE	\N	2026-02-05 06:43:52.615	2026-02-05 06:43:52.615	38	251103-11-15101553-39	\N
265	38	17	2025-11-03 00:00:00	2025	902	AVAILABLE	\N	2026-02-05 06:43:52.625	2026-02-05 06:43:52.625	38	251103-11-15101553-39	\N
266	37	17	2025-11-03 00:00:00	2025	281	AVAILABLE	\N	2026-02-05 06:43:52.635	2026-02-05 06:43:52.635	31	251103-11-15101553-32	\N
267	36	17	2025-11-03 00:00:00	2025	807	AVAILABLE	\N	2026-02-05 06:43:52.646	2026-02-05 06:43:52.646	31	251103-11-15101553-32	\N
268	35	17	2025-11-03 00:00:00	2025	809	AVAILABLE	\N	2026-02-05 06:43:52.656	2026-02-05 06:43:52.656	31	251103-11-15101553-32	\N
269	34	17	2025-11-03 00:00:00	2025	810	AVAILABLE	\N	2026-02-05 06:43:52.667	2026-02-05 06:43:52.667	31	251103-11-15101553-32	\N
270	33	17	2025-11-03 00:00:00	2025	806	AVAILABLE	\N	2026-02-05 06:43:52.677	2026-02-05 06:43:52.677	31	251103-11-15101553-32	\N
271	32	17	2025-11-03 00:00:00	2025	807	AVAILABLE	\N	2026-02-05 06:43:52.687	2026-02-05 06:43:52.687	31	251103-11-15101553-32	\N
272	31	17	2025-11-03 00:00:00	2025	814	AVAILABLE	\N	2026-02-05 06:43:52.698	2026-02-05 06:43:52.698	31	251103-11-15101553-32	\N
273	30	17	2025-11-03 00:00:00	2025	808	AVAILABLE	\N	2026-02-05 06:43:52.708	2026-02-05 06:43:52.708	36	251103-11-15101553-37	\N
274	29	17	2025-11-03 00:00:00	2025	805	AVAILABLE	\N	2026-02-05 06:43:52.719	2026-02-05 06:43:52.719	36	251103-11-15101553-37	\N
275	28	17	2025-11-03 00:00:00	2025	820	AVAILABLE	\N	2026-02-05 06:43:52.728	2026-02-05 06:43:52.728	36	251103-11-15101553-37	\N
276	27	17	2025-11-03 00:00:00	2025	812	AVAILABLE	\N	2026-02-05 06:43:52.738	2026-02-05 06:43:52.738	36	251103-11-15101553-37	\N
277	26	17	2025-11-03 00:00:00	2025	809	AVAILABLE	\N	2026-02-05 06:43:52.748	2026-02-05 06:43:52.748	36	251103-11-15101553-37	\N
278	25	17	2025-11-03 00:00:00	2025	838	AVAILABLE	\N	2026-02-05 06:43:52.758	2026-02-05 06:43:52.758	36	251103-11-15101553-37	\N
279	24	17	2025-11-03 00:00:00	2025	813	AVAILABLE	\N	2026-02-05 06:43:52.768	2026-02-05 06:43:52.768	36	251103-11-15101553-37	\N
280	23	17	2025-11-03 00:00:00	2025	806	AVAILABLE	\N	2026-02-05 06:43:52.778	2026-02-05 06:43:52.778	36	251103-11-15101553-37	\N
281	22	17	2025-11-03 00:00:00	2025	862	AVAILABLE	\N	2026-02-05 06:43:52.788	2026-02-05 06:43:52.788	36	251103-11-15101553-37	\N
282	21	17	2025-11-03 00:00:00	2025	807	AVAILABLE	\N	2026-02-05 06:43:52.798	2026-02-05 06:43:52.798	36	251103-11-15101553-37	\N
283	20	17	2025-11-03 00:00:00	2025	812	AVAILABLE	\N	2026-02-05 06:43:52.808	2026-02-05 06:43:52.808	36	251103-11-15101553-37	\N
284	19	17	2025-11-03 00:00:00	2025	826	AVAILABLE	\N	2026-02-05 06:43:52.818	2026-02-05 06:43:52.818	36	251103-11-15101553-37	\N
285	18	17	2025-11-03 00:00:00	2025	834	AVAILABLE	\N	2026-02-05 06:43:52.828	2026-02-05 06:43:52.828	36	251103-11-15101553-37	\N
286	17	17	2025-11-03 00:00:00	2025	829	AVAILABLE	\N	2026-02-05 06:43:52.838	2026-02-05 06:43:52.838	36	251103-11-15101553-37	\N
287	16	17	2025-11-03 00:00:00	2025	814	AVAILABLE	\N	2026-02-05 06:43:52.856	2026-02-05 06:43:52.856	36	251103-11-15101553-37	\N
288	15	17	2025-11-03 00:00:00	2025	835	AVAILABLE	\N	2026-02-05 06:43:52.866	2026-02-05 06:43:52.866	36	251103-11-15101553-37	\N
289	14	17	2025-11-03 00:00:00	2025	811	AVAILABLE	\N	2026-02-05 06:43:52.877	2026-02-05 06:43:52.877	36	251103-11-15101553-37	\N
290	13	17	2025-11-03 00:00:00	2025	798	AVAILABLE	\N	2026-02-05 06:43:52.887	2026-02-05 06:43:52.887	36	251103-11-15101553-37	\N
291	12	17	2025-11-03 00:00:00	2025	807	AVAILABLE	\N	2026-02-05 06:43:52.898	2026-02-05 06:43:52.898	36	251103-11-15101553-37	\N
292	11	17	2025-11-03 00:00:00	2025	823	AVAILABLE	\N	2026-02-05 06:43:52.91	2026-02-05 06:43:52.91	36	251103-11-15101553-37	\N
293	10	17	2025-11-03 00:00:00	2025	807	AVAILABLE	\N	2026-02-05 06:43:52.922	2026-02-05 06:43:52.922	36	251103-11-15101553-37	\N
294	9	17	2025-11-03 00:00:00	2025	800	AVAILABLE	\N	2026-02-05 06:43:52.933	2026-02-05 06:43:52.933	36	251103-11-15101553-37	\N
295	8	17	2025-11-03 00:00:00	2025	671	AVAILABLE	\N	2026-02-05 06:43:52.943	2026-02-05 06:43:52.943	36	251103-11-15101553-37	\N
2194	210	6	2025-10-13 00:00:00	2025	721	AVAILABLE	\N	2026-02-23 08:31:52.079	2026-02-23 08:31:52.079	199	\N	\N
2195	211	6	2025-10-13 00:00:00	2025	721	AVAILABLE	\N	2026-02-23 08:32:17.294	2026-02-23 08:32:17.294	199	\N	\N
2196	212	6	2025-10-13 00:00:00	2025	432	AVAILABLE	\N	2026-02-23 08:32:39.597	2026-02-23 08:32:39.597	199	\N	\N
2197	213	11	2025-10-13 00:00:00	2025	693	AVAILABLE	\N	2026-02-23 08:35:08.254	2026-02-23 08:35:08.254	199	\N	\N
2198	214	11	2025-10-13 00:00:00	2025	905	AVAILABLE	\N	2026-02-23 08:35:28.251	2026-02-23 08:35:28.251	199	\N	\N
301	109	16	2025-11-29 00:00:00	2025	749	AVAILABLE	\N	2026-02-05 06:43:53.005	2026-02-05 06:43:53.005	85	251129-11-15102331-371	\N
302	108	16	2025-11-29 00:00:00	2025	916	AVAILABLE	\N	2026-02-05 06:43:53.015	2026-02-05 06:43:53.015	85	251129-11-15102331-371	\N
303	107	16	2025-11-29 00:00:00	2025	870	AVAILABLE	\N	2026-02-05 06:43:53.026	2026-02-05 06:43:53.026	85	251129-11-15102331-371	\N
304	353	15	2025-11-26 00:00:00	2025	210	AVAILABLE	\N	2026-02-05 06:43:53.036	2026-02-05 06:43:53.036	132	251126-11-15315653-451	\N
305	352	15	2025-11-26 00:00:00	2025	808	AVAILABLE	\N	2026-02-05 06:43:53.047	2026-02-05 06:43:53.047	132	251126-11-15315653-451	\N
306	351	15	2025-11-26 00:00:00	2025	807	AVAILABLE	\N	2026-02-05 06:43:53.058	2026-02-05 06:43:53.058	132	251126-11-15315653-451	\N
307	350	15	2025-11-26 00:00:00	2025	806	AVAILABLE	\N	2026-02-05 06:43:53.07	2026-02-05 06:43:53.07	132	251126-11-15315653-451	\N
308	349	15	2025-11-26 00:00:00	2025	807	AVAILABLE	\N	2026-02-05 06:43:53.08	2026-02-05 06:43:53.08	132	251126-11-15315653-451	\N
309	348	15	2025-11-26 00:00:00	2025	806	AVAILABLE	\N	2026-02-05 06:43:53.09	2026-02-05 06:43:53.09	132	251126-11-15315653-451	\N
310	347	15	2025-11-26 00:00:00	2025	808	AVAILABLE	\N	2026-02-05 06:43:53.1	2026-02-05 06:43:53.1	132	251126-11-15315653-451	\N
311	346	15	2025-11-26 00:00:00	2025	808	AVAILABLE	\N	2026-02-05 06:43:53.11	2026-02-05 06:43:53.11	132	251126-11-15315653-451	\N
312	345	15	2025-11-26 00:00:00	2025	806	AVAILABLE	\N	2026-02-05 06:43:53.121	2026-02-05 06:43:53.121	116	251126-11-15103885-4128	\N
313	344	15	2025-11-26 00:00:00	2025	806	AVAILABLE	\N	2026-02-05 06:43:53.131	2026-02-05 06:43:53.131	116	251126-11-15103885-4128	\N
314	343	15	2025-11-26 00:00:00	2025	805	AVAILABLE	\N	2026-02-05 06:43:53.142	2026-02-05 06:43:53.142	116	251126-11-15103885-4128	\N
315	342	15	2025-11-26 00:00:00	2025	807	AVAILABLE	\N	2026-02-05 06:43:53.152	2026-02-05 06:43:53.152	116	251126-11-15103885-4128	\N
316	341	15	2025-11-26 00:00:00	2025	805	AVAILABLE	\N	2026-02-05 06:43:53.162	2026-02-05 06:43:53.162	116	251126-11-15103885-4128	\N
317	340	15	2025-11-26 00:00:00	2025	799	AVAILABLE	\N	2026-02-05 06:43:53.171	2026-02-05 06:43:53.171	112	251126-11-15103885-4124	\N
318	339	15	2025-11-26 00:00:00	2025	802	AVAILABLE	\N	2026-02-05 06:43:53.181	2026-02-05 06:43:53.181	112	251126-11-15103885-4124	\N
319	338	15	2025-11-26 00:00:00	2025	806	AVAILABLE	\N	2026-02-05 06:43:53.192	2026-02-05 06:43:53.192	112	251126-11-15103885-4124	\N
320	337	15	2025-11-26 00:00:00	2025	798	AVAILABLE	\N	2026-02-05 06:43:53.202	2026-02-05 06:43:53.202	112	251126-11-15103885-4124	\N
321	336	15	2025-11-26 00:00:00	2025	526	AVAILABLE	\N	2026-02-05 06:43:53.212	2026-02-05 06:43:53.212	112	251126-11-15103885-4124	\N
322	335	15	2025-11-26 00:00:00	2025	817	AVAILABLE	\N	2026-02-05 06:43:53.223	2026-02-05 06:43:53.223	123	251126-11-15103885-4135	\N
323	334	15	2025-11-26 00:00:00	2025	846	AVAILABLE	\N	2026-02-05 06:43:53.233	2026-02-05 06:43:53.233	123	251126-11-15103885-4135	\N
324	333	15	2025-11-26 00:00:00	2025	822	AVAILABLE	\N	2026-02-05 06:43:53.244	2026-02-05 06:43:53.244	123	251126-11-15103885-4135	\N
325	332	15	2025-11-26 00:00:00	2025	821	AVAILABLE	\N	2026-02-05 06:43:53.255	2026-02-05 06:43:53.255	123	251126-11-15103885-4135	\N
326	331	15	2025-11-20 00:00:00	2025	803	AVAILABLE	\N	2026-02-05 06:43:53.264	2026-02-05 06:43:53.264	97	251120-11-15103885-419	\N
327	330	15	2025-11-20 00:00:00	2025	803	AVAILABLE	\N	2026-02-05 06:43:53.274	2026-02-05 06:43:53.274	97	251120-11-15103885-419	\N
328	329	15	2025-11-20 00:00:00	2025	803	AVAILABLE	\N	2026-02-05 06:43:53.286	2026-02-05 06:43:53.286	97	251120-11-15103885-419	\N
329	328	15	2025-11-20 00:00:00	2025	802	AVAILABLE	\N	2026-02-05 06:43:53.297	2026-02-05 06:43:53.297	97	251120-11-15103885-419	\N
330	327	15	2025-11-20 00:00:00	2025	803	AVAILABLE	\N	2026-02-05 06:43:53.308	2026-02-05 06:43:53.308	97	251120-11-15103885-419	\N
331	326	15	2025-11-20 00:00:00	2025	802	AVAILABLE	\N	2026-02-05 06:43:53.318	2026-02-05 06:43:53.318	97	251120-11-15103885-419	\N
332	325	15	2025-11-20 00:00:00	2025	803	AVAILABLE	\N	2026-02-05 06:43:53.328	2026-02-05 06:43:53.328	97	251120-11-15103885-419	\N
333	324	15	2025-11-20 00:00:00	2025	802	AVAILABLE	\N	2026-02-05 06:43:53.34	2026-02-05 06:43:53.34	97	251120-11-15103885-419	\N
334	323	15	2025-11-20 00:00:00	2025	808	AVAILABLE	\N	2026-02-05 06:43:53.35	2026-02-05 06:43:53.35	97	251120-11-15103885-419	\N
335	322	15	2025-11-20 00:00:00	2025	805	AVAILABLE	\N	2026-02-05 06:43:53.362	2026-02-05 06:43:53.362	97	251120-11-15103885-419	\N
336	321	15	2025-11-20 00:00:00	2025	802	AVAILABLE	\N	2026-02-05 06:43:53.375	2026-02-05 06:43:53.375	97	251120-11-15103885-419	\N
337	320	15	2025-11-20 00:00:00	2025	794	AVAILABLE	\N	2026-02-05 06:43:53.386	2026-02-05 06:43:53.386	97	251120-11-15103885-419	\N
338	319	15	2025-11-20 00:00:00	2025	803	AVAILABLE	\N	2026-02-05 06:43:53.397	2026-02-05 06:43:53.397	97	251120-11-15103885-419	\N
339	318	15	2025-11-20 00:00:00	2025	793	AVAILABLE	\N	2026-02-05 06:43:53.407	2026-02-05 06:43:53.407	97	251120-11-15103885-419	\N
340	317	15	2025-11-20 00:00:00	2025	805	AVAILABLE	\N	2026-02-05 06:43:53.418	2026-02-05 06:43:53.418	97	251120-11-15103885-419	\N
341	316	15	2025-11-20 00:00:00	2025	803	AVAILABLE	\N	2026-02-05 06:43:53.429	2026-02-05 06:43:53.429	97	251120-11-15103885-419	\N
342	315	15	2025-11-20 00:00:00	2025	804	AVAILABLE	\N	2026-02-05 06:43:53.44	2026-02-05 06:43:53.44	97	251120-11-15103885-419	\N
343	314	15	2025-11-20 00:00:00	2025	804	AVAILABLE	\N	2026-02-05 06:43:53.451	2026-02-05 06:43:53.451	97	251120-11-15103885-419	\N
344	313	15	2025-11-20 00:00:00	2025	804	AVAILABLE	\N	2026-02-05 06:43:53.461	2026-02-05 06:43:53.461	97	251120-11-15103885-419	\N
345	312	15	2025-11-20 00:00:00	2025	804	AVAILABLE	\N	2026-02-05 06:43:53.472	2026-02-05 06:43:53.472	97	251120-11-15103885-419	\N
346	311	15	2025-11-20 00:00:00	2025	766	AVAILABLE	\N	2026-02-05 06:43:53.483	2026-02-05 06:43:53.483	97	251120-11-15103885-419	\N
347	310	15	2025-11-20 00:00:00	2025	803	AVAILABLE	\N	2026-02-05 06:43:53.494	2026-02-05 06:43:53.494	97	251120-11-15103885-419	\N
348	309	15	2025-11-20 00:00:00	2025	804	AVAILABLE	\N	2026-02-05 06:43:53.505	2026-02-05 06:43:53.505	97	251120-11-15103885-419	\N
349	308	15	2025-11-20 00:00:00	2025	802	AVAILABLE	\N	2026-02-05 06:43:53.515	2026-02-05 06:43:53.515	97	251120-11-15103885-419	\N
350	307	15	2025-11-20 00:00:00	2025	803	AVAILABLE	\N	2026-02-05 06:43:53.526	2026-02-05 06:43:53.526	97	251120-11-15103885-419	\N
351	306	15	2025-11-20 00:00:00	2025	803	AVAILABLE	\N	2026-02-05 06:43:53.536	2026-02-05 06:43:53.536	97	251120-11-15103885-419	\N
352	305	15	2025-11-20 00:00:00	2025	804	AVAILABLE	\N	2026-02-05 06:43:53.547	2026-02-05 06:43:53.547	128	251120-11-15103885-4140	\N
353	304	15	2025-11-20 00:00:00	2025	803	AVAILABLE	\N	2026-02-05 06:43:53.557	2026-02-05 06:43:53.557	128	251120-11-15103885-4140	\N
354	303	15	2025-11-20 00:00:00	2025	803	AVAILABLE	\N	2026-02-05 06:43:53.567	2026-02-05 06:43:53.567	128	251120-11-15103885-4140	\N
355	302	15	2025-11-20 00:00:00	2025	803	AVAILABLE	\N	2026-02-05 06:43:53.576	2026-02-05 06:43:53.576	128	251120-11-15103885-4140	\N
356	301	15	2025-11-20 00:00:00	2025	803	AVAILABLE	\N	2026-02-05 06:43:53.587	2026-02-05 06:43:53.587	114	251120-11-15103885-4126	\N
357	300	15	2025-11-20 00:00:00	2025	802	AVAILABLE	\N	2026-02-05 06:43:53.597	2026-02-05 06:43:53.597	114	251120-11-15103885-4126	\N
358	299	15	2025-11-20 00:00:00	2025	801	AVAILABLE	\N	2026-02-05 06:43:53.61	2026-02-05 06:43:53.61	114	251120-11-15103885-4126	\N
359	298	15	2025-11-20 00:00:00	2025	802	AVAILABLE	\N	2026-02-05 06:43:53.62	2026-02-05 06:43:53.62	114	251120-11-15103885-4126	\N
360	297	15	2025-11-20 00:00:00	2025	802	AVAILABLE	\N	2026-02-05 06:43:53.63	2026-02-05 06:43:53.63	114	251120-11-15103885-4126	\N
361	296	15	2025-11-20 00:00:00	2025	803	AVAILABLE	\N	2026-02-05 06:43:53.643	2026-02-05 06:43:53.643	114	251120-11-15103885-4126	\N
362	295	15	2025-11-20 00:00:00	2025	802	AVAILABLE	\N	2026-02-05 06:43:53.653	2026-02-05 06:43:53.653	114	251120-11-15103885-4126	\N
363	294	15	2025-11-20 00:00:00	2025	802	AVAILABLE	\N	2026-02-05 06:43:53.666	2026-02-05 06:43:53.666	114	251120-11-15103885-4126	\N
364	293	15	2025-11-20 00:00:00	2025	803	AVAILABLE	\N	2026-02-05 06:43:53.676	2026-02-05 06:43:53.676	114	251120-11-15103885-4126	\N
365	292	15	2025-11-20 00:00:00	2025	802	AVAILABLE	\N	2026-02-05 06:43:53.686	2026-02-05 06:43:53.686	114	251120-11-15103885-4126	\N
366	291	15	2025-11-20 00:00:00	2025	802	AVAILABLE	\N	2026-02-05 06:43:53.698	2026-02-05 06:43:53.698	114	251120-11-15103885-4126	\N
367	290	15	2025-11-20 00:00:00	2025	802	AVAILABLE	\N	2026-02-05 06:43:53.712	2026-02-05 06:43:53.712	114	251120-11-15103885-4126	\N
368	289	15	2025-11-20 00:00:00	2025	804	AVAILABLE	\N	2026-02-05 06:43:53.723	2026-02-05 06:43:53.723	103	251120-11-15103885-4115	\N
369	288	15	2025-11-20 00:00:00	2025	803	AVAILABLE	\N	2026-02-05 06:43:53.733	2026-02-05 06:43:53.733	103	251120-11-15103885-4115	\N
370	287	15	2025-11-20 00:00:00	2025	803	AVAILABLE	\N	2026-02-05 06:43:53.743	2026-02-05 06:43:53.743	103	251120-11-15103885-4115	\N
371	286	15	2025-11-20 00:00:00	2025	804	AVAILABLE	\N	2026-02-05 06:43:53.753	2026-02-05 06:43:53.753	103	251120-11-15103885-4115	\N
372	285	15	2025-11-20 00:00:00	2025	804	AVAILABLE	\N	2026-02-05 06:43:53.763	2026-02-05 06:43:53.763	103	251120-11-15103885-4115	\N
373	284	15	2025-11-20 00:00:00	2025	803	AVAILABLE	\N	2026-02-05 06:43:53.774	2026-02-05 06:43:53.774	103	251120-11-15103885-4115	\N
374	283	15	2025-11-20 00:00:00	2025	803	AVAILABLE	\N	2026-02-05 06:43:53.784	2026-02-05 06:43:53.784	103	251120-11-15103885-4115	\N
375	282	15	2025-11-20 00:00:00	2025	338	AVAILABLE	\N	2026-02-05 06:43:53.794	2026-02-05 06:43:53.794	110	251120-11-15103885-4122	\N
376	281	15	2025-11-20 00:00:00	2025	804	AVAILABLE	\N	2026-02-05 06:43:53.804	2026-02-05 06:43:53.804	110	251120-11-15103885-4122	\N
377	280	15	2025-11-20 00:00:00	2025	808	AVAILABLE	\N	2026-02-05 06:43:53.815	2026-02-05 06:43:53.815	110	251120-11-15103885-4122	\N
378	279	15	2025-11-20 00:00:00	2025	805	AVAILABLE	\N	2026-02-05 06:43:53.825	2026-02-05 06:43:53.825	110	251120-11-15103885-4122	\N
379	278	15	2025-11-20 00:00:00	2025	803	AVAILABLE	\N	2026-02-05 06:43:53.835	2026-02-05 06:43:53.835	110	251120-11-15103885-4122	\N
380	277	15	2025-11-20 00:00:00	2025	800	AVAILABLE	\N	2026-02-05 06:43:53.845	2026-02-05 06:43:53.845	110	251120-11-15103885-4122	\N
381	276	15	2025-11-20 00:00:00	2025	805	AVAILABLE	\N	2026-02-05 06:43:53.855	2026-02-05 06:43:53.855	102	251120-11-15103885-4114	\N
382	275	15	2025-11-20 00:00:00	2025	806	AVAILABLE	\N	2026-02-05 06:43:53.865	2026-02-05 06:43:53.865	102	251120-11-15103885-4114	\N
383	274	15	2025-11-20 00:00:00	2025	807	AVAILABLE	\N	2026-02-05 06:43:53.874	2026-02-05 06:43:53.874	102	251120-11-15103885-4114	\N
384	273	15	2025-11-20 00:00:00	2025	808	AVAILABLE	\N	2026-02-05 06:43:53.885	2026-02-05 06:43:53.885	102	251120-11-15103885-4114	\N
385	272	15	2025-11-20 00:00:00	2025	806	AVAILABLE	\N	2026-02-05 06:43:53.895	2026-02-05 06:43:53.895	102	251120-11-15103885-4114	\N
386	271	15	2025-11-20 00:00:00	2025	806	AVAILABLE	\N	2026-02-05 06:43:53.906	2026-02-05 06:43:53.906	102	251120-11-15103885-4114	\N
387	270	15	2025-11-20 00:00:00	2025	608	AVAILABLE	\N	2026-02-05 06:43:53.915	2026-02-05 06:43:53.915	102	251120-11-15103885-4114	\N
388	269	15	2025-11-20 00:00:00	2025	804	AVAILABLE	\N	2026-02-05 06:43:53.925	2026-02-05 06:43:53.925	113	251120-11-15103885-4125	\N
389	268	15	2025-11-20 00:00:00	2025	802	AVAILABLE	\N	2026-02-05 06:43:53.934	2026-02-05 06:43:53.934	113	251120-11-15103885-4125	\N
390	267	15	2025-11-20 00:00:00	2025	800	AVAILABLE	\N	2026-02-05 06:43:53.945	2026-02-05 06:43:53.945	96	251120-11-15103885-418	\N
391	266	15	2025-11-20 00:00:00	2025	802	AVAILABLE	\N	2026-02-05 06:43:53.954	2026-02-05 06:43:53.954	96	251120-11-15103885-418	\N
392	265	15	2025-11-20 00:00:00	2025	802	AVAILABLE	\N	2026-02-05 06:43:53.964	2026-02-05 06:43:53.964	96	251120-11-15103885-418	\N
393	264	15	2025-11-20 00:00:00	2025	801	AVAILABLE	\N	2026-02-05 06:43:53.974	2026-02-05 06:43:53.974	96	251120-11-15103885-418	\N
394	263	15	2025-11-20 00:00:00	2025	801	AVAILABLE	\N	2026-02-05 06:43:53.984	2026-02-05 06:43:53.984	96	251120-11-15103885-418	\N
395	262	15	2025-11-20 00:00:00	2025	805	AVAILABLE	\N	2026-02-05 06:43:53.994	2026-02-05 06:43:53.994	107	251120-11-15103885-4119	\N
396	261	15	2025-11-20 00:00:00	2025	804	AVAILABLE	\N	2026-02-05 06:43:54.004	2026-02-05 06:43:54.004	107	251120-11-15103885-4119	\N
397	260	15	2025-11-20 00:00:00	2025	805	AVAILABLE	\N	2026-02-05 06:43:54.015	2026-02-05 06:43:54.015	107	251120-11-15103885-4119	\N
398	259	15	2025-11-20 00:00:00	2025	804	AVAILABLE	\N	2026-02-05 06:43:54.024	2026-02-05 06:43:54.024	107	251120-11-15103885-4119	\N
399	258	15	2025-11-20 00:00:00	2025	803	AVAILABLE	\N	2026-02-05 06:43:54.034	2026-02-05 06:43:54.034	107	251120-11-15103885-4119	\N
400	257	15	2025-11-20 00:00:00	2025	699	AVAILABLE	\N	2026-02-05 06:43:54.045	2026-02-05 06:43:54.045	107	251120-11-15103885-4119	\N
401	256	15	2025-11-20 00:00:00	2025	805	AVAILABLE	\N	2026-02-05 06:43:54.054	2026-02-05 06:43:54.054	121	251120-11-15103885-4133	\N
402	255	15	2025-11-20 00:00:00	2025	805	AVAILABLE	\N	2026-02-05 06:43:54.063	2026-02-05 06:43:54.063	121	251120-11-15103885-4133	\N
403	254	15	2025-11-20 00:00:00	2025	121	AVAILABLE	\N	2026-02-05 06:43:54.073	2026-02-05 06:43:54.073	121	251120-11-15103885-4133	\N
404	253	15	2025-11-20 00:00:00	2025	808	AVAILABLE	\N	2026-02-05 06:43:54.083	2026-02-05 06:43:54.083	121	251120-11-15103885-4133	\N
405	252	15	2025-11-20 00:00:00	2025	808	AVAILABLE	\N	2026-02-05 06:43:54.092	2026-02-05 06:43:54.092	121	251120-11-15103885-4133	\N
406	251	15	2025-11-20 00:00:00	2025	805	AVAILABLE	\N	2026-02-05 06:43:54.103	2026-02-05 06:43:54.103	108	251120-11-15103885-4120	\N
407	250	15	2025-11-20 00:00:00	2025	803	AVAILABLE	\N	2026-02-05 06:43:54.113	2026-02-05 06:43:54.113	108	251120-11-15103885-4120	\N
408	249	15	2025-11-20 00:00:00	2025	803	AVAILABLE	\N	2026-02-05 06:43:54.125	2026-02-05 06:43:54.125	108	251120-11-15103885-4120	\N
409	248	15	2025-11-20 00:00:00	2025	802	AVAILABLE	\N	2026-02-05 06:43:54.136	2026-02-05 06:43:54.136	108	251120-11-15103885-4120	\N
410	247	15	2025-11-20 00:00:00	2025	804	AVAILABLE	\N	2026-02-05 06:43:54.147	2026-02-05 06:43:54.147	114	251120-11-15103885-4126	\N
411	246	15	2025-11-20 00:00:00	2025	803	AVAILABLE	\N	2026-02-05 06:43:54.158	2026-02-05 06:43:54.158	114	251120-11-15103885-4126	\N
412	245	15	2025-11-20 00:00:00	2025	804	AVAILABLE	\N	2026-02-05 06:43:54.168	2026-02-05 06:43:54.168	114	251120-11-15103885-4126	\N
413	244	15	2025-11-20 00:00:00	2025	804	AVAILABLE	\N	2026-02-05 06:43:54.178	2026-02-05 06:43:54.178	114	251120-11-15103885-4126	\N
414	243	15	2025-11-20 00:00:00	2025	803	AVAILABLE	\N	2026-02-05 06:43:54.188	2026-02-05 06:43:54.188	114	251120-11-15103885-4126	\N
415	242	15	2025-11-20 00:00:00	2025	805	AVAILABLE	\N	2026-02-05 06:43:54.198	2026-02-05 06:43:54.198	114	251120-11-15103885-4126	\N
416	241	15	2025-11-20 00:00:00	2025	803	AVAILABLE	\N	2026-02-05 06:43:54.209	2026-02-05 06:43:54.209	114	251120-11-15103885-4126	\N
417	240	15	2025-11-20 00:00:00	2025	803	AVAILABLE	\N	2026-02-05 06:43:54.22	2026-02-05 06:43:54.22	114	251120-11-15103885-4126	\N
418	239	15	2025-11-20 00:00:00	2025	800	AVAILABLE	\N	2026-02-05 06:43:54.23	2026-02-05 06:43:54.23	114	251120-11-15103885-4126	\N
419	238	15	2025-11-20 00:00:00	2025	803	AVAILABLE	\N	2026-02-05 06:43:54.24	2026-02-05 06:43:54.24	114	251120-11-15103885-4126	\N
420	237	15	2025-11-20 00:00:00	2025	804	AVAILABLE	\N	2026-02-05 06:43:54.25	2026-02-05 06:43:54.25	114	251120-11-15103885-4126	\N
421	236	15	2025-11-20 00:00:00	2025	803	AVAILABLE	\N	2026-02-05 06:43:54.259	2026-02-05 06:43:54.259	114	251120-11-15103885-4126	\N
422	235	15	2025-11-20 00:00:00	2025	169	AVAILABLE	\N	2026-02-05 06:43:54.27	2026-02-05 06:43:54.27	114	251120-11-15103885-4126	\N
423	234	15	2025-11-20 00:00:00	2025	803	AVAILABLE	\N	2026-02-05 06:43:54.28	2026-02-05 06:43:54.28	126	251120-11-15103885-4138	\N
424	233	15	2025-11-20 00:00:00	2025	804	AVAILABLE	\N	2026-02-05 06:43:54.29	2026-02-05 06:43:54.29	126	251120-11-15103885-4138	\N
425	232	15	2025-11-20 00:00:00	2025	803	AVAILABLE	\N	2026-02-05 06:43:54.3	2026-02-05 06:43:54.3	126	251120-11-15103885-4138	\N
426	231	15	2025-11-20 00:00:00	2025	802	AVAILABLE	\N	2026-02-05 06:43:54.31	2026-02-05 06:43:54.31	126	251120-11-15103885-4138	\N
427	230	15	2025-11-20 00:00:00	2025	801	AVAILABLE	\N	2026-02-05 06:43:54.32	2026-02-05 06:43:54.32	126	251120-11-15103885-4138	\N
428	229	15	2025-11-20 00:00:00	2025	649	AVAILABLE	\N	2026-02-05 06:43:54.33	2026-02-05 06:43:54.33	98	251120-11-15103885-4110	\N
429	228	15	2025-11-20 00:00:00	2025	802	AVAILABLE	\N	2026-02-05 06:43:54.34	2026-02-05 06:43:54.34	98	251120-11-15103885-4110	\N
430	227	15	2025-11-20 00:00:00	2025	803	AVAILABLE	\N	2026-02-05 06:43:54.351	2026-02-05 06:43:54.351	98	251120-11-15103885-4110	\N
431	226	15	2025-11-20 00:00:00	2025	803	AVAILABLE	\N	2026-02-05 06:43:54.361	2026-02-05 06:43:54.361	98	251120-11-15103885-4110	\N
432	225	15	2025-11-19 00:00:00	2025	758	AVAILABLE	\N	2026-02-05 06:43:54.371	2026-02-05 06:43:54.371	111	251119-11-15103885-4123	\N
433	224	15	2025-11-19 00:00:00	2025	805	AVAILABLE	\N	2026-02-05 06:43:54.381	2026-02-05 06:43:54.381	111	251119-11-15103885-4123	\N
434	223	15	2025-11-19 00:00:00	2025	803	AVAILABLE	\N	2026-02-05 06:43:54.391	2026-02-05 06:43:54.391	111	251119-11-15103885-4123	\N
435	222	15	2025-11-19 00:00:00	2025	803	AVAILABLE	\N	2026-02-05 06:43:54.4	2026-02-05 06:43:54.4	111	251119-11-15103885-4123	\N
436	221	15	2025-11-19 00:00:00	2025	804	AVAILABLE	\N	2026-02-05 06:43:54.412	2026-02-05 06:43:54.412	111	251119-11-15103885-4123	\N
437	220	15	2025-11-19 00:00:00	2025	809	AVAILABLE	\N	2026-02-05 06:43:54.423	2026-02-05 06:43:54.423	94	251119-11-15103885-416	\N
438	219	15	2025-11-19 00:00:00	2025	808	AVAILABLE	\N	2026-02-05 06:43:54.434	2026-02-05 06:43:54.434	94	251119-11-15103885-416	\N
439	218	15	2025-11-19 00:00:00	2025	806	AVAILABLE	\N	2026-02-05 06:43:54.444	2026-02-05 06:43:54.444	94	251119-11-15103885-416	\N
440	217	15	2025-11-19 00:00:00	2025	806	AVAILABLE	\N	2026-02-05 06:43:54.455	2026-02-05 06:43:54.455	94	251119-11-15103885-416	\N
441	216	15	2025-11-19 00:00:00	2025	806	AVAILABLE	\N	2026-02-05 06:43:54.474	2026-02-05 06:43:54.474	94	251119-11-15103885-416	\N
442	215	15	2025-11-19 00:00:00	2025	447	AVAILABLE	\N	2026-02-05 06:43:54.486	2026-02-05 06:43:54.486	94	251119-11-15103885-416	\N
443	214	15	2025-11-19 00:00:00	2025	792	AVAILABLE	\N	2026-02-05 06:43:54.497	2026-02-05 06:43:54.497	125	251119-11-15103885-4137	\N
444	213	15	2025-11-19 00:00:00	2025	795	AVAILABLE	\N	2026-02-05 06:43:54.508	2026-02-05 06:43:54.508	125	251119-11-15103885-4137	\N
445	212	15	2025-11-19 00:00:00	2025	796	AVAILABLE	\N	2026-02-05 06:43:54.52	2026-02-05 06:43:54.52	125	251119-11-15103885-4137	\N
446	211	15	2025-11-19 00:00:00	2025	794	AVAILABLE	\N	2026-02-05 06:43:54.531	2026-02-05 06:43:54.531	125	251119-11-15103885-4137	\N
447	210	15	2025-11-19 00:00:00	2025	795	AVAILABLE	\N	2026-02-05 06:43:54.541	2026-02-05 06:43:54.541	125	251119-11-15103885-4137	\N
448	209	15	2025-11-19 00:00:00	2025	793	AVAILABLE	\N	2026-02-05 06:43:54.552	2026-02-05 06:43:54.552	125	251119-11-15103885-4137	\N
449	208	15	2025-11-19 00:00:00	2025	702	AVAILABLE	\N	2026-02-05 06:43:54.563	2026-02-05 06:43:54.563	125	251119-11-15103885-4137	\N
450	207	15	2025-11-19 00:00:00	2025	795	AVAILABLE	\N	2026-02-05 06:43:54.573	2026-02-05 06:43:54.573	125	251119-11-15103885-4137	\N
451	206	15	2025-11-19 00:00:00	2025	796	AVAILABLE	\N	2026-02-05 06:43:54.587	2026-02-05 06:43:54.587	125	251119-11-15103885-4137	\N
452	205	15	2025-11-19 00:00:00	2025	794	AVAILABLE	\N	2026-02-05 06:43:54.597	2026-02-05 06:43:54.597	125	251119-11-15103885-4137	\N
453	204	15	2025-11-19 00:00:00	2025	793	AVAILABLE	\N	2026-02-05 06:43:54.607	2026-02-05 06:43:54.607	125	251119-11-15103885-4137	\N
454	203	15	2025-11-19 00:00:00	2025	793	AVAILABLE	\N	2026-02-05 06:43:54.618	2026-02-05 06:43:54.618	125	251119-11-15103885-4137	\N
455	202	15	2025-11-19 00:00:00	2025	795	AVAILABLE	\N	2026-02-05 06:43:54.629	2026-02-05 06:43:54.629	125	251119-11-15103885-4137	\N
456	201	15	2025-11-19 00:00:00	2025	795	AVAILABLE	\N	2026-02-05 06:43:54.64	2026-02-05 06:43:54.64	125	251119-11-15103885-4137	\N
458	166	15	2026-01-20 00:00:00	2025	805	AVAILABLE	\N	2026-02-05 06:43:54.66	2026-02-05 06:43:54.66	129	260120-11-15101684-421	\N
459	165	15	2026-01-20 00:00:00	2025	802	AVAILABLE	\N	2026-02-05 06:43:54.671	2026-02-05 06:43:54.671	129	260120-11-15101684-421	\N
473	151	15	2025-11-12 00:00:00	2025	804	CONSUMED	32	2026-02-05 06:43:54.814	2026-02-20 06:05:09.635	148	251112-11-15316438-541	\N
457	167	15	2026-01-23 00:00:00	2025	802	CONSUMED	87	2026-02-05 06:43:54.65	2026-02-23 08:04:44.519	53	260123-11-15314142-141	\N
475	149	15	2025-11-11 00:00:00	2025	805	CONSUMED	51	2026-02-05 06:43:54.833	2026-02-23 06:59:18.495	69	251111-11-15101907-247	\N
476	148	15	2025-11-11 00:00:00	2025	803	CONSUMED	51	2026-02-05 06:43:54.845	2026-02-23 06:59:18.495	69	251111-11-15101907-247	\N
477	147	15	2025-11-11 00:00:00	2025	805	CONSUMED	51	2026-02-05 06:43:54.856	2026-02-23 06:59:18.495	69	251111-11-15101907-247	\N
470	154	15	2025-11-11 00:00:00	2025	808	CONSUMED	51	2026-02-05 06:43:54.783	2026-02-20 02:02:06.416	83	251111-11-15101846-345	\N
465	159	15	2025-11-11 00:00:00	2025	803	CONSUMED	49	2026-02-05 06:43:54.733	2026-02-20 02:00:51.327	83	251111-11-15101846-345	\N
466	158	15	2025-11-11 00:00:00	2025	802	CONSUMED	49	2026-02-05 06:43:54.743	2026-02-20 02:00:51.327	83	251111-11-15101846-345	\N
467	157	15	2025-11-11 00:00:00	2025	802	CONSUMED	50	2026-02-05 06:43:54.753	2026-02-20 02:01:30.009	83	251111-11-15101846-345	\N
468	156	15	2025-11-11 00:00:00	2025	802	CONSUMED	50	2026-02-05 06:43:54.763	2026-02-20 02:01:30.009	83	251111-11-15101846-345	\N
469	155	15	2025-11-11 00:00:00	2025	802	CONSUMED	50	2026-02-05 06:43:54.774	2026-02-20 02:01:30.009	83	251111-11-15101846-345	\N
478	146	15	2025-11-11 00:00:00	2025	803	CONSUMED	59	2026-02-05 06:43:54.866	2026-02-20 02:31:01.277	69	251111-11-15101907-247	\N
479	145	15	2025-11-11 00:00:00	2025	803	CONSUMED	59	2026-02-05 06:43:54.877	2026-02-20 02:31:01.277	69	251111-11-15101907-247	\N
480	144	15	2025-11-11 00:00:00	2025	803	CONSUMED	59	2026-02-05 06:43:54.888	2026-02-20 02:31:01.277	69	251111-11-15101907-247	\N
521	103	15	2025-11-11 00:00:00	2025	961	CONSUMED	87	2026-02-05 06:43:55.315	2026-02-23 08:04:44.519	58	251111-11-15101488-191	\N
522	102	15	2025-11-11 00:00:00	2025	963	CONSUMED	87	2026-02-05 06:43:55.325	2026-02-23 08:04:44.519	58	251111-11-15101488-191	\N
523	101	15	2025-11-11 00:00:00	2025	973	CONSUMED	87	2026-02-05 06:43:55.335	2026-02-23 08:04:44.519	58	251111-11-15101488-191	\N
524	100	15	2025-11-11 00:00:00	2025	852	CONSUMED	87	2026-02-05 06:43:55.346	2026-02-23 08:04:44.519	58	251111-11-15101488-191	\N
525	99	15	2025-11-11 00:00:00	2025	892	CONSUMED	87	2026-02-05 06:43:55.356	2026-02-23 08:04:44.519	58	251111-11-15101488-191	\N
526	98	15	2025-11-11 00:00:00	2025	1025	CONSUMED	87	2026-02-05 06:43:55.366	2026-02-23 08:04:44.519	58	251111-11-15101488-191	\N
527	97	15	2025-11-11 00:00:00	2025	910	CONSUMED	87	2026-02-05 06:43:55.375	2026-02-23 08:04:44.519	58	251111-11-15101488-191	\N
528	96	15	2025-11-11 00:00:00	2025	1020	CONSUMED	87	2026-02-05 06:43:55.385	2026-02-23 08:04:44.519	58	251111-11-15101488-191	\N
529	95	15	2025-11-11 00:00:00	2025	922	CONSUMED	87	2026-02-05 06:43:55.395	2026-02-23 08:04:44.519	58	251111-11-15101488-191	\N
530	94	15	2025-11-11 00:00:00	2025	917	CONSUMED	87	2026-02-05 06:43:55.405	2026-02-23 08:04:44.519	58	251111-11-15101488-191	\N
531	93	15	2025-11-11 00:00:00	2025	932	CONSUMED	87	2026-02-05 06:43:55.415	2026-02-23 08:04:44.519	58	251111-11-15101488-191	\N
532	92	15	2025-11-11 00:00:00	2025	1004	CONSUMED	87	2026-02-05 06:43:55.424	2026-02-23 08:04:44.519	58	251111-11-15101488-191	\N
533	91	15	2025-11-11 00:00:00	2025	906	CONSUMED	87	2026-02-05 06:43:55.435	2026-02-23 08:04:44.519	58	251111-11-15101488-191	\N
534	90	15	2025-11-11 00:00:00	2025	917	CONSUMED	87	2026-02-05 06:43:55.444	2026-02-23 08:04:44.519	58	251111-11-15101488-191	\N
535	89	15	2025-11-11 00:00:00	2025	976	CONSUMED	87	2026-02-05 06:43:55.454	2026-02-23 08:04:44.519	58	251111-11-15101488-191	\N
536	88	15	2025-11-11 00:00:00	2025	862	CONSUMED	87	2026-02-05 06:43:55.464	2026-02-23 08:04:44.519	58	251111-11-15101488-191	\N
537	87	15	2025-11-11 00:00:00	2025	903	CONSUMED	87	2026-02-05 06:43:55.474	2026-02-23 08:04:44.519	58	251111-11-15101488-191	\N
538	86	15	2025-11-11 00:00:00	2025	801	CONSUMED	87	2026-02-05 06:43:55.484	2026-02-23 08:04:44.519	58	251111-11-15101488-191	\N
539	85	15	2025-11-11 00:00:00	2025	937	CONSUMED	87	2026-02-05 06:43:55.495	2026-02-23 08:04:44.519	58	251111-11-15101488-191	\N
501	123	15	2025-11-11 00:00:00	2025	803	CONSUMED	71	2026-02-05 06:43:55.104	2026-02-20 05:30:10.251	39	251111-11-15107154-41	\N
502	122	15	2025-11-11 00:00:00	2025	803	CONSUMED	71	2026-02-05 06:43:55.114	2026-02-20 05:30:10.251	39	251111-11-15107154-41	\N
499	125	15	2025-11-11 00:00:00	2025	804	CONSUMED	63	2026-02-05 06:43:55.083	2026-02-20 02:37:01.648	39	251111-11-15107154-41	\N
500	124	15	2025-11-11 00:00:00	2025	805	CONSUMED	63	2026-02-05 06:43:55.093	2026-02-20 02:37:01.648	39	251111-11-15107154-41	\N
503	121	15	2025-11-11 00:00:00	2025	804	CONSUMED	71	2026-02-05 06:43:55.125	2026-02-20 05:30:10.251	39	251111-11-15107154-41	\N
504	120	15	2025-11-11 00:00:00	2025	372	CONSUMED	71	2026-02-05 06:43:55.135	2026-02-20 05:30:10.251	39	251111-11-15107154-41	\N
540	84	15	2025-11-11 00:00:00	2025	916	CONSUMED	87	2026-02-05 06:43:55.504	2026-02-23 08:04:44.519	58	251111-11-15101488-191	\N
544	80	15	2025-11-11 00:00:00	2025	929	CONSUMED	87	2026-02-05 06:43:55.544	2026-02-23 08:04:44.519	58	251111-11-15101488-191	\N
545	79	15	2025-11-10 00:00:00	2025	715	CONSUMED	87	2026-02-05 06:43:55.554	2026-02-23 08:04:44.519	53	251110-11-15314142-141	\N
546	78	15	2025-11-10 00:00:00	2025	805	CONSUMED	87	2026-02-05 06:43:55.565	2026-02-23 08:04:44.519	53	251110-11-15314142-141	\N
547	77	15	2025-11-10 00:00:00	2025	805	CONSUMED	87	2026-02-05 06:43:55.576	2026-02-23 08:04:44.519	53	251110-11-15314142-141	\N
548	76	15	2025-11-10 00:00:00	2025	807	CONSUMED	87	2026-02-05 06:43:55.585	2026-02-23 08:04:44.519	53	251110-11-15314142-141	\N
549	75	15	2025-11-10 00:00:00	2025	809	CONSUMED	87	2026-02-05 06:43:55.596	2026-02-23 08:04:44.519	53	251110-11-15314142-141	\N
550	74	15	2025-11-10 00:00:00	2025	801	CONSUMED	87	2026-02-05 06:43:55.606	2026-02-23 08:04:44.519	53	251110-11-15314142-141	\N
551	73	15	2025-11-10 00:00:00	2025	805	CONSUMED	87	2026-02-05 06:43:55.616	2026-02-23 08:04:44.519	53	251110-11-15314142-141	\N
552	72	15	2025-11-10 00:00:00	2025	805	CONSUMED	87	2026-02-05 06:43:55.627	2026-02-23 08:04:44.519	53	251110-11-15314142-141	\N
553	71	15	2025-11-10 00:00:00	2025	805	CONSUMED	87	2026-02-05 06:43:55.637	2026-02-23 08:04:44.519	53	251110-11-15314142-141	\N
541	83	15	2025-11-11 00:00:00	2025	973	CONSUMED	29	2026-02-05 06:43:55.514	2026-02-13 06:00:05.378	58	251111-11-15101488-191	\N
542	82	15	2025-11-11 00:00:00	2025	846	CONSUMED	29	2026-02-05 06:43:55.524	2026-02-13 06:00:05.378	58	251111-11-15101488-191	\N
543	81	15	2025-11-11 00:00:00	2025	987	CONSUMED	29	2026-02-05 06:43:55.534	2026-02-13 06:00:05.378	58	251111-11-15101488-191	\N
603	21	15	2025-10-31 00:00:00	2025	803	CONSUMED	87	2026-02-05 06:43:56.2	2026-02-23 08:03:22.024	51	251031-11-15101797-121	\N
604	20	15	2025-10-31 00:00:00	2025	805	CONSUMED	87	2026-02-05 06:43:56.22	2026-02-23 08:03:22.024	51	251031-11-15101797-121	\N
605	19	15	2025-10-31 00:00:00	2025	802	CONSUMED	87	2026-02-05 06:43:56.231	2026-02-23 08:03:22.024	51	251031-11-15101797-121	\N
606	18	15	2025-10-31 00:00:00	2025	823	CONSUMED	87	2026-02-05 06:43:56.241	2026-02-23 08:03:22.024	51	251031-11-15101797-121	\N
632	293	14	2025-11-19 00:00:00	2025	802	AVAILABLE	\N	2026-02-05 06:43:56.524	2026-02-05 06:43:56.524	99	251119-11-15103885-4111	\N
633	292	14	2025-11-19 00:00:00	2025	800	AVAILABLE	\N	2026-02-05 06:43:56.534	2026-02-05 06:43:56.534	99	251119-11-15103885-4111	\N
634	291	14	2025-11-19 00:00:00	2025	801	AVAILABLE	\N	2026-02-05 06:43:56.544	2026-02-05 06:43:56.544	99	251119-11-15103885-4111	\N
635	290	14	2025-11-19 00:00:00	2025	805	AVAILABLE	\N	2026-02-05 06:43:56.555	2026-02-05 06:43:56.555	99	251119-11-15103885-4111	\N
636	289	14	2025-11-19 00:00:00	2025	802	AVAILABLE	\N	2026-02-05 06:43:56.565	2026-02-05 06:43:56.565	99	251119-11-15103885-4111	\N
637	288	14	2025-11-19 00:00:00	2025	805	AVAILABLE	\N	2026-02-05 06:43:56.575	2026-02-05 06:43:56.575	99	251119-11-15103885-4111	\N
638	287	14	2025-11-19 00:00:00	2025	801	AVAILABLE	\N	2026-02-05 06:43:56.586	2026-02-05 06:43:56.586	99	251119-11-15103885-4111	\N
639	286	14	2025-11-19 00:00:00	2025	802	AVAILABLE	\N	2026-02-05 06:43:56.596	2026-02-05 06:43:56.596	99	251119-11-15103885-4111	\N
640	285	14	2025-11-19 00:00:00	2025	803	AVAILABLE	\N	2026-02-05 06:43:56.607	2026-02-05 06:43:56.607	99	251119-11-15103885-4111	\N
641	284	14	2025-11-19 00:00:00	2025	801	AVAILABLE	\N	2026-02-05 06:43:56.618	2026-02-05 06:43:56.618	99	251119-11-15103885-4111	\N
642	283	14	2025-11-19 00:00:00	2025	798	AVAILABLE	\N	2026-02-05 06:43:56.63	2026-02-05 06:43:56.63	99	251119-11-15103885-4111	\N
643	282	14	2025-11-19 00:00:00	2025	800	AVAILABLE	\N	2026-02-05 06:43:56.642	2026-02-05 06:43:56.642	99	251119-11-15103885-4111	\N
644	281	14	2025-11-19 00:00:00	2025	800	AVAILABLE	\N	2026-02-05 06:43:56.652	2026-02-05 06:43:56.652	99	251119-11-15103885-4111	\N
645	280	14	2025-11-19 00:00:00	2025	798	AVAILABLE	\N	2026-02-05 06:43:56.663	2026-02-05 06:43:56.663	99	251119-11-15103885-4111	\N
646	279	14	2025-11-19 00:00:00	2025	799	AVAILABLE	\N	2026-02-05 06:43:56.673	2026-02-05 06:43:56.673	99	251119-11-15103885-4111	\N
647	278	14	2025-11-19 00:00:00	2025	799	AVAILABLE	\N	2026-02-05 06:43:56.683	2026-02-05 06:43:56.683	99	251119-11-15103885-4111	\N
648	277	14	2025-11-19 00:00:00	2025	763	AVAILABLE	\N	2026-02-05 06:43:56.694	2026-02-05 06:43:56.694	99	251119-11-15103885-4111	\N
649	276	14	2025-11-19 00:00:00	2025	800	AVAILABLE	\N	2026-02-05 06:43:56.704	2026-02-05 06:43:56.704	99	251119-11-15103885-4111	\N
650	275	14	2025-11-19 00:00:00	2025	801	AVAILABLE	\N	2026-02-05 06:43:56.714	2026-02-05 06:43:56.714	99	251119-11-15103885-4111	\N
651	274	14	2025-11-19 00:00:00	2025	798	AVAILABLE	\N	2026-02-05 06:43:56.724	2026-02-05 06:43:56.724	99	251119-11-15103885-4111	\N
652	273	14	2025-11-19 00:00:00	2025	800	AVAILABLE	\N	2026-02-05 06:43:56.735	2026-02-05 06:43:56.735	104	251119-11-15103885-4116	\N
653	272	14	2025-11-19 00:00:00	2025	800	AVAILABLE	\N	2026-02-05 06:43:56.745	2026-02-05 06:43:56.745	104	251119-11-15103885-4116	\N
654	271	14	2025-11-19 00:00:00	2025	800	AVAILABLE	\N	2026-02-05 06:43:56.755	2026-02-05 06:43:56.755	104	251119-11-15103885-4116	\N
655	270	14	2025-11-19 00:00:00	2025	798	AVAILABLE	\N	2026-02-05 06:43:56.765	2026-02-05 06:43:56.765	104	251119-11-15103885-4116	\N
625	316	14	2025-11-19 00:00:00	2025	895	CONSUMED	69	2026-02-05 06:43:56.442	2026-02-20 05:22:41.934	87	251119-11-15100914-391	\N
626	315	14	2025-11-19 00:00:00	2025	900	CONSUMED	69	2026-02-05 06:43:56.453	2026-02-20 05:22:41.934	87	251119-11-15100914-391	\N
624	317	14	2025-11-19 00:00:00	2025	848	CONSUMED	56	2026-02-05 06:43:56.433	2026-02-20 02:09:41.748	87	251119-11-15100914-391	\N
615	9	15	2025-10-23 00:00:00	2025	803	CONSUMED	20	2026-02-05 06:43:56.339	2026-02-13 05:29:19.238	68	251023-11-15101907-246	\N
616	8	15	2025-10-23 00:00:00	2025	803	CONSUMED	20	2026-02-05 06:43:56.349	2026-02-13 05:29:19.238	68	251023-11-15101907-246	\N
628	313	14	2025-11-19 00:00:00	2025	899	CONSUMED	56	2026-02-05 06:43:56.482	2026-02-20 02:09:41.748	87	251119-11-15100914-391	\N
627	314	14	2025-11-19 00:00:00	2025	900	CONSUMED	69	2026-02-05 06:43:56.471	2026-02-20 05:22:41.934	87	251119-11-15100914-391	\N
629	312	14	2025-11-19 00:00:00	2025	896	CONSUMED	69	2026-02-05 06:43:56.493	2026-02-20 05:22:41.934	87	251119-11-15100914-391	\N
630	311	14	2025-11-19 00:00:00	2025	909	CONSUMED	61	2026-02-05 06:43:56.504	2026-02-20 02:32:50.798	87	251119-11-15100914-391	\N
631	310	14	2025-11-19 00:00:00	2025	897	CONSUMED	61	2026-02-05 06:43:56.514	2026-02-20 02:32:50.798	87	251119-11-15100914-391	\N
656	269	14	2025-11-19 00:00:00	2025	798	AVAILABLE	\N	2026-02-05 06:43:56.775	2026-02-05 06:43:56.775	104	251119-11-15103885-4116	\N
657	268	14	2025-11-19 00:00:00	2025	801	AVAILABLE	\N	2026-02-05 06:43:56.786	2026-02-05 06:43:56.786	104	251119-11-15103885-4116	\N
704	221	14	2025-11-10 00:00:00	2025	808	CONSUMED	12	2026-02-05 06:43:57.446	2026-02-23 02:57:00.366	46	251110-11-15101754-84	\N
705	220	14	2025-11-10 00:00:00	2025	805	CONSUMED	12	2026-02-05 06:43:57.457	2026-02-23 02:57:00.366	46	251110-11-15101754-84	\N
706	219	14	2025-11-10 00:00:00	2025	808	CONSUMED	12	2026-02-05 06:43:57.467	2026-02-23 02:57:00.366	46	251110-11-15101754-84	\N
737	188	14	2025-11-10 00:00:00	2025	802	AVAILABLE	\N	2026-02-05 06:43:57.791	2026-02-05 06:43:57.791	49	251110-11-15107734-101	\N
738	187	14	2025-11-10 00:00:00	2025	802	AVAILABLE	\N	2026-02-05 06:43:57.801	2026-02-05 06:43:57.801	49	251110-11-15107734-101	\N
739	186	14	2025-11-10 00:00:00	2025	803	AVAILABLE	\N	2026-02-05 06:43:57.811	2026-02-05 06:43:57.811	49	251110-11-15107734-101	\N
740	185	14	2025-11-10 00:00:00	2025	805	AVAILABLE	\N	2026-02-05 06:43:57.82	2026-02-05 06:43:57.82	49	251110-11-15107734-101	\N
743	182	14	2025-11-10 00:00:00	2025	801	AVAILABLE	\N	2026-02-05 06:43:57.851	2026-02-05 06:43:57.851	49	251110-11-15107734-101	\N
745	180	14	2025-10-31 00:00:00	2025	802	AVAILABLE	\N	2026-02-05 06:43:57.871	2026-02-05 06:43:57.871	43	251031-11-15101754-81	\N
746	179	14	2025-10-31 00:00:00	2025	803	AVAILABLE	\N	2026-02-05 06:43:57.881	2026-02-05 06:43:57.881	43	251031-11-15101754-81	\N
747	178	14	2025-10-31 00:00:00	2025	803	AVAILABLE	\N	2026-02-05 06:43:57.891	2026-02-05 06:43:57.891	43	251031-11-15101754-81	\N
748	177	14	2025-10-31 00:00:00	2025	804	AVAILABLE	\N	2026-02-05 06:43:57.901	2026-02-05 06:43:57.901	43	251031-11-15101754-81	\N
749	176	14	2025-10-31 00:00:00	2025	803	AVAILABLE	\N	2026-02-05 06:43:57.912	2026-02-05 06:43:57.912	43	251031-11-15101754-81	\N
750	175	14	2025-10-31 00:00:00	2025	803	AVAILABLE	\N	2026-02-05 06:43:57.922	2026-02-05 06:43:57.922	43	251031-11-15101754-81	\N
751	174	14	2025-10-31 00:00:00	2025	802	AVAILABLE	\N	2026-02-05 06:43:57.933	2026-02-05 06:43:57.933	43	251031-11-15101754-81	\N
658	267	14	2025-11-11 00:00:00	2025	801	CONSUMED	35	2026-02-05 06:43:56.797	2026-02-19 04:45:01.419	68	251111-11-15101907-246	\N
659	266	14	2025-11-11 00:00:00	2025	799	CONSUMED	35	2026-02-05 06:43:56.806	2026-02-19 04:45:01.419	68	251111-11-15101907-246	\N
753	172	14	2025-10-31 00:00:00	2025	803	AVAILABLE	\N	2026-02-05 06:43:57.954	2026-02-05 06:43:57.954	43	251031-11-15101754-81	\N
754	171	14	2025-10-31 00:00:00	2025	803	AVAILABLE	\N	2026-02-05 06:43:57.964	2026-02-05 06:43:57.964	43	251031-11-15101754-81	\N
709	216	14	2025-11-10 00:00:00	2025	804	CONSUMED	9	2026-02-05 06:43:57.498	2026-02-11 01:30:55.154	44	251110-11-15101754-82	\N
718	207	14	2025-11-10 00:00:00	2025	805	CONSUMED	9	2026-02-05 06:43:57.591	2026-02-11 01:30:55.154	44	251110-11-15101754-82	\N
707	218	14	2025-11-10 00:00:00	2025	810	CONSUMED	12	2026-02-05 06:43:57.477	2026-02-11 06:31:21.634	44	251110-11-15101754-82	\N
708	217	14	2025-11-10 00:00:00	2025	530	CONSUMED	12	2026-02-05 06:43:57.487	2026-02-11 06:31:21.634	44	251110-11-15101754-82	\N
710	215	14	2025-11-10 00:00:00	2025	802	CONSUMED	12	2026-02-05 06:43:57.508	2026-02-11 06:31:21.634	44	251110-11-15101754-82	\N
711	214	14	2025-11-10 00:00:00	2025	804	CONSUMED	12	2026-02-05 06:43:57.519	2026-02-11 06:31:21.634	44	251110-11-15101754-82	\N
755	170	14	2025-10-31 00:00:00	2025	802	AVAILABLE	\N	2026-02-05 06:43:57.974	2026-02-05 06:43:57.974	43	251031-11-15101754-81	\N
756	169	14	2025-10-31 00:00:00	2025	802	AVAILABLE	\N	2026-02-05 06:43:57.985	2026-02-05 06:43:57.985	43	251031-11-15101754-81	\N
757	168	14	2025-10-31 00:00:00	2025	804	AVAILABLE	\N	2026-02-05 06:43:57.996	2026-02-05 06:43:57.996	43	251031-11-15101754-81	\N
758	167	14	2025-10-31 00:00:00	2025	803	AVAILABLE	\N	2026-02-05 06:43:58.007	2026-02-05 06:43:58.007	43	251031-11-15101754-81	\N
759	166	14	2025-10-31 00:00:00	2025	791	AVAILABLE	\N	2026-02-05 06:43:58.017	2026-02-05 06:43:58.017	43	251031-11-15101754-81	\N
760	165	14	2025-10-31 00:00:00	2025	803	AVAILABLE	\N	2026-02-05 06:43:58.027	2026-02-05 06:43:58.027	43	251031-11-15101754-81	\N
761	164	14	2025-10-31 00:00:00	2025	601	AVAILABLE	\N	2026-02-05 06:43:58.038	2026-02-05 06:43:58.038	43	251031-11-15101754-81	\N
762	163	14	2025-10-31 00:00:00	2025	803	AVAILABLE	\N	2026-02-05 06:43:58.049	2026-02-05 06:43:58.049	43	251031-11-15101754-81	\N
763	162	14	2025-10-31 00:00:00	2025	802	AVAILABLE	\N	2026-02-05 06:43:58.06	2026-02-05 06:43:58.06	43	251031-11-15101754-81	\N
764	161	14	2025-10-31 00:00:00	2025	803	AVAILABLE	\N	2026-02-05 06:43:58.071	2026-02-05 06:43:58.071	43	251031-11-15101754-81	\N
765	160	14	2025-10-31 00:00:00	2025	803	AVAILABLE	\N	2026-02-05 06:43:58.081	2026-02-05 06:43:58.081	43	251031-11-15101754-81	\N
766	159	14	2025-10-31 00:00:00	2025	803	AVAILABLE	\N	2026-02-05 06:43:58.092	2026-02-05 06:43:58.092	43	251031-11-15101754-81	\N
767	158	14	2025-10-31 00:00:00	2025	802	AVAILABLE	\N	2026-02-05 06:43:58.103	2026-02-05 06:43:58.103	43	251031-11-15101754-81	\N
768	157	14	2025-10-31 00:00:00	2025	803	AVAILABLE	\N	2026-02-05 06:43:58.114	2026-02-05 06:43:58.114	43	251031-11-15101754-81	\N
769	156	14	2025-10-31 00:00:00	2025	821	AVAILABLE	\N	2026-02-05 06:43:58.126	2026-02-05 06:43:58.126	43	251031-11-15101754-81	\N
770	155	14	2025-10-31 00:00:00	2025	802	AVAILABLE	\N	2026-02-05 06:43:58.137	2026-02-05 06:43:58.137	43	251031-11-15101754-81	\N
771	154	14	2025-10-31 00:00:00	2025	803	AVAILABLE	\N	2026-02-05 06:43:58.149	2026-02-05 06:43:58.149	43	251031-11-15101754-81	\N
772	153	14	2025-10-31 00:00:00	2025	801	AVAILABLE	\N	2026-02-05 06:43:58.16	2026-02-05 06:43:58.16	43	251031-11-15101754-81	\N
773	152	14	2025-10-31 00:00:00	2025	803	AVAILABLE	\N	2026-02-05 06:43:58.17	2026-02-05 06:43:58.17	43	251031-11-15101754-81	\N
774	151	14	2025-10-31 00:00:00	2025	803	AVAILABLE	\N	2026-02-05 06:43:58.18	2026-02-05 06:43:58.18	43	251031-11-15101754-81	\N
775	150	14	2025-10-31 00:00:00	2025	801	AVAILABLE	\N	2026-02-05 06:43:58.191	2026-02-05 06:43:58.191	43	251031-11-15101754-81	\N
776	149	14	2025-10-31 00:00:00	2025	801	AVAILABLE	\N	2026-02-05 06:43:58.201	2026-02-05 06:43:58.201	43	251031-11-15101754-81	\N
777	148	14	2025-10-31 00:00:00	2025	803	AVAILABLE	\N	2026-02-05 06:43:58.212	2026-02-05 06:43:58.212	43	251031-11-15101754-81	\N
778	147	14	2025-10-31 00:00:00	2025	802	AVAILABLE	\N	2026-02-05 06:43:58.222	2026-02-05 06:43:58.222	43	251031-11-15101754-81	\N
779	146	14	2025-10-31 00:00:00	2025	802	AVAILABLE	\N	2026-02-05 06:43:58.233	2026-02-05 06:43:58.233	43	251031-11-15101754-81	\N
780	145	14	2025-10-31 00:00:00	2025	803	AVAILABLE	\N	2026-02-05 06:43:58.243	2026-02-05 06:43:58.243	43	251031-11-15101754-81	\N
781	144	14	2025-10-31 00:00:00	2025	801	AVAILABLE	\N	2026-02-05 06:43:58.253	2026-02-05 06:43:58.253	43	251031-11-15101754-81	\N
782	143	14	2025-10-31 00:00:00	2025	770	AVAILABLE	\N	2026-02-05 06:43:58.264	2026-02-05 06:43:58.264	51	251031-11-15101797-121	\N
783	142	14	2025-10-31 00:00:00	2025	802	AVAILABLE	\N	2026-02-05 06:43:58.274	2026-02-05 06:43:58.274	51	251031-11-15101797-121	\N
784	141	14	2025-10-31 00:00:00	2025	801	AVAILABLE	\N	2026-02-05 06:43:58.285	2026-02-05 06:43:58.285	51	251031-11-15101797-121	\N
785	140	14	2025-10-31 00:00:00	2025	505	AVAILABLE	\N	2026-02-05 06:43:58.296	2026-02-05 06:43:58.296	51	251031-11-15101797-121	\N
786	139	14	2025-10-31 00:00:00	2025	801	AVAILABLE	\N	2026-02-05 06:43:58.306	2026-02-05 06:43:58.306	51	251031-11-15101797-121	\N
787	138	14	2025-10-31 00:00:00	2025	805	AVAILABLE	\N	2026-02-05 06:43:58.316	2026-02-05 06:43:58.316	51	251031-11-15101797-121	\N
788	137	14	2025-10-31 00:00:00	2025	771	AVAILABLE	\N	2026-02-05 06:43:58.326	2026-02-05 06:43:58.326	51	251031-11-15101797-121	\N
789	136	14	2025-10-31 00:00:00	2025	801	AVAILABLE	\N	2026-02-05 06:43:58.336	2026-02-05 06:43:58.336	51	251031-11-15101797-121	\N
790	135	14	2025-10-31 00:00:00	2025	800	AVAILABLE	\N	2026-02-05 06:43:58.346	2026-02-05 06:43:58.346	51	251031-11-15101797-121	\N
791	134	14	2025-10-31 00:00:00	2025	801	AVAILABLE	\N	2026-02-05 06:43:58.356	2026-02-05 06:43:58.356	51	251031-11-15101797-121	\N
792	133	14	2025-10-31 00:00:00	2025	801	AVAILABLE	\N	2026-02-05 06:43:58.366	2026-02-05 06:43:58.366	51	251031-11-15101797-121	\N
793	132	14	2025-10-23 00:00:00	2025	802	CONSUMED	19	2026-02-05 06:43:58.376	2026-02-13 05:24:23.044	68	251023-11-15101907-246	\N
794	131	14	2025-10-23 00:00:00	2025	803	CONSUMED	19	2026-02-05 06:43:58.386	2026-02-13 05:24:23.044	68	251023-11-15101907-246	\N
795	130	14	2025-10-23 00:00:00	2025	803	CONSUMED	19	2026-02-05 06:43:58.397	2026-02-13 05:24:23.044	68	251023-11-15101907-246	\N
816	109	14	2025-10-16 00:00:00	2025	806	AVAILABLE	\N	2026-02-05 06:43:58.641	2026-02-05 06:43:58.641	142	251016-11-15317102-514	\N
817	108	14	2025-10-16 00:00:00	2025	802	AVAILABLE	\N	2026-02-05 06:43:58.652	2026-02-05 06:43:58.652	142	251016-11-15317102-514	\N
818	107	14	2025-10-16 00:00:00	2025	804	AVAILABLE	\N	2026-02-05 06:43:58.663	2026-02-05 06:43:58.663	142	251016-11-15317102-514	\N
819	106	14	2025-10-16 00:00:00	2025	805	AVAILABLE	\N	2026-02-05 06:43:58.674	2026-02-05 06:43:58.674	142	251016-11-15317102-514	\N
820	105	14	2025-10-16 00:00:00	2025	804	AVAILABLE	\N	2026-02-05 06:43:58.685	2026-02-05 06:43:58.685	142	251016-11-15317102-514	\N
821	104	14	2025-10-16 00:00:00	2025	806	AVAILABLE	\N	2026-02-05 06:43:58.695	2026-02-05 06:43:58.695	142	251016-11-15317102-514	\N
822	103	14	2025-10-16 00:00:00	2025	803	AVAILABLE	\N	2026-02-05 06:43:58.705	2026-02-05 06:43:58.705	142	251016-11-15317102-514	\N
823	102	14	2025-10-16 00:00:00	2025	824	AVAILABLE	\N	2026-02-05 06:43:58.716	2026-02-05 06:43:58.716	142	251016-11-15317102-514	\N
824	101	14	2025-10-16 00:00:00	2025	804	AVAILABLE	\N	2026-02-05 06:43:58.726	2026-02-05 06:43:58.726	142	251016-11-15317102-514	\N
825	100	14	2025-10-16 00:00:00	2025	803	AVAILABLE	\N	2026-02-05 06:43:58.736	2026-02-05 06:43:58.736	142	251016-11-15317102-514	\N
826	99	14	2025-10-16 00:00:00	2025	802	AVAILABLE	\N	2026-02-05 06:43:58.746	2026-02-05 06:43:58.746	142	251016-11-15317102-514	\N
827	98	14	2025-10-16 00:00:00	2025	801	AVAILABLE	\N	2026-02-05 06:43:58.757	2026-02-05 06:43:58.757	142	251016-11-15317102-514	\N
828	97	14	2025-10-16 00:00:00	2025	804	AVAILABLE	\N	2026-02-05 06:43:58.767	2026-02-05 06:43:58.767	142	251016-11-15317102-514	\N
829	96	14	2025-10-16 00:00:00	2025	804	AVAILABLE	\N	2026-02-05 06:43:58.778	2026-02-05 06:43:58.778	142	251016-11-15317102-514	\N
830	95	14	2025-10-16 00:00:00	2025	804	AVAILABLE	\N	2026-02-05 06:43:58.788	2026-02-05 06:43:58.788	142	251016-11-15317102-514	\N
831	94	14	2025-10-16 00:00:00	2025	526	AVAILABLE	\N	2026-02-05 06:43:58.798	2026-02-05 06:43:58.798	142	251016-11-15317102-514	\N
832	93	14	2025-10-16 00:00:00	2025	801	AVAILABLE	\N	2026-02-05 06:43:58.808	2026-02-05 06:43:58.808	140	251016-11-15317102-512	\N
833	92	14	2025-10-16 00:00:00	2025	801	AVAILABLE	\N	2026-02-05 06:43:58.819	2026-02-05 06:43:58.819	140	251016-11-15317102-512	\N
834	91	14	2025-10-16 00:00:00	2025	802	AVAILABLE	\N	2026-02-05 06:43:58.829	2026-02-05 06:43:58.829	140	251016-11-15317102-512	\N
835	90	14	2025-10-16 00:00:00	2025	802	AVAILABLE	\N	2026-02-05 06:43:58.839	2026-02-05 06:43:58.839	140	251016-11-15317102-512	\N
836	89	14	2025-10-16 00:00:00	2025	802	AVAILABLE	\N	2026-02-05 06:43:58.902	2026-02-05 06:43:58.902	140	251016-11-15317102-512	\N
837	88	14	2025-10-16 00:00:00	2025	804	AVAILABLE	\N	2026-02-05 06:43:58.912	2026-02-05 06:43:58.912	140	251016-11-15317102-512	\N
838	87	14	2025-10-16 00:00:00	2025	801	AVAILABLE	\N	2026-02-05 06:43:58.923	2026-02-05 06:43:58.923	140	251016-11-15317102-512	\N
839	86	14	2025-10-16 00:00:00	2025	805	AVAILABLE	\N	2026-02-05 06:43:58.933	2026-02-05 06:43:58.933	140	251016-11-15317102-512	\N
840	85	14	2025-10-16 00:00:00	2025	802	AVAILABLE	\N	2026-02-05 06:43:58.952	2026-02-05 06:43:58.952	140	251016-11-15317102-512	\N
841	84	14	2025-10-16 00:00:00	2025	801	AVAILABLE	\N	2026-02-05 06:43:58.963	2026-02-05 06:43:58.963	140	251016-11-15317102-512	\N
842	83	14	2025-10-16 00:00:00	2025	801	AVAILABLE	\N	2026-02-05 06:43:58.974	2026-02-05 06:43:58.974	140	251016-11-15317102-512	\N
843	82	14	2025-10-16 00:00:00	2025	800	AVAILABLE	\N	2026-02-05 06:43:58.984	2026-02-05 06:43:58.984	140	251016-11-15317102-512	\N
844	81	14	2025-10-16 00:00:00	2025	802	AVAILABLE	\N	2026-02-05 06:43:58.994	2026-02-05 06:43:58.994	140	251016-11-15317102-512	\N
845	80	14	2025-10-16 00:00:00	2025	800	AVAILABLE	\N	2026-02-05 06:43:59.004	2026-02-05 06:43:59.004	140	251016-11-15317102-512	\N
846	79	14	2025-10-16 00:00:00	2025	801	AVAILABLE	\N	2026-02-05 06:43:59.015	2026-02-05 06:43:59.015	139	251016-11-15317102-511	\N
847	78	14	2025-10-16 00:00:00	2025	803	AVAILABLE	\N	2026-02-05 06:43:59.025	2026-02-05 06:43:59.025	139	251016-11-15317102-511	\N
848	77	14	2025-10-16 00:00:00	2025	801	AVAILABLE	\N	2026-02-05 06:43:59.036	2026-02-05 06:43:59.036	139	251016-11-15317102-511	\N
849	76	14	2025-10-16 00:00:00	2025	802	AVAILABLE	\N	2026-02-05 06:43:59.047	2026-02-05 06:43:59.047	139	251016-11-15317102-511	\N
850	75	14	2025-10-16 00:00:00	2025	803	AVAILABLE	\N	2026-02-05 06:43:59.06	2026-02-05 06:43:59.06	139	251016-11-15317102-511	\N
851	74	14	2025-10-16 00:00:00	2025	802	AVAILABLE	\N	2026-02-05 06:43:59.071	2026-02-05 06:43:59.071	139	251016-11-15317102-511	\N
852	73	14	2025-10-16 00:00:00	2025	803	AVAILABLE	\N	2026-02-05 06:43:59.081	2026-02-05 06:43:59.081	139	251016-11-15317102-511	\N
853	72	14	2025-10-16 00:00:00	2025	802	AVAILABLE	\N	2026-02-05 06:43:59.091	2026-02-05 06:43:59.091	139	251016-11-15317102-511	\N
854	71	14	2025-10-16 00:00:00	2025	802	AVAILABLE	\N	2026-02-05 06:43:59.102	2026-02-05 06:43:59.102	139	251016-11-15317102-511	\N
855	70	14	2025-10-16 00:00:00	2025	805	AVAILABLE	\N	2026-02-05 06:43:59.112	2026-02-05 06:43:59.112	139	251016-11-15317102-511	\N
856	69	14	2025-10-16 00:00:00	2025	804	AVAILABLE	\N	2026-02-05 06:43:59.123	2026-02-05 06:43:59.123	139	251016-11-15317102-511	\N
857	68	14	2025-10-16 00:00:00	2025	800	AVAILABLE	\N	2026-02-05 06:43:59.133	2026-02-05 06:43:59.133	139	251016-11-15317102-511	\N
858	67	14	2025-10-16 00:00:00	2025	803	AVAILABLE	\N	2026-02-05 06:43:59.144	2026-02-05 06:43:59.144	139	251016-11-15317102-511	\N
859	66	14	2025-10-16 00:00:00	2025	804	AVAILABLE	\N	2026-02-05 06:43:59.154	2026-02-05 06:43:59.154	139	251016-11-15317102-511	\N
860	65	14	2025-10-16 00:00:00	2025	803	AVAILABLE	\N	2026-02-05 06:43:59.166	2026-02-05 06:43:59.166	139	251016-11-15317102-511	\N
861	64	14	2025-10-16 00:00:00	2025	800	AVAILABLE	\N	2026-02-05 06:43:59.176	2026-02-05 06:43:59.176	137	251016-11-15107943-501	\N
862	63	14	2025-10-16 00:00:00	2025	801	AVAILABLE	\N	2026-02-05 06:43:59.186	2026-02-05 06:43:59.186	137	251016-11-15107943-501	\N
863	62	14	2025-10-16 00:00:00	2025	802	AVAILABLE	\N	2026-02-05 06:43:59.196	2026-02-05 06:43:59.196	137	251016-11-15107943-501	\N
864	61	14	2025-10-16 00:00:00	2025	802	AVAILABLE	\N	2026-02-05 06:43:59.206	2026-02-05 06:43:59.206	137	251016-11-15107943-501	\N
865	60	14	2025-10-16 00:00:00	2025	800	AVAILABLE	\N	2026-02-05 06:43:59.218	2026-02-05 06:43:59.218	137	251016-11-15107943-501	\N
866	59	14	2025-10-16 00:00:00	2025	803	AVAILABLE	\N	2026-02-05 06:43:59.229	2026-02-05 06:43:59.229	137	251016-11-15107943-501	\N
867	58	14	2025-10-16 00:00:00	2025	801	AVAILABLE	\N	2026-02-05 06:43:59.24	2026-02-05 06:43:59.24	137	251016-11-15107943-501	\N
868	57	14	2025-10-16 00:00:00	2025	801	AVAILABLE	\N	2026-02-05 06:43:59.25	2026-02-05 06:43:59.25	137	251016-11-15107943-501	\N
869	56	14	2025-10-16 00:00:00	2025	801	AVAILABLE	\N	2026-02-05 06:43:59.261	2026-02-05 06:43:59.261	137	251016-11-15107943-501	\N
870	55	14	2025-10-16 00:00:00	2025	802	AVAILABLE	\N	2026-02-05 06:43:59.271	2026-02-05 06:43:59.271	137	251016-11-15107943-501	\N
871	54	14	2025-10-16 00:00:00	2025	802	AVAILABLE	\N	2026-02-05 06:43:59.282	2026-02-05 06:43:59.282	137	251016-11-15107943-501	\N
872	53	14	2025-10-16 00:00:00	2025	801	AVAILABLE	\N	2026-02-05 06:43:59.292	2026-02-05 06:43:59.292	137	251016-11-15107943-501	\N
873	52	14	2025-10-16 00:00:00	2025	802	AVAILABLE	\N	2026-02-05 06:43:59.303	2026-02-05 06:43:59.303	137	251016-11-15107943-501	\N
874	51	14	2025-10-16 00:00:00	2025	801	AVAILABLE	\N	2026-02-05 06:43:59.313	2026-02-05 06:43:59.313	137	251016-11-15107943-501	\N
875	50	14	2025-10-16 00:00:00	2025	801	AVAILABLE	\N	2026-02-05 06:43:59.324	2026-02-05 06:43:59.324	137	251016-11-15107943-501	\N
876	49	14	2025-10-16 00:00:00	2025	801	AVAILABLE	\N	2026-02-05 06:43:59.334	2026-02-05 06:43:59.334	137	251016-11-15107943-501	\N
877	48	14	2025-10-16 00:00:00	2025	800	AVAILABLE	\N	2026-02-05 06:43:59.345	2026-02-05 06:43:59.345	137	251016-11-15107943-501	\N
878	47	14	2025-10-16 00:00:00	2025	801	AVAILABLE	\N	2026-02-05 06:43:59.356	2026-02-05 06:43:59.356	137	251016-11-15107943-501	\N
879	46	14	2025-10-16 00:00:00	2025	800	AVAILABLE	\N	2026-02-05 06:43:59.366	2026-02-05 06:43:59.366	137	251016-11-15107943-501	\N
880	45	14	2025-10-16 00:00:00	2025	804	AVAILABLE	\N	2026-02-05 06:43:59.378	2026-02-05 06:43:59.378	138	251016-11-15107943-502	\N
881	44	14	2025-10-16 00:00:00	2025	803	AVAILABLE	\N	2026-02-05 06:43:59.389	2026-02-05 06:43:59.389	138	251016-11-15107943-502	\N
882	43	14	2025-10-16 00:00:00	2025	803	AVAILABLE	\N	2026-02-05 06:43:59.4	2026-02-05 06:43:59.4	138	251016-11-15107943-502	\N
883	42	14	2025-10-16 00:00:00	2025	803	AVAILABLE	\N	2026-02-05 06:43:59.41	2026-02-05 06:43:59.41	138	251016-11-15107943-502	\N
884	41	14	2025-10-16 00:00:00	2025	803	AVAILABLE	\N	2026-02-05 06:43:59.421	2026-02-05 06:43:59.421	138	251016-11-15107943-502	\N
885	40	14	2025-10-16 00:00:00	2025	804	AVAILABLE	\N	2026-02-05 06:43:59.432	2026-02-05 06:43:59.432	138	251016-11-15107943-502	\N
886	39	14	2025-10-16 00:00:00	2025	804	AVAILABLE	\N	2026-02-05 06:43:59.442	2026-02-05 06:43:59.442	138	251016-11-15107943-502	\N
887	38	14	2025-10-16 00:00:00	2025	804	AVAILABLE	\N	2026-02-05 06:43:59.452	2026-02-05 06:43:59.452	138	251016-11-15107943-502	\N
888	37	14	2025-10-16 00:00:00	2025	804	AVAILABLE	\N	2026-02-05 06:43:59.462	2026-02-05 06:43:59.462	138	251016-11-15107943-502	\N
889	36	14	2025-10-16 00:00:00	2025	803	AVAILABLE	\N	2026-02-05 06:43:59.473	2026-02-05 06:43:59.473	138	251016-11-15107943-502	\N
890	35	14	2025-10-16 00:00:00	2025	803	AVAILABLE	\N	2026-02-05 06:43:59.483	2026-02-05 06:43:59.483	138	251016-11-15107943-502	\N
891	34	14	2025-10-16 00:00:00	2025	803	AVAILABLE	\N	2026-02-05 06:43:59.493	2026-02-05 06:43:59.493	138	251016-11-15107943-502	\N
892	33	14	2025-10-16 00:00:00	2025	806	AVAILABLE	\N	2026-02-05 06:43:59.504	2026-02-05 06:43:59.504	138	251016-11-15107943-502	\N
893	32	14	2025-10-16 00:00:00	2025	803	AVAILABLE	\N	2026-02-05 06:43:59.514	2026-02-05 06:43:59.514	138	251016-11-15107943-502	\N
894	31	14	2025-10-16 00:00:00	2025	803	AVAILABLE	\N	2026-02-05 06:43:59.525	2026-02-05 06:43:59.525	138	251016-11-15107943-502	\N
895	30	14	2025-10-16 00:00:00	2025	806	AVAILABLE	\N	2026-02-05 06:43:59.536	2026-02-05 06:43:59.536	138	251016-11-15107943-502	\N
896	29	14	2025-10-16 00:00:00	2025	803	AVAILABLE	\N	2026-02-05 06:43:59.546	2026-02-05 06:43:59.546	138	251016-11-15107943-502	\N
897	28	14	2025-10-16 00:00:00	2025	804	AVAILABLE	\N	2026-02-05 06:43:59.557	2026-02-05 06:43:59.557	138	251016-11-15107943-502	\N
898	27	14	2025-10-16 00:00:00	2025	803	AVAILABLE	\N	2026-02-05 06:43:59.567	2026-02-05 06:43:59.567	138	251016-11-15107943-502	\N
899	26	14	2025-10-16 00:00:00	2025	804	AVAILABLE	\N	2026-02-05 06:43:59.578	2026-02-05 06:43:59.578	138	251016-11-15107943-502	\N
900	25	14	2025-10-16 00:00:00	2025	804	AVAILABLE	\N	2026-02-05 06:43:59.589	2026-02-05 06:43:59.589	138	251016-11-15107943-502	\N
901	24	14	2025-10-16 00:00:00	2025	806	AVAILABLE	\N	2026-02-05 06:43:59.599	2026-02-05 06:43:59.599	138	251016-11-15107943-502	\N
902	23	14	2025-10-16 00:00:00	2025	804	AVAILABLE	\N	2026-02-05 06:43:59.61	2026-02-05 06:43:59.61	138	251016-11-15107943-502	\N
903	22	14	2025-10-16 00:00:00	2025	804	AVAILABLE	\N	2026-02-05 06:43:59.62	2026-02-05 06:43:59.62	138	251016-11-15107943-502	\N
904	21	14	2025-10-16 00:00:00	2025	802	AVAILABLE	\N	2026-02-05 06:43:59.631	2026-02-05 06:43:59.631	137	251016-11-15107943-501	\N
905	20	14	2025-10-16 00:00:00	2025	802	AVAILABLE	\N	2026-02-05 06:43:59.643	2026-02-05 06:43:59.643	137	251016-11-15107943-501	\N
906	19	14	2025-10-16 00:00:00	2025	802	AVAILABLE	\N	2026-02-05 06:43:59.654	2026-02-05 06:43:59.654	137	251016-11-15107943-501	\N
907	18	14	2025-10-16 00:00:00	2025	802	AVAILABLE	\N	2026-02-05 06:43:59.665	2026-02-05 06:43:59.665	137	251016-11-15107943-501	\N
908	17	14	2025-10-16 00:00:00	2025	801	AVAILABLE	\N	2026-02-05 06:43:59.676	2026-02-05 06:43:59.676	137	251016-11-15107943-501	\N
909	16	14	2025-10-16 00:00:00	2025	801	AVAILABLE	\N	2026-02-05 06:43:59.686	2026-02-05 06:43:59.686	137	251016-11-15107943-501	\N
910	15	14	2025-10-16 00:00:00	2025	802	AVAILABLE	\N	2026-02-05 06:43:59.696	2026-02-05 06:43:59.696	137	251016-11-15107943-501	\N
911	14	14	2025-10-16 00:00:00	2025	801	AVAILABLE	\N	2026-02-05 06:43:59.707	2026-02-05 06:43:59.707	137	251016-11-15107943-501	\N
912	13	14	2025-10-16 00:00:00	2025	801	AVAILABLE	\N	2026-02-05 06:43:59.717	2026-02-05 06:43:59.717	137	251016-11-15107943-501	\N
913	12	14	2025-10-16 00:00:00	2025	801	AVAILABLE	\N	2026-02-05 06:43:59.727	2026-02-05 06:43:59.727	137	251016-11-15107943-501	\N
914	11	14	2025-10-16 00:00:00	2025	802	AVAILABLE	\N	2026-02-05 06:43:59.738	2026-02-05 06:43:59.738	137	251016-11-15107943-501	\N
915	10	14	2025-10-16 00:00:00	2025	802	AVAILABLE	\N	2026-02-05 06:43:59.748	2026-02-05 06:43:59.748	137	251016-11-15107943-501	\N
916	9	14	2025-10-16 00:00:00	2025	801	AVAILABLE	\N	2026-02-05 06:43:59.759	2026-02-05 06:43:59.759	137	251016-11-15107943-501	\N
917	8	14	2025-10-16 00:00:00	2025	802	AVAILABLE	\N	2026-02-05 06:43:59.768	2026-02-05 06:43:59.768	137	251016-11-15107943-501	\N
918	7	14	2025-10-16 00:00:00	2025	801	AVAILABLE	\N	2026-02-05 06:43:59.778	2026-02-05 06:43:59.778	137	251016-11-15107943-501	\N
919	6	14	2025-10-16 00:00:00	2025	801	AVAILABLE	\N	2026-02-05 06:43:59.789	2026-02-05 06:43:59.789	137	251016-11-15107943-501	\N
920	5	14	2025-10-16 00:00:00	2025	801	AVAILABLE	\N	2026-02-05 06:43:59.8	2026-02-05 06:43:59.8	137	251016-11-15107943-501	\N
921	4	14	2025-10-16 00:00:00	2025	801	AVAILABLE	\N	2026-02-05 06:43:59.81	2026-02-05 06:43:59.81	137	251016-11-15107943-501	\N
922	3	14	2025-10-16 00:00:00	2025	801	AVAILABLE	\N	2026-02-05 06:43:59.88	2026-02-05 06:43:59.88	137	251016-11-15107943-501	\N
923	2	14	2025-10-16 00:00:00	2025	802	AVAILABLE	\N	2026-02-05 06:43:59.891	2026-02-05 06:43:59.891	137	251016-11-15107943-501	\N
924	1	14	2025-10-16 00:00:00	2025	802	AVAILABLE	\N	2026-02-05 06:43:59.902	2026-02-05 06:43:59.902	137	251016-11-15107943-501	\N
925	106	16	2025-11-18 00:00:00	2025	953	AVAILABLE	\N	2026-02-05 06:43:59.913	2026-02-05 06:43:59.913	29	251118-11-15105154-21	\N
926	105	16	2025-11-18 00:00:00	2025	982	AVAILABLE	\N	2026-02-05 06:43:59.924	2026-02-05 06:43:59.924	29	251118-11-15105154-21	\N
927	104	16	2025-11-18 00:00:00	2025	913	AVAILABLE	\N	2026-02-05 06:43:59.935	2026-02-05 06:43:59.935	29	251118-11-15105154-21	\N
928	103	16	2025-11-18 00:00:00	2025	891	AVAILABLE	\N	2026-02-05 06:43:59.946	2026-02-05 06:43:59.946	29	251118-11-15105154-21	\N
929	102	16	2025-11-18 00:00:00	2025	933	AVAILABLE	\N	2026-02-05 06:43:59.956	2026-02-05 06:43:59.956	29	251118-11-15105154-21	\N
930	101	16	2025-11-18 00:00:00	2025	952	AVAILABLE	\N	2026-02-05 06:43:59.968	2026-02-05 06:43:59.968	29	251118-11-15105154-21	\N
931	100	16	2025-11-18 00:00:00	2025	979	AVAILABLE	\N	2026-02-05 06:43:59.982	2026-02-05 06:43:59.982	29	251118-11-15105154-21	\N
932	99	16	2025-11-18 00:00:00	2025	963	AVAILABLE	\N	2026-02-05 06:43:59.993	2026-02-05 06:43:59.993	29	251118-11-15105154-21	\N
933	98	16	2025-11-18 00:00:00	2025	939	AVAILABLE	\N	2026-02-05 06:44:00.005	2026-02-05 06:44:00.005	29	251118-11-15105154-21	\N
934	97	16	2025-11-18 00:00:00	2025	918	AVAILABLE	\N	2026-02-05 06:44:00.015	2026-02-05 06:44:00.015	29	251118-11-15105154-21	\N
935	96	16	2025-11-18 00:00:00	2025	947	AVAILABLE	\N	2026-02-05 06:44:00.026	2026-02-05 06:44:00.026	29	251118-11-15105154-21	\N
936	95	16	2025-11-18 00:00:00	2025	962	AVAILABLE	\N	2026-02-05 06:44:00.036	2026-02-05 06:44:00.036	29	251118-11-15105154-21	\N
937	94	16	2025-11-18 00:00:00	2025	969	AVAILABLE	\N	2026-02-05 06:44:00.047	2026-02-05 06:44:00.047	29	251118-11-15105154-21	\N
938	93	16	2025-11-18 00:00:00	2025	955	AVAILABLE	\N	2026-02-05 06:44:00.057	2026-02-05 06:44:00.057	29	251118-11-15105154-21	\N
939	92	16	2025-11-12 00:00:00	2025	911	AVAILABLE	\N	2026-02-05 06:44:00.068	2026-02-05 06:44:00.068	29	251112-11-15105154-21	\N
940	91	16	2025-11-12 00:00:00	2025	942	AVAILABLE	\N	2026-02-05 06:44:00.078	2026-02-05 06:44:00.078	29	251112-11-15105154-21	\N
941	90	16	2025-11-12 00:00:00	2025	900	AVAILABLE	\N	2026-02-05 06:44:00.091	2026-02-05 06:44:00.091	29	251112-11-15105154-21	\N
942	89	16	2025-11-12 00:00:00	2025	945	AVAILABLE	\N	2026-02-05 06:44:00.102	2026-02-05 06:44:00.102	29	251112-11-15105154-21	\N
943	88	16	2025-11-12 00:00:00	2025	916	AVAILABLE	\N	2026-02-05 06:44:00.112	2026-02-05 06:44:00.112	29	251112-11-15105154-21	\N
944	87	16	2025-11-12 00:00:00	2025	872	AVAILABLE	\N	2026-02-05 06:44:00.123	2026-02-05 06:44:00.123	29	251112-11-15105154-21	\N
945	86	16	2025-11-12 00:00:00	2025	911	AVAILABLE	\N	2026-02-05 06:44:00.135	2026-02-05 06:44:00.135	29	251112-11-15105154-21	\N
946	85	16	2025-11-12 00:00:00	2025	927	AVAILABLE	\N	2026-02-05 06:44:00.146	2026-02-05 06:44:00.146	29	251112-11-15105154-21	\N
947	84	16	2025-11-12 00:00:00	2025	937	AVAILABLE	\N	2026-02-05 06:44:00.157	2026-02-05 06:44:00.157	29	251112-11-15105154-21	\N
948	83	16	2025-11-12 00:00:00	2025	970	AVAILABLE	\N	2026-02-05 06:44:00.169	2026-02-05 06:44:00.169	29	251112-11-15105154-21	\N
949	82	16	2025-11-12 00:00:00	2025	921	AVAILABLE	\N	2026-02-05 06:44:00.179	2026-02-05 06:44:00.179	29	251112-11-15105154-21	\N
950	81	16	2025-11-12 00:00:00	2025	891	AVAILABLE	\N	2026-02-05 06:44:00.19	2026-02-05 06:44:00.19	29	251112-11-15105154-21	\N
951	80	16	2025-11-12 00:00:00	2025	934	AVAILABLE	\N	2026-02-05 06:44:00.2	2026-02-05 06:44:00.2	29	251112-11-15105154-21	\N
952	79	16	2025-11-12 00:00:00	2025	962	AVAILABLE	\N	2026-02-05 06:44:00.21	2026-02-05 06:44:00.21	29	251112-11-15105154-21	\N
953	78	16	2025-11-12 00:00:00	2025	810	AVAILABLE	\N	2026-02-05 06:44:00.22	2026-02-05 06:44:00.22	42	251112-11-15101500-71	\N
954	77	16	2025-11-12 00:00:00	2025	805	AVAILABLE	\N	2026-02-05 06:44:00.231	2026-02-05 06:44:00.231	42	251112-11-15101500-71	\N
955	76	16	2025-11-12 00:00:00	2025	805	AVAILABLE	\N	2026-02-05 06:44:00.24	2026-02-05 06:44:00.24	42	251112-11-15101500-71	\N
956	75	16	2025-11-12 00:00:00	2025	805	AVAILABLE	\N	2026-02-05 06:44:00.251	2026-02-05 06:44:00.251	42	251112-11-15101500-71	\N
957	74	16	2025-11-12 00:00:00	2025	805	AVAILABLE	\N	2026-02-05 06:44:00.26	2026-02-05 06:44:00.26	42	251112-11-15101500-71	\N
958	73	16	2025-11-12 00:00:00	2025	805	AVAILABLE	\N	2026-02-05 06:44:00.27	2026-02-05 06:44:00.27	42	251112-11-15101500-71	\N
959	72	16	2025-11-12 00:00:00	2025	805	AVAILABLE	\N	2026-02-05 06:44:00.281	2026-02-05 06:44:00.281	42	251112-11-15101500-71	\N
960	71	16	2025-11-12 00:00:00	2025	806	AVAILABLE	\N	2026-02-05 06:44:00.291	2026-02-05 06:44:00.291	42	251112-11-15101500-71	\N
961	70	16	2025-11-12 00:00:00	2025	805	AVAILABLE	\N	2026-02-05 06:44:00.301	2026-02-05 06:44:00.301	42	251112-11-15101500-71	\N
962	69	16	2025-11-12 00:00:00	2025	806	AVAILABLE	\N	2026-02-05 06:44:00.312	2026-02-05 06:44:00.312	42	251112-11-15101500-71	\N
963	68	16	2025-11-12 00:00:00	2025	804	AVAILABLE	\N	2026-02-05 06:44:00.322	2026-02-05 06:44:00.322	42	251112-11-15101500-71	\N
964	67	16	2025-11-12 00:00:00	2025	807	AVAILABLE	\N	2026-02-05 06:44:00.332	2026-02-05 06:44:00.332	42	251112-11-15101500-71	\N
965	66	16	2025-11-12 00:00:00	2025	806	AVAILABLE	\N	2026-02-05 06:44:00.342	2026-02-05 06:44:00.342	42	251112-11-15101500-71	\N
966	65	16	2025-11-12 00:00:00	2025	804	AVAILABLE	\N	2026-02-05 06:44:00.352	2026-02-05 06:44:00.352	42	251112-11-15101500-71	\N
967	64	16	2025-11-11 00:00:00	2025	809	AVAILABLE	\N	2026-02-05 06:44:00.363	2026-02-05 06:44:00.363	59	251111-11-15103430-201	\N
968	63	16	2025-11-11 00:00:00	2025	809	AVAILABLE	\N	2026-02-05 06:44:00.374	2026-02-05 06:44:00.374	59	251111-11-15103430-201	\N
969	62	16	2025-11-11 00:00:00	2025	807	AVAILABLE	\N	2026-02-05 06:44:00.384	2026-02-05 06:44:00.384	59	251111-11-15103430-201	\N
970	61	16	2025-11-11 00:00:00	2025	802	AVAILABLE	\N	2026-02-05 06:44:00.395	2026-02-05 06:44:00.395	59	251111-11-15103430-201	\N
971	60	16	2025-11-11 00:00:00	2025	812	AVAILABLE	\N	2026-02-05 06:44:00.405	2026-02-05 06:44:00.405	59	251111-11-15103430-201	\N
972	59	16	2025-11-11 00:00:00	2025	807	AVAILABLE	\N	2026-02-05 06:44:00.415	2026-02-05 06:44:00.415	59	251111-11-15103430-201	\N
973	58	16	2025-11-11 00:00:00	2025	815	AVAILABLE	\N	2026-02-05 06:44:00.425	2026-02-05 06:44:00.425	59	251111-11-15103430-201	\N
974	57	16	2025-11-11 00:00:00	2025	804	AVAILABLE	\N	2026-02-05 06:44:00.435	2026-02-05 06:44:00.435	59	251111-11-15103430-201	\N
975	56	16	2025-11-11 00:00:00	2025	802	AVAILABLE	\N	2026-02-05 06:44:00.446	2026-02-05 06:44:00.446	59	251111-11-15103430-201	\N
976	55	16	2025-11-11 00:00:00	2025	809	AVAILABLE	\N	2026-02-05 06:44:00.457	2026-02-05 06:44:00.457	59	251111-11-15103430-201	\N
977	54	16	2025-11-11 00:00:00	2025	802	AVAILABLE	\N	2026-02-05 06:44:00.466	2026-02-05 06:44:00.466	59	251111-11-15103430-201	\N
978	53	16	2025-11-11 00:00:00	2025	804	AVAILABLE	\N	2026-02-05 06:44:00.476	2026-02-05 06:44:00.476	59	251111-11-15103430-201	\N
979	52	16	2025-11-11 00:00:00	2025	804	AVAILABLE	\N	2026-02-05 06:44:00.487	2026-02-05 06:44:00.487	59	251111-11-15103430-201	\N
980	51	16	2025-11-11 00:00:00	2025	807	AVAILABLE	\N	2026-02-05 06:44:00.502	2026-02-05 06:44:00.502	59	251111-11-15103430-201	\N
981	50	16	2025-11-11 00:00:00	2025	805	AVAILABLE	\N	2026-02-05 06:44:00.513	2026-02-05 06:44:00.513	59	251111-11-15103430-201	\N
982	49	16	2025-11-11 00:00:00	2025	803	AVAILABLE	\N	2026-02-05 06:44:00.523	2026-02-05 06:44:00.523	59	251111-11-15103430-201	\N
983	48	16	2025-11-11 00:00:00	2025	803	AVAILABLE	\N	2026-02-05 06:44:00.534	2026-02-05 06:44:00.534	59	251111-11-15103430-201	\N
984	47	16	2025-11-11 00:00:00	2025	803	AVAILABLE	\N	2026-02-05 06:44:00.545	2026-02-05 06:44:00.545	59	251111-11-15103430-201	\N
985	46	16	2025-11-11 00:00:00	2025	803	AVAILABLE	\N	2026-02-05 06:44:00.556	2026-02-05 06:44:00.556	59	251111-11-15103430-201	\N
986	45	16	2025-11-11 00:00:00	2025	804	AVAILABLE	\N	2026-02-05 06:44:00.583	2026-02-05 06:44:00.583	59	251111-11-15103430-201	\N
987	44	16	2025-11-11 00:00:00	2025	804	AVAILABLE	\N	2026-02-05 06:44:00.596	2026-02-05 06:44:00.596	59	251111-11-15103430-201	\N
988	43	16	2025-11-11 00:00:00	2025	803	AVAILABLE	\N	2026-02-05 06:44:00.606	2026-02-05 06:44:00.606	59	251111-11-15103430-201	\N
989	42	16	2025-11-11 00:00:00	2025	804	AVAILABLE	\N	2026-02-05 06:44:00.618	2026-02-05 06:44:00.618	59	251111-11-15103430-201	\N
990	41	16	2025-11-11 00:00:00	2025	808	AVAILABLE	\N	2026-02-05 06:44:00.637	2026-02-05 06:44:00.637	59	251111-11-15103430-201	\N
991	40	16	2025-11-11 00:00:00	2025	804	AVAILABLE	\N	2026-02-05 06:44:00.648	2026-02-05 06:44:00.648	59	251111-11-15103430-201	\N
992	39	16	2025-11-11 00:00:00	2025	804	AVAILABLE	\N	2026-02-05 06:44:00.659	2026-02-05 06:44:00.659	59	251111-11-15103430-201	\N
993	38	16	2025-11-11 00:00:00	2025	804	AVAILABLE	\N	2026-02-05 06:44:00.669	2026-02-05 06:44:00.669	59	251111-11-15103430-201	\N
994	37	16	2025-11-10 00:00:00	2025	801	AVAILABLE	\N	2026-02-05 06:44:00.679	2026-02-05 06:44:00.679	42	251110-11-15101500-71	\N
995	36	16	2025-11-10 00:00:00	2025	800	AVAILABLE	\N	2026-02-05 06:44:00.69	2026-02-05 06:44:00.69	42	251110-11-15101500-71	\N
996	35	16	2025-11-10 00:00:00	2025	801	AVAILABLE	\N	2026-02-05 06:44:00.7	2026-02-05 06:44:00.7	42	251110-11-15101500-71	\N
997	34	16	2025-11-10 00:00:00	2025	803	AVAILABLE	\N	2026-02-05 06:44:00.71	2026-02-05 06:44:00.71	42	251110-11-15101500-71	\N
998	33	16	2025-11-10 00:00:00	2025	803	AVAILABLE	\N	2026-02-05 06:44:00.721	2026-02-05 06:44:00.721	42	251110-11-15101500-71	\N
999	32	16	2025-11-10 00:00:00	2025	802	AVAILABLE	\N	2026-02-05 06:44:00.731	2026-02-05 06:44:00.731	42	251110-11-15101500-71	\N
1000	31	16	2025-11-10 00:00:00	2025	802	AVAILABLE	\N	2026-02-05 06:44:00.741	2026-02-05 06:44:00.741	42	251110-11-15101500-71	\N
1001	30	16	2025-11-10 00:00:00	2025	801	AVAILABLE	\N	2026-02-05 06:44:00.752	2026-02-05 06:44:00.752	42	251110-11-15101500-71	\N
1002	29	16	2025-11-10 00:00:00	2025	801	AVAILABLE	\N	2026-02-05 06:44:00.764	2026-02-05 06:44:00.764	42	251110-11-15101500-71	\N
1003	28	16	2025-11-10 00:00:00	2025	803	AVAILABLE	\N	2026-02-05 06:44:00.775	2026-02-05 06:44:00.775	42	251110-11-15101500-71	\N
1004	27	16	2025-11-10 00:00:00	2025	803	AVAILABLE	\N	2026-02-05 06:44:00.785	2026-02-05 06:44:00.785	42	251110-11-15101500-71	\N
1005	26	16	2025-11-10 00:00:00	2025	803	AVAILABLE	\N	2026-02-05 06:44:00.809	2026-02-05 06:44:00.809	42	251110-11-15101500-71	\N
1006	25	16	2025-11-10 00:00:00	2025	803	AVAILABLE	\N	2026-02-05 06:44:00.821	2026-02-05 06:44:00.821	42	251110-11-15101500-71	\N
1007	24	16	2025-11-10 00:00:00	2025	802	AVAILABLE	\N	2026-02-05 06:44:00.831	2026-02-05 06:44:00.831	42	251110-11-15101500-71	\N
1008	23	16	2025-11-10 00:00:00	2025	804	AVAILABLE	\N	2026-02-05 06:44:00.841	2026-02-05 06:44:00.841	42	251110-11-15101500-71	\N
1009	22	16	2025-11-10 00:00:00	2025	804	AVAILABLE	\N	2026-02-05 06:44:00.851	2026-02-05 06:44:00.851	42	251110-11-15101500-71	\N
1010	21	16	2025-11-10 00:00:00	2025	804	AVAILABLE	\N	2026-02-05 06:44:00.862	2026-02-05 06:44:00.862	42	251110-11-15101500-71	\N
1011	20	16	2025-11-10 00:00:00	2025	803	AVAILABLE	\N	2026-02-05 06:44:00.873	2026-02-05 06:44:00.873	42	251110-11-15101500-71	\N
1012	19	16	2025-11-10 00:00:00	2025	801	AVAILABLE	\N	2026-02-05 06:44:00.885	2026-02-05 06:44:00.885	42	251110-11-15101500-71	\N
1013	18	16	2025-11-10 00:00:00	2025	802	AVAILABLE	\N	2026-02-05 06:44:00.897	2026-02-05 06:44:00.897	42	251110-11-15101500-71	\N
1014	17	16	2025-11-10 00:00:00	2025	751	AVAILABLE	\N	2026-02-05 06:44:00.907	2026-02-05 06:44:00.907	47	251110-11-15101754-85	\N
1015	16	16	2025-11-10 00:00:00	2025	771	AVAILABLE	\N	2026-02-05 06:44:00.918	2026-02-05 06:44:00.918	47	251110-11-15101754-85	\N
1016	15	16	2025-11-10 00:00:00	2025	769	AVAILABLE	\N	2026-02-05 06:44:00.929	2026-02-05 06:44:00.929	47	251110-11-15101754-85	\N
1017	14	16	2025-11-10 00:00:00	2025	778	AVAILABLE	\N	2026-02-05 06:44:00.939	2026-02-05 06:44:00.939	47	251110-11-15101754-85	\N
1018	13	16	2025-11-10 00:00:00	2025	810	AVAILABLE	\N	2026-02-05 06:44:00.95	2026-02-05 06:44:00.95	47	251110-11-15101754-85	\N
1019	12	16	2025-11-10 00:00:00	2025	826	AVAILABLE	\N	2026-02-05 06:44:00.96	2026-02-05 06:44:00.96	47	251110-11-15101754-85	\N
1020	11	16	2025-11-10 00:00:00	2025	849	AVAILABLE	\N	2026-02-05 06:44:00.97	2026-02-05 06:44:00.97	47	251110-11-15101754-85	\N
1021	10	16	2025-11-10 00:00:00	2025	815	AVAILABLE	\N	2026-02-05 06:44:00.98	2026-02-05 06:44:00.98	47	251110-11-15101754-85	\N
1022	9	16	2025-11-10 00:00:00	2025	841	AVAILABLE	\N	2026-02-05 06:44:00.992	2026-02-05 06:44:00.992	47	251110-11-15101754-85	\N
1023	8	16	2025-11-10 00:00:00	2025	839	AVAILABLE	\N	2026-02-05 06:44:01.003	2026-02-05 06:44:01.003	47	251110-11-15101754-85	\N
1024	7	16	2025-11-10 00:00:00	2025	770	AVAILABLE	\N	2026-02-05 06:44:01.014	2026-02-05 06:44:01.014	47	251110-11-15101754-85	\N
1025	6	16	2025-11-10 00:00:00	2025	798	AVAILABLE	\N	2026-02-05 06:44:01.025	2026-02-05 06:44:01.025	47	251110-11-15101754-85	\N
1026	5	16	2025-11-10 00:00:00	2025	733	AVAILABLE	\N	2026-02-05 06:44:01.038	2026-02-05 06:44:01.038	47	251110-11-15101754-85	\N
1027	4	16	2025-11-10 00:00:00	2025	823	AVAILABLE	\N	2026-02-05 06:44:01.048	2026-02-05 06:44:01.048	47	251110-11-15101754-85	\N
1028	3	16	2025-11-10 00:00:00	2025	791	AVAILABLE	\N	2026-02-05 06:44:01.059	2026-02-05 06:44:01.059	47	251110-11-15101754-85	\N
1030	1	16	2025-11-10 00:00:00	2025	822	AVAILABLE	\N	2026-02-05 06:44:01.079	2026-02-05 06:44:01.079	47	251110-11-15101754-85	\N
84	219	17	2025-11-19 00:00:00	2025	902	CONSUMED	4	2026-02-05 06:43:50.691	2026-02-10 11:21:22.341	87	251119-11-15100914-391	\N
92	211	17	2025-11-19 00:00:00	2025	900	CONSUMED	4	2026-02-05 06:43:50.777	2026-02-10 11:21:22.341	87	251119-11-15100914-391	\N
1334	266	13	2025-11-19 00:00:00	2025	803	CONSUMED	5	2026-02-05 08:14:22.726	2026-02-11 01:03:52.157	114	251119-11-15103885-4126	\N
1335	267	13	2025-11-19 00:00:00	2025	801	CONSUMED	5	2026-02-05 08:14:22.74	2026-02-11 01:03:52.157	114	251119-11-15103885-4126	\N
1336	268	13	2025-11-19 00:00:00	2025	803	CONSUMED	5	2026-02-05 08:14:22.754	2026-02-11 01:03:52.157	114	251119-11-15103885-4126	\N
1337	269	13	2025-11-19 00:00:00	2025	802	CONSUMED	5	2026-02-05 08:14:22.767	2026-02-11 01:03:52.157	114	251119-11-15103885-4126	\N
147	156	17	2025-11-11 00:00:00	2025	834	CONSUMED	6	2026-02-05 06:43:51.385	2026-02-11 01:17:08.14	76	251111-11-15104848-311	\N
148	155	17	2025-11-11 00:00:00	2025	835	CONSUMED	6	2026-02-05 06:43:51.395	2026-02-11 01:17:08.14	76	251111-11-15104848-311	\N
149	154	17	2025-11-11 00:00:00	2025	832	CONSUMED	6	2026-02-05 06:43:51.405	2026-02-11 01:17:08.14	76	251111-11-15104848-311	\N
150	153	17	2025-11-11 00:00:00	2025	846	CONSUMED	6	2026-02-05 06:43:51.415	2026-02-11 01:17:08.14	76	251111-11-15104848-311	\N
151	152	17	2025-11-11 00:00:00	2025	858	CONSUMED	6	2026-02-05 06:43:51.425	2026-02-11 01:17:08.14	76	251111-11-15104848-311	\N
152	151	17	2025-11-11 00:00:00	2025	768	CONSUMED	6	2026-02-05 06:43:51.436	2026-02-11 01:17:08.14	76	251111-11-15104848-311	\N
153	150	17	2025-11-11 00:00:00	2025	828	CONSUMED	6	2026-02-05 06:43:51.446	2026-02-11 01:17:08.14	76	251111-11-15104848-311	\N
154	149	17	2025-11-11 00:00:00	2025	835	CONSUMED	6	2026-02-05 06:43:51.457	2026-02-11 01:17:08.14	76	251111-11-15104848-311	\N
155	148	17	2025-11-11 00:00:00	2025	837	CONSUMED	6	2026-02-05 06:43:51.467	2026-02-11 01:17:08.14	76	251111-11-15104848-311	\N
1120	22	13	2025-11-10 00:00:00	2025	802	CONSUMED	47	2026-02-05 08:14:19.703	2026-02-23 05:54:45.519	49	251110-11-15107734-101	\N
1123	25	13	2025-11-10 00:00:00	2025	804	CONSUMED	47	2026-02-05 08:14:19.745	2026-02-23 05:54:45.519	49	251110-11-15107734-101	\N
1118	20	13	2025-11-10 00:00:00	2025	807	CONSUMED	48	2026-02-05 08:14:19.676	2026-02-23 06:02:21.013	49	251110-11-15107734-101	\N
1119	21	13	2025-11-10 00:00:00	2025	803	CONSUMED	48	2026-02-05 08:14:19.69	2026-02-23 06:02:21.013	49	251110-11-15107734-101	\N
1121	23	13	2025-11-10 00:00:00	2025	805	CONSUMED	48	2026-02-05 08:14:19.717	2026-02-23 06:02:21.013	49	251110-11-15107734-101	\N
1124	26	13	2025-11-10 00:00:00	2025	807	CONSUMED	48	2026-02-05 08:14:19.759	2026-02-23 06:02:21.013	49	251110-11-15107734-101	\N
1122	24	13	2025-11-10 00:00:00	2025	802	CONSUMED	48	2026-02-05 08:14:19.731	2026-02-20 01:57:16.21	49	251110-11-15107734-101	\N
1103	5	13	2025-11-03 00:00:00	2025	804	CONSUMED	30	2026-02-05 08:14:19.469	2026-02-13 06:03:59.669	36	251103-11-15101553-37	\N
1104	6	13	2025-11-03 00:00:00	2025	805	CONSUMED	26	2026-02-05 08:14:19.483	2026-02-13 05:49:15.838	36	251103-11-15101553-37	\N
1105	7	13	2025-11-03 00:00:00	2025	805	CONSUMED	30	2026-02-05 08:14:19.497	2026-02-13 06:03:59.669	36	251103-11-15101553-37	\N
1106	8	13	2025-11-03 00:00:00	2025	810	CONSUMED	30	2026-02-05 08:14:19.511	2026-02-13 06:03:59.669	36	251103-11-15101553-37	\N
1107	9	13	2025-11-03 00:00:00	2025	801	CONSUMED	28	2026-02-05 08:14:19.526	2026-02-13 05:58:51.483	144	251103-11-15317458-531	\N
1108	10	13	2025-11-03 00:00:00	2025	803	CONSUMED	28	2026-02-05 08:14:19.54	2026-02-13 05:58:51.483	144	251103-11-15317458-531	\N
1125	27	13	2025-11-10 00:00:00	2025	804	CONSUMED	48	2026-02-05 08:14:19.771	2026-02-20 01:57:16.21	49	251110-11-15107734-101	\N
1127	29	13	2025-11-10 00:00:00	2025	807	CONSUMED	48	2026-02-05 08:14:19.797	2026-02-20 01:57:16.21	49	251110-11-15107734-101	\N
1126	28	13	2025-11-10 00:00:00	2025	806	CONSUMED	47	2026-02-05 08:14:19.784	2026-02-20 01:53:05.931	49	251110-11-15107734-101	\N
1142	44	13	2025-11-11 00:00:00	2025	796	CONSUMED	47	2026-02-05 08:14:19.995	2026-02-23 05:54:45.519	67	251111-11-15101907-245	\N
1128	30	13	2025-11-10 00:00:00	2025	806	CONSUMED	48	2026-02-05 08:14:19.811	2026-02-23 06:02:21.013	49	251110-11-15107734-101	\N
1168	70	13	2026-02-03 00:00:00	2025	938	AVAILABLE	\N	2026-02-05 08:14:20.349	2026-02-05 08:14:20.349	36	260203-11-15101553-37	\N
1169	101	13	2025-11-19 00:00:00	2025	803	AVAILABLE	\N	2026-02-05 08:14:20.362	2026-02-05 08:14:20.362	101	251119-11-15103885-4113	\N
1170	102	13	2025-11-19 00:00:00	2025	802	AVAILABLE	\N	2026-02-05 08:14:20.375	2026-02-05 08:14:20.375	101	251119-11-15103885-4113	\N
1171	103	13	2025-11-19 00:00:00	2025	802	AVAILABLE	\N	2026-02-05 08:14:20.388	2026-02-05 08:14:20.388	101	251119-11-15103885-4113	\N
1172	104	13	2025-11-19 00:00:00	2025	801	AVAILABLE	\N	2026-02-05 08:14:20.401	2026-02-05 08:14:20.401	101	251119-11-15103885-4113	\N
1173	105	13	2025-11-19 00:00:00	2025	802	AVAILABLE	\N	2026-02-05 08:14:20.415	2026-02-05 08:14:20.415	101	251119-11-15103885-4113	\N
1174	106	13	2025-11-19 00:00:00	2025	802	AVAILABLE	\N	2026-02-05 08:14:20.429	2026-02-05 08:14:20.429	101	251119-11-15103885-4113	\N
1175	107	13	2025-11-19 00:00:00	2025	803	AVAILABLE	\N	2026-02-05 08:14:20.442	2026-02-05 08:14:20.442	101	251119-11-15103885-4113	\N
1176	108	13	2025-11-19 00:00:00	2025	801	AVAILABLE	\N	2026-02-05 08:14:20.455	2026-02-05 08:14:20.455	101	251119-11-15103885-4113	\N
1177	109	13	2025-11-19 00:00:00	2025	802	AVAILABLE	\N	2026-02-05 08:14:20.468	2026-02-05 08:14:20.468	101	251119-11-15103885-4113	\N
1178	110	13	2025-11-19 00:00:00	2025	802	AVAILABLE	\N	2026-02-05 08:14:20.481	2026-02-05 08:14:20.481	101	251119-11-15103885-4113	\N
1179	111	13	2025-11-19 00:00:00	2025	802	AVAILABLE	\N	2026-02-05 08:14:20.495	2026-02-05 08:14:20.495	101	251119-11-15103885-4113	\N
1180	112	13	2025-11-19 00:00:00	2025	804	AVAILABLE	\N	2026-02-05 08:14:20.508	2026-02-05 08:14:20.508	101	251119-11-15103885-4113	\N
1181	113	13	2025-11-19 00:00:00	2025	802	AVAILABLE	\N	2026-02-05 08:14:20.522	2026-02-05 08:14:20.522	101	251119-11-15103885-4113	\N
1182	114	13	2025-11-19 00:00:00	2025	802	AVAILABLE	\N	2026-02-05 08:14:20.535	2026-02-05 08:14:20.535	101	251119-11-15103885-4113	\N
1183	115	13	2025-11-19 00:00:00	2025	802	AVAILABLE	\N	2026-02-05 08:14:20.548	2026-02-05 08:14:20.548	101	251119-11-15103885-4113	\N
1184	116	13	2025-11-19 00:00:00	2025	803	AVAILABLE	\N	2026-02-05 08:14:20.561	2026-02-05 08:14:20.561	101	251119-11-15103885-4113	\N
1185	117	13	2025-11-19 00:00:00	2025	802	AVAILABLE	\N	2026-02-05 08:14:20.573	2026-02-05 08:14:20.573	101	251119-11-15103885-4113	\N
1129	31	13	2025-11-11 00:00:00	2025	805	CONSUMED	47	2026-02-05 08:14:19.824	2026-02-20 01:53:05.931	55	251111-11-15313793-161	\N
1138	40	13	2025-11-11 00:00:00	2025	804	CONSUMED	48	2026-02-05 08:14:19.941	2026-02-20 01:57:16.21	146	251111-11-15317458-533	\N
1143	45	13	2025-11-11 00:00:00	2025	804	CONSUMED	33	2026-02-05 08:14:20.008	2026-02-13 06:21:02.976	67	251111-11-15101907-245	\N
1144	46	13	2025-11-11 00:00:00	2025	802	CONSUMED	33	2026-02-05 08:14:20.021	2026-02-13 06:21:02.976	67	251111-11-15101907-245	\N
1145	47	13	2025-11-11 00:00:00	2025	800	CONSUMED	33	2026-02-05 08:14:20.035	2026-02-13 06:21:02.976	67	251111-11-15101907-245	\N
1146	48	13	2025-11-11 00:00:00	2025	801	CONSUMED	33	2026-02-05 08:14:20.049	2026-02-13 06:21:02.976	67	251111-11-15101907-245	\N
1147	49	13	2025-11-11 00:00:00	2025	800	CONSUMED	33	2026-02-05 08:14:20.063	2026-02-13 06:21:02.976	67	251111-11-15101907-245	\N
1148	50	13	2025-11-11 00:00:00	2025	800	CONSUMED	33	2026-02-05 08:14:20.077	2026-02-13 06:21:02.976	67	251111-11-15101907-245	\N
1150	52	13	2025-11-11 00:00:00	2025	800	CONSUMED	33	2026-02-05 08:14:20.104	2026-02-13 06:21:02.976	67	251111-11-15101907-245	\N
1151	53	13	2025-11-11 00:00:00	2025	800	CONSUMED	33	2026-02-05 08:14:20.117	2026-02-13 06:21:02.976	67	251111-11-15101907-245	\N
1130	32	13	2025-11-11 00:00:00	2025	815	CONSUMED	47	2026-02-05 08:14:19.837	2026-02-20 01:53:05.931	55	251111-11-15313793-161	\N
1139	41	13	2025-11-11 00:00:00	2025	805	CONSUMED	47	2026-02-05 08:14:19.953	2026-02-20 01:53:05.931	146	251111-11-15317458-533	\N
1140	42	13	2025-11-11 00:00:00	2025	803	CONSUMED	47	2026-02-05 08:14:19.966	2026-02-20 01:53:05.931	146	251111-11-15317458-533	\N
1141	43	13	2025-11-11 00:00:00	2025	804	CONSUMED	47	2026-02-05 08:14:19.98	2026-02-20 01:53:05.931	146	251111-11-15317458-533	\N
1162	64	13	2025-11-12 00:00:00	2025	805	CONSUMED	47	2026-02-05 08:14:20.269	2026-02-20 01:53:05.931	57	251112-11-15315627-181	\N
1186	118	13	2025-11-19 00:00:00	2025	803	AVAILABLE	\N	2026-02-05 08:14:20.587	2026-02-05 08:14:20.587	101	251119-11-15103885-4113	\N
1187	119	13	2025-11-19 00:00:00	2025	803	AVAILABLE	\N	2026-02-05 08:14:20.601	2026-02-05 08:14:20.601	101	251119-11-15103885-4113	\N
1188	120	13	2025-11-19 00:00:00	2025	802	AVAILABLE	\N	2026-02-05 08:14:20.614	2026-02-05 08:14:20.614	101	251119-11-15103885-4113	\N
1189	121	13	2025-11-19 00:00:00	2025	803	AVAILABLE	\N	2026-02-05 08:14:20.628	2026-02-05 08:14:20.628	101	251119-11-15103885-4113	\N
1190	122	13	2025-11-19 00:00:00	2025	801	AVAILABLE	\N	2026-02-05 08:14:20.642	2026-02-05 08:14:20.642	101	251119-11-15103885-4113	\N
1191	123	13	2025-11-19 00:00:00	2025	803	AVAILABLE	\N	2026-02-05 08:14:20.655	2026-02-05 08:14:20.655	101	251119-11-15103885-4113	\N
1192	124	13	2025-11-19 00:00:00	2025	803	AVAILABLE	\N	2026-02-05 08:14:20.669	2026-02-05 08:14:20.669	101	251119-11-15103885-4113	\N
1193	125	13	2025-11-19 00:00:00	2025	802	AVAILABLE	\N	2026-02-05 08:14:20.683	2026-02-05 08:14:20.683	101	251119-11-15103885-4113	\N
1194	126	13	2025-11-19 00:00:00	2025	801	AVAILABLE	\N	2026-02-05 08:14:20.696	2026-02-05 08:14:20.696	101	251119-11-15103885-4113	\N
1195	127	13	2025-11-19 00:00:00	2025	801	AVAILABLE	\N	2026-02-05 08:14:20.709	2026-02-05 08:14:20.709	101	251119-11-15103885-4113	\N
1196	128	13	2025-11-19 00:00:00	2025	802	AVAILABLE	\N	2026-02-05 08:14:20.722	2026-02-05 08:14:20.722	101	251119-11-15103885-4113	\N
1197	129	13	2025-11-19 00:00:00	2025	802	AVAILABLE	\N	2026-02-05 08:14:20.737	2026-02-05 08:14:20.737	101	251119-11-15103885-4113	\N
1198	130	13	2025-11-19 00:00:00	2025	804	AVAILABLE	\N	2026-02-05 08:14:20.75	2026-02-05 08:14:20.75	101	251119-11-15103885-4113	\N
1199	131	13	2025-11-19 00:00:00	2025	802	AVAILABLE	\N	2026-02-05 08:14:20.762	2026-02-05 08:14:20.762	101	251119-11-15103885-4113	\N
1200	132	13	2025-11-19 00:00:00	2025	802	AVAILABLE	\N	2026-02-05 08:14:20.775	2026-02-05 08:14:20.775	101	251119-11-15103885-4113	\N
1201	133	13	2025-11-19 00:00:00	2025	802	AVAILABLE	\N	2026-02-05 08:14:20.788	2026-02-05 08:14:20.788	101	251119-11-15103885-4113	\N
1202	134	13	2025-11-19 00:00:00	2025	802	AVAILABLE	\N	2026-02-05 08:14:20.801	2026-02-05 08:14:20.801	101	251119-11-15103885-4113	\N
1203	135	13	2025-11-19 00:00:00	2025	802	AVAILABLE	\N	2026-02-05 08:14:20.815	2026-02-05 08:14:20.815	101	251119-11-15103885-4113	\N
1204	136	13	2025-11-19 00:00:00	2025	802	AVAILABLE	\N	2026-02-05 08:14:20.829	2026-02-05 08:14:20.829	101	251119-11-15103885-4113	\N
1205	137	13	2025-11-19 00:00:00	2025	803	AVAILABLE	\N	2026-02-05 08:14:20.842	2026-02-05 08:14:20.842	101	251119-11-15103885-4113	\N
1206	138	13	2025-11-19 00:00:00	2025	803	AVAILABLE	\N	2026-02-05 08:14:20.855	2026-02-05 08:14:20.855	101	251119-11-15103885-4113	\N
1207	139	13	2025-11-19 00:00:00	2025	802	AVAILABLE	\N	2026-02-05 08:14:20.869	2026-02-05 08:14:20.869	101	251119-11-15103885-4113	\N
1208	140	13	2025-11-19 00:00:00	2025	801	AVAILABLE	\N	2026-02-05 08:14:20.885	2026-02-05 08:14:20.885	101	251119-11-15103885-4113	\N
1209	141	13	2025-11-19 00:00:00	2025	803	AVAILABLE	\N	2026-02-05 08:14:20.898	2026-02-05 08:14:20.898	106	251119-11-15103885-4118	\N
1210	142	13	2025-11-19 00:00:00	2025	803	AVAILABLE	\N	2026-02-05 08:14:20.911	2026-02-05 08:14:20.911	106	251119-11-15103885-4118	\N
1211	143	13	2025-11-19 00:00:00	2025	802	AVAILABLE	\N	2026-02-05 08:14:20.924	2026-02-05 08:14:20.924	106	251119-11-15103885-4118	\N
1212	144	13	2025-11-19 00:00:00	2025	803	AVAILABLE	\N	2026-02-05 08:14:20.937	2026-02-05 08:14:20.937	106	251119-11-15103885-4118	\N
1213	145	13	2025-11-19 00:00:00	2025	803	AVAILABLE	\N	2026-02-05 08:14:20.951	2026-02-05 08:14:20.951	106	251119-11-15103885-4118	\N
1214	146	13	2025-11-19 00:00:00	2025	803	AVAILABLE	\N	2026-02-05 08:14:20.963	2026-02-05 08:14:20.963	106	251119-11-15103885-4118	\N
1215	147	13	2025-11-19 00:00:00	2025	802	AVAILABLE	\N	2026-02-05 08:14:20.977	2026-02-05 08:14:20.977	106	251119-11-15103885-4118	\N
1216	148	13	2025-11-19 00:00:00	2025	802	AVAILABLE	\N	2026-02-05 08:14:20.991	2026-02-05 08:14:20.991	106	251119-11-15103885-4118	\N
1217	149	13	2025-11-19 00:00:00	2025	801	AVAILABLE	\N	2026-02-05 08:14:21.004	2026-02-05 08:14:21.004	106	251119-11-15103885-4118	\N
1218	150	13	2025-11-19 00:00:00	2025	800	AVAILABLE	\N	2026-02-05 08:14:21.017	2026-02-05 08:14:21.017	106	251119-11-15103885-4118	\N
1219	151	13	2025-11-19 00:00:00	2025	801	AVAILABLE	\N	2026-02-05 08:14:21.029	2026-02-05 08:14:21.029	106	251119-11-15103885-4118	\N
1220	152	13	2025-11-19 00:00:00	2025	802	AVAILABLE	\N	2026-02-05 08:14:21.042	2026-02-05 08:14:21.042	106	251119-11-15103885-4118	\N
1221	153	13	2025-11-19 00:00:00	2025	802	AVAILABLE	\N	2026-02-05 08:14:21.055	2026-02-05 08:14:21.055	106	251119-11-15103885-4118	\N
1222	154	13	2025-11-19 00:00:00	2025	803	AVAILABLE	\N	2026-02-05 08:14:21.068	2026-02-05 08:14:21.068	106	251119-11-15103885-4118	\N
1223	155	13	2025-11-19 00:00:00	2025	803	AVAILABLE	\N	2026-02-05 08:14:21.081	2026-02-05 08:14:21.081	106	251119-11-15103885-4118	\N
1224	156	13	2025-11-19 00:00:00	2025	802	AVAILABLE	\N	2026-02-05 08:14:21.094	2026-02-05 08:14:21.094	106	251119-11-15103885-4118	\N
1225	157	13	2025-11-19 00:00:00	2025	803	AVAILABLE	\N	2026-02-05 08:14:21.107	2026-02-05 08:14:21.107	106	251119-11-15103885-4118	\N
1226	158	13	2025-11-19 00:00:00	2025	803	AVAILABLE	\N	2026-02-05 08:14:21.121	2026-02-05 08:14:21.121	106	251119-11-15103885-4118	\N
1227	159	13	2025-11-19 00:00:00	2025	803	AVAILABLE	\N	2026-02-05 08:14:21.134	2026-02-05 08:14:21.134	106	251119-11-15103885-4118	\N
1228	160	13	2025-11-19 00:00:00	2025	804	AVAILABLE	\N	2026-02-05 08:14:21.147	2026-02-05 08:14:21.147	106	251119-11-15103885-4118	\N
1229	161	13	2025-11-19 00:00:00	2025	803	AVAILABLE	\N	2026-02-05 08:14:21.159	2026-02-05 08:14:21.159	106	251119-11-15103885-4118	\N
1230	162	13	2025-11-19 00:00:00	2025	803	AVAILABLE	\N	2026-02-05 08:14:21.172	2026-02-05 08:14:21.172	106	251119-11-15103885-4118	\N
1231	163	13	2025-11-19 00:00:00	2025	803	AVAILABLE	\N	2026-02-05 08:14:21.185	2026-02-05 08:14:21.185	106	251119-11-15103885-4118	\N
1232	164	13	2025-11-19 00:00:00	2025	804	AVAILABLE	\N	2026-02-05 08:14:21.2	2026-02-05 08:14:21.2	106	251119-11-15103885-4118	\N
1233	165	13	2025-11-19 00:00:00	2025	803	AVAILABLE	\N	2026-02-05 08:14:21.253	2026-02-05 08:14:21.253	106	251119-11-15103885-4118	\N
1234	166	13	2025-11-19 00:00:00	2025	803	AVAILABLE	\N	2026-02-05 08:14:21.283	2026-02-05 08:14:21.283	106	251119-11-15103885-4118	\N
1235	167	13	2025-11-19 00:00:00	2025	803	AVAILABLE	\N	2026-02-05 08:14:21.33	2026-02-05 08:14:21.33	106	251119-11-15103885-4118	\N
1236	168	13	2025-11-19 00:00:00	2025	804	AVAILABLE	\N	2026-02-05 08:14:21.343	2026-02-05 08:14:21.343	106	251119-11-15103885-4118	\N
1237	169	13	2025-11-19 00:00:00	2025	804	AVAILABLE	\N	2026-02-05 08:14:21.355	2026-02-05 08:14:21.355	106	251119-11-15103885-4118	\N
1238	170	13	2025-11-19 00:00:00	2025	804	AVAILABLE	\N	2026-02-05 08:14:21.368	2026-02-05 08:14:21.368	106	251119-11-15103885-4118	\N
1239	171	13	2025-11-19 00:00:00	2025	806	AVAILABLE	\N	2026-02-05 08:14:21.38	2026-02-05 08:14:21.38	122	251119-11-15103885-4134	\N
1240	172	13	2025-11-19 00:00:00	2025	804	AVAILABLE	\N	2026-02-05 08:14:21.393	2026-02-05 08:14:21.393	122	251119-11-15103885-4134	\N
1241	173	13	2025-11-19 00:00:00	2025	810	AVAILABLE	\N	2026-02-05 08:14:21.406	2026-02-05 08:14:21.406	122	251119-11-15103885-4134	\N
1242	174	13	2025-11-19 00:00:00	2025	805	AVAILABLE	\N	2026-02-05 08:14:21.418	2026-02-05 08:14:21.418	122	251119-11-15103885-4134	\N
1243	175	13	2025-11-19 00:00:00	2025	810	AVAILABLE	\N	2026-02-05 08:14:21.431	2026-02-05 08:14:21.431	122	251119-11-15103885-4134	\N
1244	176	13	2025-11-19 00:00:00	2025	808	AVAILABLE	\N	2026-02-05 08:14:21.444	2026-02-05 08:14:21.444	122	251119-11-15103885-4134	\N
1245	177	13	2025-11-19 00:00:00	2025	807	AVAILABLE	\N	2026-02-05 08:14:21.456	2026-02-05 08:14:21.456	122	251119-11-15103885-4134	\N
1246	178	13	2025-11-19 00:00:00	2025	590	AVAILABLE	\N	2026-02-05 08:14:21.469	2026-02-05 08:14:21.469	122	251119-11-15103885-4134	\N
1247	179	13	2025-11-19 00:00:00	2025	800	AVAILABLE	\N	2026-02-05 08:14:21.481	2026-02-05 08:14:21.481	93	251119-11-15103885-415	\N
1248	180	13	2025-11-19 00:00:00	2025	804	AVAILABLE	\N	2026-02-05 08:14:21.494	2026-02-05 08:14:21.494	93	251119-11-15103885-415	\N
1249	181	13	2025-11-19 00:00:00	2025	304	AVAILABLE	\N	2026-02-05 08:14:21.507	2026-02-05 08:14:21.507	93	251119-11-15103885-415	\N
1250	182	13	2025-11-19 00:00:00	2025	806	AVAILABLE	\N	2026-02-05 08:14:21.521	2026-02-05 08:14:21.521	93	251119-11-15103885-415	\N
1251	183	13	2025-11-19 00:00:00	2025	802	AVAILABLE	\N	2026-02-05 08:14:21.534	2026-02-05 08:14:21.534	93	251119-11-15103885-415	\N
1252	184	13	2025-11-19 00:00:00	2025	803	AVAILABLE	\N	2026-02-05 08:14:21.547	2026-02-05 08:14:21.547	93	251119-11-15103885-415	\N
1253	185	13	2025-11-19 00:00:00	2025	804	AVAILABLE	\N	2026-02-05 08:14:21.56	2026-02-05 08:14:21.56	93	251119-11-15103885-415	\N
1254	186	13	2025-11-19 00:00:00	2025	801	AVAILABLE	\N	2026-02-05 08:14:21.573	2026-02-05 08:14:21.573	93	251119-11-15103885-415	\N
1255	187	13	2025-11-19 00:00:00	2025	807	AVAILABLE	\N	2026-02-05 08:14:21.585	2026-02-05 08:14:21.585	127	251119-11-15103885-4139	\N
1256	188	13	2025-11-19 00:00:00	2025	807	AVAILABLE	\N	2026-02-05 08:14:21.598	2026-02-05 08:14:21.598	127	251119-11-15103885-4139	\N
1257	189	13	2025-11-19 00:00:00	2025	808	AVAILABLE	\N	2026-02-05 08:14:21.611	2026-02-05 08:14:21.611	127	251119-11-15103885-4139	\N
1258	190	13	2025-11-19 00:00:00	2025	808	AVAILABLE	\N	2026-02-05 08:14:21.624	2026-02-05 08:14:21.624	127	251119-11-15103885-4139	\N
1259	191	13	2025-11-19 00:00:00	2025	808	AVAILABLE	\N	2026-02-05 08:14:21.64	2026-02-05 08:14:21.64	127	251119-11-15103885-4139	\N
1260	192	13	2025-11-19 00:00:00	2025	811	AVAILABLE	\N	2026-02-05 08:14:21.653	2026-02-05 08:14:21.653	127	251119-11-15103885-4139	\N
1261	193	13	2025-11-19 00:00:00	2025	813	AVAILABLE	\N	2026-02-05 08:14:21.666	2026-02-05 08:14:21.666	127	251119-11-15103885-4139	\N
1262	194	13	2025-11-19 00:00:00	2025	807	AVAILABLE	\N	2026-02-05 08:14:21.678	2026-02-05 08:14:21.678	127	251119-11-15103885-4139	\N
1263	195	13	2025-11-19 00:00:00	2025	808	AVAILABLE	\N	2026-02-05 08:14:21.69	2026-02-05 08:14:21.69	127	251119-11-15103885-4139	\N
1264	196	13	2025-11-19 00:00:00	2025	807	AVAILABLE	\N	2026-02-05 08:14:21.702	2026-02-05 08:14:21.702	127	251119-11-15103885-4139	\N
1265	197	13	2025-11-19 00:00:00	2025	808	AVAILABLE	\N	2026-02-05 08:14:21.715	2026-02-05 08:14:21.715	127	251119-11-15103885-4139	\N
1266	198	13	2025-11-19 00:00:00	2025	809	AVAILABLE	\N	2026-02-05 08:14:21.727	2026-02-05 08:14:21.727	127	251119-11-15103885-4139	\N
1267	199	13	2025-11-19 00:00:00	2025	808	AVAILABLE	\N	2026-02-05 08:14:21.739	2026-02-05 08:14:21.739	127	251119-11-15103885-4139	\N
1268	200	13	2025-11-19 00:00:00	2025	808	AVAILABLE	\N	2026-02-05 08:14:21.751	2026-02-05 08:14:21.751	127	251119-11-15103885-4139	\N
1269	201	13	2025-11-19 00:00:00	2025	800	AVAILABLE	\N	2026-02-05 08:14:21.764	2026-02-05 08:14:21.764	117	251119-11-15103885-4129	\N
1270	202	13	2025-11-19 00:00:00	2025	800	AVAILABLE	\N	2026-02-05 08:14:21.777	2026-02-05 08:14:21.777	117	251119-11-15103885-4129	\N
1271	203	13	2025-11-19 00:00:00	2025	799	AVAILABLE	\N	2026-02-05 08:14:21.789	2026-02-05 08:14:21.789	117	251119-11-15103885-4129	\N
1272	204	13	2025-11-19 00:00:00	2025	799	AVAILABLE	\N	2026-02-05 08:14:21.802	2026-02-05 08:14:21.802	117	251119-11-15103885-4129	\N
1273	205	13	2025-11-19 00:00:00	2025	800	AVAILABLE	\N	2026-02-05 08:14:21.815	2026-02-05 08:14:21.815	117	251119-11-15103885-4129	\N
1274	206	13	2025-11-19 00:00:00	2025	800	AVAILABLE	\N	2026-02-05 08:14:21.828	2026-02-05 08:14:21.828	117	251119-11-15103885-4129	\N
1275	207	13	2025-11-19 00:00:00	2025	802	AVAILABLE	\N	2026-02-05 08:14:21.841	2026-02-05 08:14:21.841	117	251119-11-15103885-4129	\N
1276	208	13	2025-11-19 00:00:00	2025	801	AVAILABLE	\N	2026-02-05 08:14:21.853	2026-02-05 08:14:21.853	117	251119-11-15103885-4129	\N
1283	215	13	2025-11-19 00:00:00	2025	799	AVAILABLE	\N	2026-02-05 08:14:21.941	2026-02-05 08:14:21.941	117	251119-11-15103885-4129	\N
1288	220	13	2025-11-19 00:00:00	2025	800	AVAILABLE	\N	2026-02-05 08:14:22.007	2026-02-05 08:14:22.007	117	251119-11-15103885-4129	\N
1292	224	13	2025-11-19 00:00:00	2025	801	CONSUMED	85	2026-02-05 08:14:22.058	2026-02-20 06:33:32.082	117	251119-11-15103885-4129	\N
1293	225	13	2025-11-19 00:00:00	2025	802	CONSUMED	85	2026-02-05 08:14:22.071	2026-02-20 06:33:32.082	117	251119-11-15103885-4129	\N
1333	265	13	2025-11-19 00:00:00	2025	242	CONSUMED	5	2026-02-05 08:14:22.713	2026-02-20 06:22:23.639	114	251119-11-15103885-4126	\N
1312	244	13	2025-11-19 00:00:00	2025	803	CONSUMED	64	2026-02-05 08:14:22.433	2026-02-23 07:17:10.347	105	251119-11-15103885-4117	\N
1322	254	13	2025-11-19 00:00:00	2025	803	CONSUMED	64	2026-02-05 08:14:22.571	2026-02-23 07:17:10.347	105	251119-11-15103885-4117	\N
1329	261	13	2025-11-19 00:00:00	2025	804	CONSUMED	64	2026-02-05 08:14:22.66	2026-02-23 07:17:10.347	105	251119-11-15103885-4117	\N
1305	237	13	2025-11-19 00:00:00	2025	803	CONSUMED	73	2026-02-05 08:14:22.327	2026-02-23 07:43:19.716	105	251119-11-15103885-4117	\N
1302	234	13	2025-11-19 00:00:00	2025	799	CONSUMED	85	2026-02-05 08:14:22.288	2026-02-20 06:33:32.082	117	251119-11-15103885-4129	\N
1303	235	13	2025-11-19 00:00:00	2025	799	CONSUMED	85	2026-02-05 08:14:22.3	2026-02-20 06:33:32.082	117	251119-11-15103885-4129	\N
1304	236	13	2025-11-19 00:00:00	2025	799	CONSUMED	85	2026-02-05 08:14:22.314	2026-02-20 06:33:32.082	117	251119-11-15103885-4129	\N
1309	241	13	2025-11-19 00:00:00	2025	805	CONSUMED	85	2026-02-05 08:14:22.385	2026-02-20 06:35:00.582	105	251119-11-15103885-4117	\N
1310	242	13	2025-11-19 00:00:00	2025	805	CONSUMED	85	2026-02-05 08:14:22.398	2026-02-20 06:35:00.582	105	251119-11-15103885-4117	\N
1330	262	13	2025-11-19 00:00:00	2025	805	CONSUMED	85	2026-02-05 08:14:22.673	2026-02-20 06:35:00.582	105	251119-11-15103885-4117	\N
1331	263	13	2025-11-19 00:00:00	2025	804	CONSUMED	85	2026-02-05 08:14:22.688	2026-02-20 06:35:00.582	105	251119-11-15103885-4117	\N
1332	264	13	2025-11-19 00:00:00	2025	802	CONSUMED	85	2026-02-05 08:14:22.701	2026-02-20 06:35:00.582	114	251119-11-15103885-4126	\N
1306	238	13	2025-11-19 00:00:00	2025	802	CONSUMED	73	2026-02-05 08:14:22.342	2026-02-23 07:43:19.716	105	251119-11-15103885-4117	\N
1307	239	13	2025-11-19 00:00:00	2025	804	CONSUMED	73	2026-02-05 08:14:22.357	2026-02-23 07:43:19.716	105	251119-11-15103885-4117	\N
1338	270	13	2025-11-19 00:00:00	2025	802	CONSUMED	5	2026-02-05 08:14:22.78	2026-02-11 01:03:52.157	114	251119-11-15103885-4126	\N
1339	271	13	2025-11-19 00:00:00	2025	803	CONSUMED	5	2026-02-05 08:14:22.793	2026-02-11 01:03:52.157	114	251119-11-15103885-4126	\N
1340	272	13	2025-11-19 00:00:00	2025	802	CONSUMED	5	2026-02-05 08:14:22.806	2026-02-11 01:03:52.157	114	251119-11-15103885-4126	\N
1341	273	13	2025-11-19 00:00:00	2025	801	CONSUMED	5	2026-02-05 08:14:22.818	2026-02-11 01:03:52.157	114	251119-11-15103885-4126	\N
1342	274	13	2025-11-19 00:00:00	2025	802	CONSUMED	5	2026-02-05 08:14:22.832	2026-02-11 01:03:52.157	114	251119-11-15103885-4126	\N
1343	275	13	2025-11-19 00:00:00	2025	802	CONSUMED	5	2026-02-05 08:14:22.844	2026-02-11 01:03:52.157	114	251119-11-15103885-4126	\N
156	147	17	2025-11-11 00:00:00	2025	838	CONSUMED	6	2026-02-05 06:43:51.477	2026-02-11 01:17:08.14	76	251111-11-15104848-311	\N
157	146	17	2025-11-11 00:00:00	2025	837	CONSUMED	6	2026-02-05 06:43:51.488	2026-02-11 01:17:08.14	76	251111-11-15104848-311	\N
158	145	17	2025-11-11 00:00:00	2025	833	CONSUMED	6	2026-02-05 06:43:51.5	2026-02-11 01:17:08.14	76	251111-11-15104848-311	\N
1308	240	13	2025-11-19 00:00:00	2025	803	CONSUMED	73	2026-02-05 08:14:22.373	2026-02-23 07:43:19.716	105	251119-11-15103885-4117	\N
1311	243	13	2025-11-19 00:00:00	2025	804	CONSUMED	73	2026-02-05 08:14:22.42	2026-02-23 07:43:19.716	105	251119-11-15103885-4117	\N
1313	245	13	2025-11-19 00:00:00	2025	805	CONSUMED	73	2026-02-05 08:14:22.453	2026-02-23 07:43:19.716	105	251119-11-15103885-4117	\N
159	144	17	2025-11-11 00:00:00	2025	839	CONSUMED	6	2026-02-05 06:43:51.51	2026-02-11 01:17:08.14	76	251111-11-15104848-311	\N
165	138	17	2025-11-11 00:00:00	2025	913	CONSUMED	6	2026-02-05 06:43:51.573	2026-02-11 08:38:17.76	73	251111-11-15105656-281	\N
166	137	17	2025-11-11 00:00:00	2025	910	CONSUMED	6	2026-02-05 06:43:51.586	2026-02-11 08:38:17.76	73	251111-11-15105656-281	\N
729	196	14	2025-11-10 00:00:00	2025	565	CONSUMED	12	2026-02-05 06:43:57.711	2026-02-11 08:40:03.67	49	251110-11-15107734-101	\N
730	195	14	2025-11-10 00:00:00	2025	801	CONSUMED	12	2026-02-05 06:43:57.721	2026-02-11 08:40:03.67	49	251110-11-15107734-101	\N
731	194	14	2025-11-10 00:00:00	2025	803	CONSUMED	12	2026-02-05 06:43:57.731	2026-02-11 08:40:03.67	49	251110-11-15107734-101	\N
732	193	14	2025-11-10 00:00:00	2025	803	CONSUMED	12	2026-02-05 06:43:57.741	2026-02-11 08:40:03.67	49	251110-11-15107734-101	\N
733	192	14	2025-11-10 00:00:00	2025	805	CONSUMED	12	2026-02-05 06:43:57.751	2026-02-11 08:40:03.67	49	251110-11-15107734-101	\N
734	191	14	2025-11-10 00:00:00	2025	802	CONSUMED	12	2026-02-05 06:43:57.761	2026-02-11 08:40:03.67	49	251110-11-15107734-101	\N
735	190	14	2025-11-10 00:00:00	2025	803	CONSUMED	12	2026-02-05 06:43:57.771	2026-02-11 08:40:03.67	49	251110-11-15107734-101	\N
736	189	14	2025-11-10 00:00:00	2025	803	CONSUMED	12	2026-02-05 06:43:57.781	2026-02-11 08:40:03.67	49	251110-11-15107734-101	\N
741	184	14	2025-11-10 00:00:00	2025	803	CONSUMED	12	2026-02-05 06:43:57.831	2026-02-11 08:40:03.67	49	251110-11-15107734-101	\N
742	183	14	2025-11-10 00:00:00	2025	800	CONSUMED	12	2026-02-05 06:43:57.841	2026-02-11 08:40:03.67	49	251110-11-15107734-101	\N
660	265	14	2025-11-11 00:00:00	2025	498	CONSUMED	12	2026-02-05 06:43:56.816	2026-02-11 06:31:21.634	62	251111-11-15101283-231	\N
661	264	14	2025-11-11 00:00:00	2025	800	CONSUMED	12	2026-02-05 06:43:56.826	2026-02-11 06:31:21.634	62	251111-11-15101283-231	\N
662	263	14	2025-11-11 00:00:00	2025	800	CONSUMED	12	2026-02-05 06:43:56.837	2026-02-11 06:31:21.634	62	251111-11-15101283-231	\N
663	262	14	2025-11-11 00:00:00	2025	836	CONSUMED	12	2026-02-05 06:43:56.847	2026-02-11 06:31:21.634	62	251111-11-15101283-231	\N
664	261	14	2025-11-11 00:00:00	2025	802	CONSUMED	12	2026-02-05 06:43:56.857	2026-02-11 06:31:21.634	62	251111-11-15101283-231	\N
665	260	14	2025-11-11 00:00:00	2025	806	CONSUMED	12	2026-02-05 06:43:56.867	2026-02-11 06:31:21.634	62	251111-11-15101283-231	\N
666	259	14	2025-11-11 00:00:00	2025	802	CONSUMED	12	2026-02-05 06:43:56.877	2026-02-11 06:31:21.634	62	251111-11-15101283-231	\N
712	213	14	2025-11-10 00:00:00	2025	804	CONSUMED	12	2026-02-05 06:43:57.529	2026-02-11 06:31:21.634	44	251110-11-15101754-82	\N
713	212	14	2025-11-10 00:00:00	2025	807	CONSUMED	12	2026-02-05 06:43:57.539	2026-02-11 06:31:21.634	44	251110-11-15101754-82	\N
714	211	14	2025-11-10 00:00:00	2025	802	CONSUMED	12	2026-02-05 06:43:57.549	2026-02-11 06:31:21.634	44	251110-11-15101754-82	\N
715	210	14	2025-11-10 00:00:00	2025	810	CONSUMED	12	2026-02-05 06:43:57.559	2026-02-11 06:31:21.634	44	251110-11-15101754-82	\N
716	209	14	2025-11-10 00:00:00	2025	806	CONSUMED	12	2026-02-05 06:43:57.569	2026-02-11 06:31:21.634	44	251110-11-15101754-82	\N
717	208	14	2025-11-10 00:00:00	2025	805	CONSUMED	12	2026-02-05 06:43:57.58	2026-02-11 06:31:21.634	44	251110-11-15101754-82	\N
720	205	14	2025-11-10 00:00:00	2025	804	CONSUMED	12	2026-02-05 06:43:57.612	2026-02-11 06:31:21.634	44	251110-11-15101754-82	\N
721	204	14	2025-11-10 00:00:00	2025	806	CONSUMED	12	2026-02-05 06:43:57.623	2026-02-11 06:31:21.634	44	251110-11-15101754-82	\N
722	203	14	2025-11-10 00:00:00	2025	809	CONSUMED	12	2026-02-05 06:43:57.634	2026-02-11 06:31:21.634	44	251110-11-15101754-82	\N
723	202	14	2025-11-10 00:00:00	2025	804	CONSUMED	12	2026-02-05 06:43:57.646	2026-02-11 06:31:21.634	44	251110-11-15101754-82	\N
724	201	14	2025-11-10 00:00:00	2025	805	CONSUMED	12	2026-02-05 06:43:57.657	2026-02-11 06:31:21.634	44	251110-11-15101754-82	\N
725	200	14	2025-11-10 00:00:00	2025	803	CONSUMED	12	2026-02-05 06:43:57.667	2026-02-11 06:31:21.634	44	251110-11-15101754-82	\N
726	199	14	2025-11-10 00:00:00	2025	809	CONSUMED	12	2026-02-05 06:43:57.678	2026-02-11 06:31:21.634	44	251110-11-15101754-82	\N
727	198	14	2025-11-10 00:00:00	2025	804	CONSUMED	12	2026-02-05 06:43:57.689	2026-02-11 06:31:21.634	44	251110-11-15101754-82	\N
728	197	14	2025-11-10 00:00:00	2025	802	CONSUMED	12	2026-02-05 06:43:57.7	2026-02-11 06:31:21.634	44	251110-11-15101754-82	\N
719	206	14	2025-11-10 00:00:00	2025	804	CONSUMED	12	2026-02-05 06:43:57.602	2026-02-11 06:31:21.634	44	251110-11-15101754-82	\N
1594	1	23	2025-10-13 00:00:00	2025	902	AVAILABLE	\N	2026-02-06 04:22:15.235	2026-02-06 04:22:15.235	198	\N	\N
1595	2	23	2025-10-13 00:00:00	2025	867	AVAILABLE	\N	2026-02-06 04:22:15.271	2026-02-06 04:22:15.271	198	\N	\N
1596	3	23	2025-10-13 00:00:00	2025	445	AVAILABLE	\N	2026-02-06 04:22:15.289	2026-02-06 04:22:15.289	198	\N	\N
1597	1	28	2025-10-13 00:00:00	2025	845	AVAILABLE	\N	2026-02-06 04:22:15.307	2026-02-06 04:22:15.307	198	\N	\N
1598	2	28	2025-10-13 00:00:00	2025	824	AVAILABLE	\N	2026-02-06 04:22:15.326	2026-02-06 04:22:15.326	198	\N	\N
1599	3	28	2025-10-13 00:00:00	2025	829	AVAILABLE	\N	2026-02-06 04:22:15.344	2026-02-06 04:22:15.344	198	\N	\N
1600	1	24	2025-10-13 00:00:00	2025	830	AVAILABLE	\N	2026-02-06 04:22:15.362	2026-02-06 04:22:15.362	198	\N	\N
1601	2	24	2025-10-13 00:00:00	2025	870	AVAILABLE	\N	2026-02-06 04:22:15.378	2026-02-06 04:22:15.378	198	\N	\N
1602	3	24	2025-10-13 00:00:00	2025	546	AVAILABLE	\N	2026-02-06 04:22:15.396	2026-02-06 04:22:15.396	198	\N	\N
1603	1	26	2025-10-13 00:00:00	2025	938	AVAILABLE	\N	2026-02-06 04:22:15.413	2026-02-06 04:22:15.413	198	\N	\N
1604	2	26	2025-10-13 00:00:00	2025	929	AVAILABLE	\N	2026-02-06 04:22:15.431	2026-02-06 04:22:15.431	198	\N	\N
1605	3	26	2025-10-13 00:00:00	2025	585	AVAILABLE	\N	2026-02-06 04:22:15.449	2026-02-06 04:22:15.449	198	\N	\N
1606	1	25	2025-10-13 00:00:00	2025	883	AVAILABLE	\N	2026-02-06 04:22:15.466	2026-02-06 04:22:15.466	198	\N	\N
1607	2	25	2025-10-13 00:00:00	2025	864	AVAILABLE	\N	2026-02-06 04:22:15.484	2026-02-06 04:22:15.484	198	\N	\N
1608	3	25	2025-10-13 00:00:00	2025	524	AVAILABLE	\N	2026-02-06 04:22:15.501	2026-02-06 04:22:15.501	198	\N	\N
1609	1	21	2025-10-13 00:00:00	2025	811	AVAILABLE	\N	2026-02-06 04:22:15.52	2026-02-06 04:22:15.52	198	\N	\N
1610	2	21	2025-10-13 00:00:00	2025	821	AVAILABLE	\N	2026-02-06 04:22:15.537	2026-02-06 04:22:15.537	198	\N	\N
1611	3	21	2025-10-13 00:00:00	2025	177	AVAILABLE	\N	2026-02-06 04:22:15.555	2026-02-06 04:22:15.555	198	\N	\N
1612	1	22	2025-10-13 00:00:00	2025	636	AVAILABLE	\N	2026-02-06 04:22:15.573	2026-02-06 04:22:15.573	198	\N	\N
1613	2	22	2025-10-13 00:00:00	2025	677	AVAILABLE	\N	2026-02-06 04:22:15.591	2026-02-06 04:22:15.591	198	\N	\N
1614	3	22	2025-10-13 00:00:00	2025	735	AVAILABLE	\N	2026-02-06 04:22:15.609	2026-02-06 04:22:15.609	198	\N	\N
1615	1	6	2025-10-13 00:00:00	2025	891	AVAILABLE	\N	2026-02-06 04:22:15.626	2026-02-06 04:22:15.626	198	\N	\N
1616	2	6	2025-10-13 00:00:00	2025	887	AVAILABLE	\N	2026-02-06 04:22:15.643	2026-02-06 04:22:15.643	198	\N	\N
1617	3	6	2025-10-13 00:00:00	2025	639	AVAILABLE	\N	2026-02-06 04:22:15.66	2026-02-06 04:22:15.66	198	\N	\N
1618	1	27	2025-10-13 00:00:00	2025	753	AVAILABLE	\N	2026-02-06 04:22:15.676	2026-02-06 04:22:15.676	198	\N	\N
1619	2	27	2025-10-13 00:00:00	2025	896	AVAILABLE	\N	2026-02-06 04:22:15.694	2026-02-06 04:22:15.694	198	\N	\N
1620	3	27	2025-10-13 00:00:00	2025	817	AVAILABLE	\N	2026-02-06 04:22:15.711	2026-02-06 04:22:15.711	198	\N	\N
1621	1	29	2025-10-20 00:00:00	2025	810	AVAILABLE	\N	2026-02-06 04:22:15.727	2026-02-06 04:22:15.727	198	\N	\N
1622	2	29	2025-10-20 00:00:00	2025	788	AVAILABLE	\N	2026-02-06 04:22:15.744	2026-02-06 04:22:15.744	198	\N	\N
1623	3	29	2025-10-20 00:00:00	2025	606	AVAILABLE	\N	2026-02-06 04:22:15.762	2026-02-06 04:22:15.762	198	\N	\N
1624	1	8	2025-10-20 00:00:00	2025	832	AVAILABLE	\N	2026-02-06 04:22:15.778	2026-02-06 04:22:15.778	198	\N	\N
1625	2	8	2025-10-20 00:00:00	2025	839	AVAILABLE	\N	2026-02-06 04:22:15.796	2026-02-06 04:22:15.796	198	\N	\N
1626	3	8	2025-10-20 00:00:00	2025	149	AVAILABLE	\N	2026-02-06 04:22:15.814	2026-02-06 04:22:15.814	198	\N	\N
1031	1	15	2025-10-16 00:00:00	2025	805	RELEASED	\N	2026-02-05 07:00:05.119	2026-02-06 04:58:07.304	176	251016-11---991	2
1032	2	15	2025-10-16 00:00:00	2025	805	RELEASED	\N	2026-02-05 07:00:05.149	2026-02-06 04:58:07.304	176	251016-11---991	2
1584	1	20	2025-11-18 00:00:00	2025	868	RELEASED	\N	2026-02-06 02:16:06.448	2026-02-06 04:58:46.506	29	251118-11-15105154-21	3
1585	2	20	2025-11-18 00:00:00	2025	846	RELEASED	\N	2026-02-06 02:16:06.476	2026-02-06 04:58:46.506	29	251118-11-15105154-21	3
1586	3	20	2025-11-18 00:00:00	2025	826	RELEASED	\N	2026-02-06 02:16:06.49	2026-02-06 04:58:46.506	29	251118-11-15105154-21	3
1587	4	20	2025-11-18 00:00:00	2025	859	RELEASED	\N	2026-02-06 02:16:06.503	2026-02-06 04:58:46.506	29	251118-11-15105154-21	3
1588	5	20	2025-11-18 00:00:00	2025	892	RELEASED	\N	2026-02-06 02:16:06.515	2026-02-06 04:58:46.506	29	251118-11-15105154-21	3
1589	6	20	2025-11-18 00:00:00	2025	884	RELEASED	\N	2026-02-06 02:16:06.528	2026-02-06 04:58:46.506	29	251118-11-15105154-21	3
1590	7	20	2025-11-18 00:00:00	2025	888	RELEASED	\N	2026-02-06 02:16:06.541	2026-02-06 04:58:46.506	29	251118-11-15105154-21	3
1591	8	20	2025-11-18 00:00:00	2025	868	RELEASED	\N	2026-02-06 02:16:06.555	2026-02-06 04:58:46.506	29	251118-11-15105154-21	3
1033	3	15	2025-10-16 00:00:00	2025	805	RELEASED	\N	2026-02-05 07:00:05.162	2026-02-06 04:58:07.304	176	251016-11---991	2
1034	4	15	2025-10-16 00:00:00	2025	805	RELEASED	\N	2026-02-05 07:00:05.174	2026-02-06 04:58:07.304	176	251016-11---991	2
1035	5	15	2025-10-16 00:00:00	2025	644	RELEASED	\N	2026-02-05 07:00:05.185	2026-02-06 04:58:07.304	176	251016-11---991	2
1036	6	15	2025-10-16 00:00:00	2025	806	RELEASED	\N	2026-02-05 07:00:05.197	2026-02-06 04:58:07.304	176	251016-11---991	2
1037	7	15	2025-10-16 00:00:00	2025	805	RELEASED	\N	2026-02-05 07:00:05.21	2026-02-06 04:58:07.304	176	251016-11---991	2
1038	8	15	2025-10-16 00:00:00	2025	804	RELEASED	\N	2026-02-05 07:00:05.22	2026-02-06 04:58:07.304	176	251016-11---991	2
1039	9	15	2025-10-16 00:00:00	2025	804	RELEASED	\N	2026-02-05 07:00:05.236	2026-02-06 04:58:07.304	176	251016-11---991	2
1040	10	15	2025-10-16 00:00:00	2025	696	RELEASED	\N	2026-02-05 07:00:05.249	2026-02-06 04:58:07.304	176	251016-11---991	2
1041	11	15	2025-10-16 00:00:00	2025	806	RELEASED	\N	2026-02-05 07:00:05.26	2026-02-06 04:58:07.304	176	251016-11---991	2
1042	12	15	2025-10-16 00:00:00	2025	805	RELEASED	\N	2026-02-05 07:00:05.271	2026-02-06 04:58:07.304	176	251016-11---991	2
1043	13	15	2025-10-28 00:00:00	2025	813	RELEASED	\N	2026-02-05 07:00:05.283	2026-02-06 04:58:07.304	177	251028-11---992	2
1044	14	15	2025-10-28 00:00:00	2025	813	RELEASED	\N	2026-02-05 07:00:05.3	2026-02-06 04:58:07.304	177	251028-11---992	2
1045	15	15	2025-10-28 00:00:00	2025	810	RELEASED	\N	2026-02-05 07:00:05.311	2026-02-06 04:58:07.304	177	251028-11---992	2
1046	16	15	2025-10-28 00:00:00	2025	849	RELEASED	\N	2026-02-05 07:00:05.322	2026-02-06 04:58:07.304	177	251028-11---992	2
1047	17	15	2025-10-28 00:00:00	2025	813	RELEASED	\N	2026-02-05 07:00:05.337	2026-02-06 04:58:07.304	177	251028-11---992	2
1048	18	15	2025-10-28 00:00:00	2025	814	RELEASED	\N	2026-02-05 07:00:05.348	2026-02-06 04:58:07.304	177	251028-11---992	2
1049	19	15	2025-10-28 00:00:00	2025	680	RELEASED	\N	2026-02-05 07:00:05.359	2026-02-06 04:58:07.304	178	251028-11---993	2
1050	20	15	2025-10-28 00:00:00	2025	838	RELEASED	\N	2026-02-05 07:00:05.371	2026-02-06 04:58:07.304	178	251028-11---993	2
1051	21	15	2025-10-28 00:00:00	2025	833	RELEASED	\N	2026-02-05 07:00:05.382	2026-02-06 04:58:07.304	178	251028-11---993	2
1052	22	15	2025-10-28 00:00:00	2025	837	RELEASED	\N	2026-02-05 07:00:05.393	2026-02-06 04:58:07.304	178	251028-11---993	2
1053	23	15	2025-10-28 00:00:00	2025	851	RELEASED	\N	2026-02-05 07:00:05.405	2026-02-06 04:58:07.304	178	251028-11---993	2
1054	24	15	2025-10-28 00:00:00	2025	830	RELEASED	\N	2026-02-05 07:00:05.417	2026-02-06 04:58:07.304	178	251028-11---993	2
1055	25	15	2025-10-28 00:00:00	2025	830	RELEASED	\N	2026-02-05 07:00:05.428	2026-02-06 04:58:07.304	178	251028-11---993	2
1056	26	15	2025-10-28 00:00:00	2025	835	RELEASED	\N	2026-02-05 07:00:05.44	2026-02-06 04:58:07.304	178	251028-11---993	2
1057	27	15	2025-10-28 00:00:00	2025	794	RELEASED	\N	2026-02-05 07:00:05.451	2026-02-06 04:58:07.304	178	251028-11---993	2
1058	28	15	2025-10-28 00:00:00	2025	823	RELEASED	\N	2026-02-05 07:00:05.461	2026-02-06 04:58:07.304	179	251028-11---994	2
1059	29	15	2025-10-28 00:00:00	2025	700	RELEASED	\N	2026-02-05 07:00:05.472	2026-02-06 04:58:07.304	179	251028-11---994	2
1060	30	15	2025-10-28 00:00:00	2025	832	RELEASED	\N	2026-02-05 07:00:05.483	2026-02-06 04:58:07.304	179	251028-11---994	2
1061	31	15	2025-10-28 00:00:00	2025	830	RELEASED	\N	2026-02-05 07:00:05.496	2026-02-06 04:58:07.304	179	251028-11---994	2
1062	32	15	2025-10-28 00:00:00	2025	826	RELEASED	\N	2026-02-05 07:00:05.511	2026-02-06 04:58:07.304	180	251028-11---995	2
1063	33	15	2025-10-28 00:00:00	2025	835	RELEASED	\N	2026-02-05 07:00:05.523	2026-02-06 04:58:07.304	180	251028-11---995	2
1064	34	15	2025-10-28 00:00:00	2025	826	RELEASED	\N	2026-02-05 07:00:05.535	2026-02-06 04:58:07.304	180	251028-11---995	2
1065	35	15	2025-10-28 00:00:00	2025	857	RELEASED	\N	2026-02-05 07:00:05.546	2026-02-06 04:58:07.304	180	251028-11---995	2
1066	36	15	2025-10-28 00:00:00	2025	824	RELEASED	\N	2026-02-05 07:00:05.559	2026-02-06 04:58:07.304	180	251028-11---995	2
1067	37	15	2025-10-28 00:00:00	2025	824	RELEASED	\N	2026-02-05 07:00:05.572	2026-02-06 04:58:07.304	180	251028-11---995	2
1068	38	15	2025-10-28 00:00:00	2025	826	RELEASED	\N	2026-02-05 07:00:05.584	2026-02-06 04:58:07.304	180	251028-11---995	2
1069	39	15	2025-10-28 00:00:00	2025	829	RELEASED	\N	2026-02-05 07:00:05.599	2026-02-06 04:58:07.304	180	251028-11---995	2
1070	40	15	2025-10-28 00:00:00	2025	825	RELEASED	\N	2026-02-05 07:00:05.612	2026-02-06 04:58:07.304	180	251028-11---995	2
1071	41	15	2025-10-28 00:00:00	2025	829	RELEASED	\N	2026-02-05 07:00:05.623	2026-02-06 04:58:07.304	180	251028-11---995	2
1072	42	15	2025-10-28 00:00:00	2025	824	RELEASED	\N	2026-02-05 07:00:05.635	2026-02-06 04:58:07.304	180	251028-11---995	2
1073	43	15	2025-10-28 00:00:00	2025	828	RELEASED	\N	2026-02-05 07:00:05.646	2026-02-06 04:58:07.304	180	251028-11---995	2
1074	44	15	2025-10-28 00:00:00	2025	809	RELEASED	\N	2026-02-05 07:00:05.658	2026-02-06 04:58:07.304	181	251028-11---996	2
1075	45	15	2025-10-28 00:00:00	2025	809	RELEASED	\N	2026-02-05 07:00:05.669	2026-02-06 04:58:07.304	181	251028-11---996	2
1076	46	15	2025-10-28 00:00:00	2025	812	RELEASED	\N	2026-02-05 07:00:05.68	2026-02-06 04:58:07.304	181	251028-11---996	2
1077	47	15	2025-10-28 00:00:00	2025	813	RELEASED	\N	2026-02-05 07:00:05.692	2026-02-06 04:58:07.304	181	251028-11---996	2
1570	1	15	2025-11-10 00:00:00	2025	809	RELEASED	\N	2026-02-06 01:27:22.584	2026-02-06 04:58:07.304	190	\N	2
1571	2	15	2025-11-10 00:00:00	2025	804	RELEASED	\N	2026-02-06 01:27:22.613	2026-02-06 04:58:07.304	190	\N	2
1572	3	15	2025-11-10 00:00:00	2025	807	RELEASED	\N	2026-02-06 01:27:22.639	2026-02-06 04:58:07.304	190	\N	2
1573	4	15	2025-11-10 00:00:00	2025	806	RELEASED	\N	2026-02-06 01:27:22.65	2026-02-06 04:58:07.304	190	\N	2
1574	5	15	2025-11-10 00:00:00	2025	804	RELEASED	\N	2026-02-06 01:27:22.662	2026-02-06 04:58:07.304	190	\N	2
1575	6	15	2025-11-10 00:00:00	2025	804	RELEASED	\N	2026-02-06 01:27:22.673	2026-02-06 04:58:07.304	190	\N	2
1576	7	15	2025-11-10 00:00:00	2025	804	RELEASED	\N	2026-02-06 01:27:22.684	2026-02-06 04:58:07.304	190	\N	2
1577	8	15	2025-11-10 00:00:00	2025	804	RELEASED	\N	2026-02-06 01:27:22.696	2026-02-06 04:58:07.304	190	\N	2
1578	9	15	2025-11-10 00:00:00	2025	804	RELEASED	\N	2026-02-06 01:27:22.707	2026-02-06 04:58:07.304	190	\N	2
1579	10	15	2025-11-10 00:00:00	2025	805	RELEASED	\N	2026-02-06 01:27:22.718	2026-02-06 04:58:07.304	190	\N	2
1580	11	15	2025-11-10 00:00:00	2025	804	RELEASED	\N	2026-02-06 01:27:22.729	2026-02-06 04:58:07.304	190	\N	2
1581	12	15	2025-11-10 00:00:00	2025	430	RELEASED	\N	2026-02-06 01:27:22.74	2026-02-06 04:58:07.304	190	\N	2
1582	13	15	2025-11-10 00:00:00	2025	805	RELEASED	\N	2026-02-06 01:27:22.75	2026-02-06 04:58:07.304	190	\N	2
1583	14	15	2025-11-10 00:00:00	2025	806	RELEASED	\N	2026-02-06 01:27:22.761	2026-02-06 04:58:07.304	190	\N	2
1592	9	20	2025-11-18 00:00:00	2025	865	RELEASED	\N	2026-02-06 02:16:06.568	2026-02-06 04:58:46.506	29	251118-11-15105154-21	3
1593	10	20	2025-11-18 00:00:00	2025	495	RELEASED	\N	2026-02-06 02:16:06.581	2026-02-06 04:58:46.506	29	251118-11-15105154-21	3
815	110	14	2025-10-16 00:00:00	2025	803	AVAILABLE	\N	2026-02-05 06:43:58.631	2026-02-06 05:01:40.621	141	251016-11-15317102-513	\N
1627	1	6	2025-10-23 00:00:00	2025	807	AVAILABLE	\N	2026-02-06 05:26:12.858	2026-02-06 05:26:12.858	182	\N	\N
1628	2	6	2025-10-23 00:00:00	2025	805	AVAILABLE	\N	2026-02-06 05:26:12.896	2026-02-06 05:26:12.896	182	\N	\N
1629	3	6	2025-10-23 00:00:00	2025	801	AVAILABLE	\N	2026-02-06 05:26:12.914	2026-02-06 05:26:12.914	182	\N	\N
1630	4	6	2025-10-23 00:00:00	2025	801	AVAILABLE	\N	2026-02-06 05:26:12.933	2026-02-06 05:26:12.933	182	\N	\N
1631	5	6	2025-10-23 00:00:00	2025	866	AVAILABLE	\N	2026-02-06 05:26:12.95	2026-02-06 05:26:12.95	182	\N	\N
1632	6	6	2025-10-23 00:00:00	2025	963	AVAILABLE	\N	2026-02-06 05:26:12.967	2026-02-06 05:26:12.967	182	\N	\N
1633	7	6	2025-10-23 00:00:00	2025	801	AVAILABLE	\N	2026-02-06 05:26:12.985	2026-02-06 05:26:12.985	182	\N	\N
1634	8	6	2025-10-23 00:00:00	2025	800	AVAILABLE	\N	2026-02-06 05:26:13.003	2026-02-06 05:26:13.003	182	\N	\N
1635	9	6	2025-10-23 00:00:00	2025	804	AVAILABLE	\N	2026-02-06 05:26:13.021	2026-02-06 05:26:13.021	182	\N	\N
1636	10	6	2025-10-23 00:00:00	2025	805	AVAILABLE	\N	2026-02-06 05:26:13.038	2026-02-06 05:26:13.038	182	\N	\N
1637	11	6	2025-10-23 00:00:00	2025	804	AVAILABLE	\N	2026-02-06 05:26:13.064	2026-02-06 05:26:13.064	182	\N	\N
1638	12	6	2025-10-23 00:00:00	2025	816	AVAILABLE	\N	2026-02-06 05:26:13.083	2026-02-06 05:26:13.083	182	\N	\N
1639	13	6	2025-11-17 00:00:00	2025	148	AVAILABLE	\N	2026-02-06 05:26:13.101	2026-02-06 05:26:13.101	183	\N	\N
1640	14	6	2025-11-17 00:00:00	2025	798	AVAILABLE	\N	2026-02-06 05:26:13.118	2026-02-06 05:26:13.118	183	\N	\N
1641	15	6	2025-11-17 00:00:00	2025	797	AVAILABLE	\N	2026-02-06 05:26:13.134	2026-02-06 05:26:13.134	183	\N	\N
1642	16	6	2025-11-17 00:00:00	2025	800	AVAILABLE	\N	2026-02-06 05:26:13.152	2026-02-06 05:26:13.152	183	\N	\N
1643	17	6	2025-11-17 00:00:00	2025	798	AVAILABLE	\N	2026-02-06 05:26:13.169	2026-02-06 05:26:13.169	183	\N	\N
1644	18	6	2025-11-17 00:00:00	2025	814	AVAILABLE	\N	2026-02-06 05:26:13.186	2026-02-06 05:26:13.186	183	\N	\N
1645	19	6	2025-11-17 00:00:00	2025	797	AVAILABLE	\N	2026-02-06 05:26:13.203	2026-02-06 05:26:13.203	183	\N	\N
1646	20	6	2025-11-18 00:00:00	2025	805	AVAILABLE	\N	2026-02-06 05:26:13.221	2026-02-06 05:26:13.221	184	\N	\N
1647	21	6	2025-11-18 00:00:00	2025	804	AVAILABLE	\N	2026-02-06 05:26:13.237	2026-02-06 05:26:13.237	184	\N	\N
1648	22	6	2025-11-18 00:00:00	2025	805	AVAILABLE	\N	2026-02-06 05:26:13.255	2026-02-06 05:26:13.255	184	\N	\N
1649	23	6	2025-11-18 00:00:00	2025	804	AVAILABLE	\N	2026-02-06 05:26:13.273	2026-02-06 05:26:13.273	184	\N	\N
1650	24	6	2025-11-18 00:00:00	2025	803	AVAILABLE	\N	2026-02-06 05:26:13.291	2026-02-06 05:26:13.291	184	\N	\N
1651	25	6	2025-11-18 00:00:00	2025	804	AVAILABLE	\N	2026-02-06 05:26:13.309	2026-02-06 05:26:13.309	184	\N	\N
1652	26	6	2025-11-18 00:00:00	2025	804	AVAILABLE	\N	2026-02-06 05:26:13.325	2026-02-06 05:26:13.325	184	\N	\N
1653	27	6	2025-11-18 00:00:00	2025	805	AVAILABLE	\N	2026-02-06 05:26:13.344	2026-02-06 05:26:13.344	184	\N	\N
1654	28	6	2025-11-18 00:00:00	2025	802	AVAILABLE	\N	2026-02-06 05:26:13.361	2026-02-06 05:26:13.361	184	\N	\N
1655	29	6	2025-11-18 00:00:00	2025	805	AVAILABLE	\N	2026-02-06 05:26:13.378	2026-02-06 05:26:13.378	184	\N	\N
1656	30	6	2025-11-18 00:00:00	2025	803	AVAILABLE	\N	2026-02-06 05:26:13.396	2026-02-06 05:26:13.396	184	\N	\N
1657	31	6	2025-11-18 00:00:00	2025	804	AVAILABLE	\N	2026-02-06 05:26:13.413	2026-02-06 05:26:13.413	184	\N	\N
1658	32	6	2025-11-18 00:00:00	2025	804	AVAILABLE	\N	2026-02-06 05:26:13.43	2026-02-06 05:26:13.43	184	\N	\N
1659	33	6	2025-11-18 00:00:00	2025	804	AVAILABLE	\N	2026-02-06 05:26:13.446	2026-02-06 05:26:13.446	184	\N	\N
1660	34	6	2025-11-18 00:00:00	2025	805	AVAILABLE	\N	2026-02-06 05:26:13.463	2026-02-06 05:26:13.463	184	\N	\N
1661	35	6	2025-11-18 00:00:00	2025	804	AVAILABLE	\N	2026-02-06 05:26:13.479	2026-02-06 05:26:13.479	184	\N	\N
1662	36	6	2025-11-18 00:00:00	2025	803	AVAILABLE	\N	2026-02-06 05:26:13.496	2026-02-06 05:26:13.496	184	\N	\N
1663	37	6	2025-11-18 00:00:00	2025	804	AVAILABLE	\N	2026-02-06 05:26:13.512	2026-02-06 05:26:13.512	184	\N	\N
1664	38	6	2025-11-18 00:00:00	2025	803	AVAILABLE	\N	2026-02-06 05:26:13.528	2026-02-06 05:26:13.528	184	\N	\N
1665	39	6	2025-11-18 00:00:00	2025	805	AVAILABLE	\N	2026-02-06 05:26:13.544	2026-02-06 05:26:13.544	184	\N	\N
1666	40	6	2025-11-18 00:00:00	2025	524	AVAILABLE	\N	2026-02-06 05:26:13.561	2026-02-06 05:26:13.561	185	\N	\N
1667	41	6	2025-11-18 00:00:00	2025	803	AVAILABLE	\N	2026-02-06 05:26:13.577	2026-02-06 05:26:13.577	185	\N	\N
1668	42	6	2025-11-18 00:00:00	2025	804	AVAILABLE	\N	2026-02-06 05:26:13.594	2026-02-06 05:26:13.594	185	\N	\N
1669	43	6	2025-11-18 00:00:00	2025	805	AVAILABLE	\N	2026-02-06 05:26:13.612	2026-02-06 05:26:13.612	185	\N	\N
1670	44	6	2025-11-18 00:00:00	2025	805	AVAILABLE	\N	2026-02-06 05:26:13.629	2026-02-06 05:26:13.629	185	\N	\N
1671	45	6	2025-11-18 00:00:00	2025	804	AVAILABLE	\N	2026-02-06 05:26:13.646	2026-02-06 05:26:13.646	185	\N	\N
1672	46	6	2025-11-18 00:00:00	2025	805	AVAILABLE	\N	2026-02-06 05:26:13.663	2026-02-06 05:26:13.663	186	\N	\N
1673	47	6	2025-11-18 00:00:00	2025	805	AVAILABLE	\N	2026-02-06 05:26:13.68	2026-02-06 05:26:13.68	186	\N	\N
1674	48	6	2025-11-18 00:00:00	2025	805	AVAILABLE	\N	2026-02-06 05:26:13.698	2026-02-06 05:26:13.698	186	\N	\N
1675	49	6	2025-11-18 00:00:00	2025	805	AVAILABLE	\N	2026-02-06 05:26:13.714	2026-02-06 05:26:13.714	186	\N	\N
1676	50	6	2025-11-18 00:00:00	2025	806	AVAILABLE	\N	2026-02-06 05:26:13.731	2026-02-06 05:26:13.731	186	\N	\N
1677	51	6	2025-11-18 00:00:00	2025	803	AVAILABLE	\N	2026-02-06 05:26:13.749	2026-02-06 05:26:13.749	186	\N	\N
1678	52	6	2025-11-18 00:00:00	2025	804	AVAILABLE	\N	2026-02-06 05:26:13.766	2026-02-06 05:26:13.766	186	\N	\N
1679	53	6	2025-11-18 00:00:00	2025	806	AVAILABLE	\N	2026-02-06 05:26:13.783	2026-02-06 05:26:13.783	186	\N	\N
1680	54	6	2025-11-18 00:00:00	2025	368	AVAILABLE	\N	2026-02-06 05:26:13.8	2026-02-06 05:26:13.8	186	\N	\N
1681	55	6	2025-11-18 00:00:00	2025	804	AVAILABLE	\N	2026-02-06 05:26:13.817	2026-02-06 05:26:13.817	187	\N	\N
1682	56	6	2025-11-18 00:00:00	2025	804	AVAILABLE	\N	2026-02-06 05:26:13.834	2026-02-06 05:26:13.834	187	\N	\N
1683	57	6	2025-11-18 00:00:00	2025	225	AVAILABLE	\N	2026-02-06 05:26:13.853	2026-02-06 05:26:13.853	187	\N	\N
1684	58	6	2025-11-18 00:00:00	2025	802	AVAILABLE	\N	2026-02-06 05:26:13.87	2026-02-06 05:26:13.87	187	\N	\N
1685	59	6	2025-11-18 00:00:00	2025	802	AVAILABLE	\N	2026-02-06 05:26:13.886	2026-02-06 05:26:13.886	187	\N	\N
1686	60	6	2025-11-18 00:00:00	2025	805	AVAILABLE	\N	2026-02-06 05:26:13.904	2026-02-06 05:26:13.904	188	\N	\N
1687	61	6	2025-11-18 00:00:00	2025	804	AVAILABLE	\N	2026-02-06 05:26:13.922	2026-02-06 05:26:13.922	188	\N	\N
1688	62	6	2025-11-18 00:00:00	2025	804	AVAILABLE	\N	2026-02-06 05:26:13.938	2026-02-06 05:26:13.938	188	\N	\N
1689	63	6	2025-11-18 00:00:00	2025	804	AVAILABLE	\N	2026-02-06 05:26:13.956	2026-02-06 05:26:13.956	188	\N	\N
1690	64	6	2025-11-18 00:00:00	2025	805	AVAILABLE	\N	2026-02-06 05:26:13.972	2026-02-06 05:26:13.972	188	\N	\N
1691	65	6	2025-11-18 00:00:00	2025	803	AVAILABLE	\N	2026-02-06 05:26:13.989	2026-02-06 05:26:13.989	188	\N	\N
1692	66	6	2025-11-18 00:00:00	2025	803	AVAILABLE	\N	2026-02-06 05:26:14.006	2026-02-06 05:26:14.006	188	\N	\N
1693	67	6	2025-11-18 00:00:00	2025	803	AVAILABLE	\N	2026-02-06 05:26:14.022	2026-02-06 05:26:14.022	188	\N	\N
1694	68	6	2025-11-18 00:00:00	2025	801	AVAILABLE	\N	2026-02-06 05:26:14.039	2026-02-06 05:26:14.039	188	\N	\N
1695	69	6	2025-11-18 00:00:00	2025	802	AVAILABLE	\N	2026-02-06 05:26:14.056	2026-02-06 05:26:14.056	188	\N	\N
1696	70	6	2025-11-18 00:00:00	2025	802	AVAILABLE	\N	2026-02-06 05:26:14.072	2026-02-06 05:26:14.072	188	\N	\N
1697	71	6	2025-11-18 00:00:00	2025	800	AVAILABLE	\N	2026-02-06 05:26:14.088	2026-02-06 05:26:14.088	188	\N	\N
1698	72	6	2025-11-18 00:00:00	2025	803	AVAILABLE	\N	2026-02-06 05:26:14.105	2026-02-06 05:26:14.105	188	\N	\N
1699	73	6	2025-11-18 00:00:00	2025	802	AVAILABLE	\N	2026-02-06 05:26:14.122	2026-02-06 05:26:14.122	188	\N	\N
1700	74	6	2025-11-18 00:00:00	2025	803	AVAILABLE	\N	2026-02-06 05:26:14.139	2026-02-06 05:26:14.139	188	\N	\N
1701	75	6	2025-11-18 00:00:00	2025	802	AVAILABLE	\N	2026-02-06 05:26:14.155	2026-02-06 05:26:14.155	188	\N	\N
1702	76	6	2025-11-18 00:00:00	2025	802	AVAILABLE	\N	2026-02-06 05:26:14.172	2026-02-06 05:26:14.172	188	\N	\N
1703	77	6	2025-11-18 00:00:00	2025	169	AVAILABLE	\N	2026-02-06 05:26:14.188	2026-02-06 05:26:14.188	188	\N	\N
1704	78	6	2025-11-18 00:00:00	2025	807	AVAILABLE	\N	2026-02-06 05:26:14.205	2026-02-06 05:26:14.205	189	\N	\N
1705	79	6	2025-11-18 00:00:00	2025	809	AVAILABLE	\N	2026-02-06 05:26:14.222	2026-02-06 05:26:14.222	189	\N	\N
1706	80	6	2025-11-18 00:00:00	2025	806	AVAILABLE	\N	2026-02-06 05:26:14.239	2026-02-06 05:26:14.239	189	\N	\N
1707	81	6	2025-11-18 00:00:00	2025	812	AVAILABLE	\N	2026-02-06 05:26:14.256	2026-02-06 05:26:14.256	189	\N	\N
1708	82	6	2025-11-18 00:00:00	2025	810	AVAILABLE	\N	2026-02-06 05:26:14.272	2026-02-06 05:26:14.272	189	\N	\N
1709	83	6	2025-11-18 00:00:00	2025	842	AVAILABLE	\N	2026-02-06 05:26:14.289	2026-02-06 05:26:14.289	189	\N	\N
1710	84	6	2025-11-18 00:00:00	2025	806	AVAILABLE	\N	2026-02-06 05:26:14.306	2026-02-06 05:26:14.306	189	\N	\N
1711	85	6	2025-11-18 00:00:00	2025	806	AVAILABLE	\N	2026-02-06 05:26:14.322	2026-02-06 05:26:14.322	189	\N	\N
1712	86	6	2025-11-18 00:00:00	2025	805	AVAILABLE	\N	2026-02-06 05:26:14.339	2026-02-06 05:26:14.339	189	\N	\N
1713	87	6	2025-11-18 00:00:00	2025	812	AVAILABLE	\N	2026-02-06 05:26:14.354	2026-02-06 05:26:14.354	189	\N	\N
1714	88	6	2025-11-18 00:00:00	2025	811	AVAILABLE	\N	2026-02-06 05:26:14.371	2026-02-06 05:26:14.371	189	\N	\N
1715	89	6	2025-11-18 00:00:00	2025	804	AVAILABLE	\N	2026-02-06 05:26:14.395	2026-02-06 05:26:14.395	190	\N	\N
1716	90	6	2025-11-18 00:00:00	2025	808	AVAILABLE	\N	2026-02-06 05:26:14.412	2026-02-06 05:26:14.412	190	\N	\N
1717	91	6	2025-11-18 00:00:00	2025	806	AVAILABLE	\N	2026-02-06 05:26:14.429	2026-02-06 05:26:14.429	190	\N	\N
1718	92	6	2025-11-18 00:00:00	2025	805	AVAILABLE	\N	2026-02-06 05:26:14.446	2026-02-06 05:26:14.446	190	\N	\N
1719	93	6	2025-11-18 00:00:00	2025	808	AVAILABLE	\N	2026-02-06 05:26:14.463	2026-02-06 05:26:14.463	190	\N	\N
1720	94	6	2025-11-18 00:00:00	2025	803	AVAILABLE	\N	2026-02-06 05:26:14.479	2026-02-06 05:26:14.479	190	\N	\N
1721	95	6	2025-11-18 00:00:00	2025	803	AVAILABLE	\N	2026-02-06 05:26:14.496	2026-02-06 05:26:14.496	190	\N	\N
1722	96	6	2025-11-18 00:00:00	2025	807	AVAILABLE	\N	2026-02-06 05:26:14.513	2026-02-06 05:26:14.513	190	\N	\N
1723	97	6	2025-11-18 00:00:00	2025	804	AVAILABLE	\N	2026-02-06 05:26:14.529	2026-02-06 05:26:14.529	190	\N	\N
1724	98	6	2025-11-18 00:00:00	2025	804	AVAILABLE	\N	2026-02-06 05:26:14.547	2026-02-06 05:26:14.547	190	\N	\N
1725	99	6	2025-11-18 00:00:00	2025	801	AVAILABLE	\N	2026-02-06 05:26:14.564	2026-02-06 05:26:14.564	191	\N	\N
1726	100	6	2025-11-18 00:00:00	2025	800	AVAILABLE	\N	2026-02-06 05:26:14.58	2026-02-06 05:26:14.58	191	\N	\N
1727	101	6	2025-11-18 00:00:00	2025	800	AVAILABLE	\N	2026-02-06 05:26:14.597	2026-02-06 05:26:14.597	191	\N	\N
1728	102	6	2025-11-18 00:00:00	2025	801	AVAILABLE	\N	2026-02-06 05:26:14.614	2026-02-06 05:26:14.614	191	\N	\N
1729	103	6	2025-11-18 00:00:00	2025	798	AVAILABLE	\N	2026-02-06 05:26:14.631	2026-02-06 05:26:14.631	191	\N	\N
1730	104	6	2025-11-18 00:00:00	2025	800	AVAILABLE	\N	2026-02-06 05:26:14.647	2026-02-06 05:26:14.647	191	\N	\N
1731	105	6	2025-11-18 00:00:00	2025	802	AVAILABLE	\N	2026-02-06 05:26:14.663	2026-02-06 05:26:14.663	191	\N	\N
1732	106	6	2025-11-18 00:00:00	2025	799	AVAILABLE	\N	2026-02-06 05:26:14.68	2026-02-06 05:26:14.68	191	\N	\N
1733	107	6	2025-11-18 00:00:00	2025	321	AVAILABLE	\N	2026-02-06 05:26:14.697	2026-02-06 05:26:14.697	191	\N	\N
1734	108	6	2025-11-18 00:00:00	2025	885	AVAILABLE	\N	2026-02-06 05:26:14.714	2026-02-06 05:26:14.714	192	\N	\N
1735	109	6	2025-11-18 00:00:00	2025	862	AVAILABLE	\N	2026-02-06 05:26:14.732	2026-02-06 05:26:14.732	192	\N	\N
1736	110	6	2025-11-18 00:00:00	2025	921	AVAILABLE	\N	2026-02-06 05:26:14.75	2026-02-06 05:26:14.75	192	\N	\N
1737	111	6	2025-11-18 00:00:00	2025	906	AVAILABLE	\N	2026-02-06 05:26:14.768	2026-02-06 05:26:14.768	192	\N	\N
1738	112	6	2025-11-18 00:00:00	2025	884	AVAILABLE	\N	2026-02-06 05:26:14.785	2026-02-06 05:26:14.785	192	\N	\N
1739	113	6	2025-11-18 00:00:00	2025	274	AVAILABLE	\N	2026-02-06 05:26:14.802	2026-02-06 05:26:14.802	192	\N	\N
1740	114	6	2025-11-18 00:00:00	2025	803	AVAILABLE	\N	2026-02-06 05:26:14.82	2026-02-06 05:26:14.82	193	\N	\N
1741	115	6	2025-11-18 00:00:00	2025	803	AVAILABLE	\N	2026-02-06 05:26:14.838	2026-02-06 05:26:14.838	193	\N	\N
1742	116	6	2025-11-18 00:00:00	2025	803	AVAILABLE	\N	2026-02-06 05:26:14.855	2026-02-06 05:26:14.855	194	\N	\N
1743	117	6	2025-11-18 00:00:00	2025	804	AVAILABLE	\N	2026-02-06 05:26:14.872	2026-02-06 05:26:14.872	194	\N	\N
1744	118	6	2025-11-18 00:00:00	2025	800	AVAILABLE	\N	2026-02-06 05:26:14.889	2026-02-06 05:26:14.889	194	\N	\N
1745	119	6	2025-11-18 00:00:00	2025	801	AVAILABLE	\N	2026-02-06 05:26:14.905	2026-02-06 05:26:14.905	194	\N	\N
1746	120	6	2025-11-18 00:00:00	2025	804	AVAILABLE	\N	2026-02-06 05:26:14.922	2026-02-06 05:26:14.922	194	\N	\N
1747	121	6	2025-11-18 00:00:00	2025	775	AVAILABLE	\N	2026-02-06 05:26:14.939	2026-02-06 05:26:14.939	194	\N	\N
1748	122	6	2025-11-18 00:00:00	2025	799	AVAILABLE	\N	2026-02-06 05:26:14.959	2026-02-06 05:26:14.959	194	\N	\N
1749	123	6	2025-11-18 00:00:00	2025	802	AVAILABLE	\N	2026-02-06 05:26:14.976	2026-02-06 05:26:14.976	194	\N	\N
1750	124	6	2025-11-18 00:00:00	2025	804	AVAILABLE	\N	2026-02-06 05:26:14.993	2026-02-06 05:26:14.993	184	\N	\N
1751	125	6	2025-11-18 00:00:00	2025	804	AVAILABLE	\N	2026-02-06 05:26:15.011	2026-02-06 05:26:15.011	184	\N	\N
1752	126	6	2025-11-18 00:00:00	2025	804	AVAILABLE	\N	2026-02-06 05:26:15.029	2026-02-06 05:26:15.029	184	\N	\N
1753	127	6	2025-11-18 00:00:00	2025	672	AVAILABLE	\N	2026-02-06 05:26:15.047	2026-02-06 05:26:15.047	184	\N	\N
1754	128	6	2025-11-18 00:00:00	2025	757	AVAILABLE	\N	2026-02-06 05:26:15.066	2026-02-06 05:26:15.066	184	\N	\N
1755	129	6	2025-11-18 00:00:00	2025	802	AVAILABLE	\N	2026-02-06 05:26:15.084	2026-02-06 05:26:15.084	184	\N	\N
1756	130	6	2025-11-18 00:00:00	2025	249	AVAILABLE	\N	2026-02-06 05:26:15.102	2026-02-06 05:26:15.102	195	\N	\N
1757	131	6	2025-11-18 00:00:00	2025	808	AVAILABLE	\N	2026-02-06 05:26:15.12	2026-02-06 05:26:15.12	195	\N	\N
1758	132	6	2025-11-18 00:00:00	2025	807	AVAILABLE	\N	2026-02-06 05:26:15.138	2026-02-06 05:26:15.138	195	\N	\N
1759	133	6	2025-11-18 00:00:00	2025	809	AVAILABLE	\N	2026-02-06 05:26:15.166	2026-02-06 05:26:15.166	195	\N	\N
1760	134	6	2025-11-18 00:00:00	2025	808	AVAILABLE	\N	2026-02-06 05:26:15.185	2026-02-06 05:26:15.185	195	\N	\N
1761	135	6	2025-11-18 00:00:00	2025	807	AVAILABLE	\N	2026-02-06 05:26:15.203	2026-02-06 05:26:15.203	195	\N	\N
1762	136	6	2025-11-18 00:00:00	2025	803	AVAILABLE	\N	2026-02-06 05:26:15.221	2026-02-06 05:26:15.221	195	\N	\N
1763	137	6	2025-11-18 00:00:00	2025	721	AVAILABLE	\N	2026-02-06 05:26:15.239	2026-02-06 05:26:15.239	196	\N	\N
1764	138	6	2025-11-18 00:00:00	2025	806	AVAILABLE	\N	2026-02-06 05:26:15.256	2026-02-06 05:26:15.256	196	\N	\N
1765	139	6	2025-11-18 00:00:00	2025	808	AVAILABLE	\N	2026-02-06 05:26:15.274	2026-02-06 05:26:15.274	196	\N	\N
1766	140	6	2025-11-18 00:00:00	2025	805	AVAILABLE	\N	2026-02-06 05:26:15.298	2026-02-06 05:26:15.298	196	\N	\N
1767	141	6	2025-11-18 00:00:00	2025	806	AVAILABLE	\N	2026-02-06 05:26:15.317	2026-02-06 05:26:15.317	196	\N	\N
1768	142	6	2025-11-18 00:00:00	2025	816	AVAILABLE	\N	2026-02-06 05:26:15.335	2026-02-06 05:26:15.335	196	\N	\N
1769	143	6	2025-11-18 00:00:00	2025	802	AVAILABLE	\N	2026-02-06 05:26:15.353	2026-02-06 05:26:15.353	196	\N	\N
1770	144	6	2025-11-18 00:00:00	2025	804	AVAILABLE	\N	2026-02-06 05:26:15.372	2026-02-06 05:26:15.372	193	\N	\N
1771	145	6	2025-11-18 00:00:00	2025	806	AVAILABLE	\N	2026-02-06 05:26:15.39	2026-02-06 05:26:15.39	193	\N	\N
1772	146	6	2025-11-18 00:00:00	2025	808	AVAILABLE	\N	2026-02-06 05:26:15.407	2026-02-06 05:26:15.407	190	\N	\N
1773	147	6	2025-11-18 00:00:00	2025	805	AVAILABLE	\N	2026-02-06 05:26:15.425	2026-02-06 05:26:15.425	190	\N	\N
1774	148	6	2025-11-18 00:00:00	2025	806	AVAILABLE	\N	2026-02-06 05:26:15.444	2026-02-06 05:26:15.444	190	\N	\N
1775	149	6	2025-11-18 00:00:00	2025	804	AVAILABLE	\N	2026-02-06 05:26:15.463	2026-02-06 05:26:15.463	190	\N	\N
1776	150	6	2025-11-18 00:00:00	2025	805	AVAILABLE	\N	2026-02-06 05:26:15.482	2026-02-06 05:26:15.482	190	\N	\N
1777	151	6	2025-11-18 00:00:00	2025	806	AVAILABLE	\N	2026-02-06 05:26:15.5	2026-02-06 05:26:15.5	190	\N	\N
1778	152	6	2025-11-18 00:00:00	2025	805	AVAILABLE	\N	2026-02-06 05:26:15.519	2026-02-06 05:26:15.519	190	\N	\N
1779	153	6	2025-11-18 00:00:00	2025	805	AVAILABLE	\N	2026-02-06 05:26:15.537	2026-02-06 05:26:15.537	190	\N	\N
1780	154	6	2025-11-18 00:00:00	2025	803	AVAILABLE	\N	2026-02-06 05:26:15.555	2026-02-06 05:26:15.555	190	\N	\N
1781	155	6	2025-11-18 00:00:00	2025	808	AVAILABLE	\N	2026-02-06 05:26:15.573	2026-02-06 05:26:15.573	190	\N	\N
1782	156	6	2025-11-18 00:00:00	2025	805	AVAILABLE	\N	2026-02-06 05:26:15.59	2026-02-06 05:26:15.59	190	\N	\N
1783	157	6	2025-11-18 00:00:00	2025	804	AVAILABLE	\N	2026-02-06 05:26:15.607	2026-02-06 05:26:15.607	190	\N	\N
1784	158	6	2025-11-18 00:00:00	2025	802	AVAILABLE	\N	2026-02-06 05:26:15.626	2026-02-06 05:26:15.626	190	\N	\N
1785	159	6	2025-11-18 00:00:00	2025	804	AVAILABLE	\N	2026-02-06 05:26:15.643	2026-02-06 05:26:15.643	190	\N	\N
1786	160	6	2025-11-18 00:00:00	2025	803	AVAILABLE	\N	2026-02-06 05:26:15.663	2026-02-06 05:26:15.663	190	\N	\N
1787	161	6	2025-11-18 00:00:00	2025	803	AVAILABLE	\N	2026-02-06 05:26:15.682	2026-02-06 05:26:15.682	190	\N	\N
1788	162	6	2025-11-18 00:00:00	2025	803	AVAILABLE	\N	2026-02-06 05:26:15.7	2026-02-06 05:26:15.7	190	\N	\N
1789	163	6	2025-11-18 00:00:00	2025	804	AVAILABLE	\N	2026-02-06 05:26:15.718	2026-02-06 05:26:15.718	190	\N	\N
1790	164	6	2025-11-18 00:00:00	2025	803	AVAILABLE	\N	2026-02-06 05:26:15.737	2026-02-06 05:26:15.737	190	\N	\N
1791	165	6	2025-11-18 00:00:00	2025	802	AVAILABLE	\N	2026-02-06 05:26:15.755	2026-02-06 05:26:15.755	190	\N	\N
1792	166	6	2025-11-18 00:00:00	2025	806	AVAILABLE	\N	2026-02-06 05:26:15.789	2026-02-06 05:26:15.789	190	\N	\N
1793	167	6	2025-11-18 00:00:00	2025	805	AVAILABLE	\N	2026-02-06 05:26:15.806	2026-02-06 05:26:15.806	190	\N	\N
1794	168	6	2025-11-18 00:00:00	2025	806	AVAILABLE	\N	2026-02-06 05:26:15.823	2026-02-06 05:26:15.823	190	\N	\N
1795	169	6	2025-11-18 00:00:00	2025	950	AVAILABLE	\N	2026-02-06 05:26:15.841	2026-02-06 05:26:15.841	190	\N	\N
1796	170	6	2025-11-18 00:00:00	2025	802	AVAILABLE	\N	2026-02-06 05:26:15.859	2026-02-06 05:26:15.859	193	\N	\N
1797	171	6	2025-11-18 00:00:00	2025	803	AVAILABLE	\N	2026-02-06 05:26:15.878	2026-02-06 05:26:15.878	193	\N	\N
1798	172	6	2025-11-18 00:00:00	2025	665	AVAILABLE	\N	2026-02-06 05:26:15.895	2026-02-06 05:26:15.895	193	\N	\N
1799	173	6	2025-11-18 00:00:00	2025	809	AVAILABLE	\N	2026-02-06 05:26:15.912	2026-02-06 05:26:15.912	190	\N	\N
1800	174	6	2025-11-18 00:00:00	2025	804	AVAILABLE	\N	2026-02-06 05:26:15.93	2026-02-06 05:26:15.93	190	\N	\N
1801	175	6	2025-11-18 00:00:00	2025	806	AVAILABLE	\N	2026-02-06 05:26:15.949	2026-02-06 05:26:15.949	190	\N	\N
1802	176	6	2025-11-18 00:00:00	2025	809	AVAILABLE	\N	2026-02-06 05:26:15.966	2026-02-06 05:26:15.966	190	\N	\N
1803	177	6	2025-11-18 00:00:00	2025	804	AVAILABLE	\N	2026-02-06 05:26:15.984	2026-02-06 05:26:15.984	190	\N	\N
1804	178	6	2025-11-18 00:00:00	2025	809	AVAILABLE	\N	2026-02-06 05:26:16.003	2026-02-06 05:26:16.003	190	\N	\N
1805	179	6	2025-11-18 00:00:00	2025	807	AVAILABLE	\N	2026-02-06 05:26:16.02	2026-02-06 05:26:16.02	190	\N	\N
1806	180	6	2025-11-18 00:00:00	2025	805	AVAILABLE	\N	2026-02-06 05:26:16.038	2026-02-06 05:26:16.038	190	\N	\N
1807	181	6	2025-11-18 00:00:00	2025	803	AVAILABLE	\N	2026-02-06 05:26:16.057	2026-02-06 05:26:16.057	190	\N	\N
1808	182	6	2025-11-18 00:00:00	2025	802	AVAILABLE	\N	2026-02-06 05:26:16.103	2026-02-06 05:26:16.103	190	\N	\N
1809	183	6	2025-11-18 00:00:00	2025	803	AVAILABLE	\N	2026-02-06 05:26:16.133	2026-02-06 05:26:16.133	190	\N	\N
1810	184	6	2025-11-18 00:00:00	2025	804	AVAILABLE	\N	2026-02-06 05:26:16.151	2026-02-06 05:26:16.151	190	\N	\N
1811	185	6	2025-11-19 00:00:00	2025	1035	AVAILABLE	\N	2026-02-06 05:26:16.17	2026-02-06 05:26:16.17	131	251119-18-15317380-441	\N
1812	186	6	2025-11-19 00:00:00	2025	866	AVAILABLE	\N	2026-02-06 05:26:16.188	2026-02-06 05:26:16.188	131	251119-18-15317380-441	\N
1813	187	6	2025-11-19 00:00:00	2025	1046	AVAILABLE	\N	2026-02-06 05:26:16.206	2026-02-06 05:26:16.206	131	251119-18-15317380-441	\N
1814	188	6	2025-11-19 00:00:00	2025	986	AVAILABLE	\N	2026-02-06 05:26:16.224	2026-02-06 05:26:16.224	131	251119-18-15317380-441	\N
1815	189	6	2025-11-19 00:00:00	2025	804	AVAILABLE	\N	2026-02-06 05:26:16.241	2026-02-06 05:26:16.241	190	\N	\N
1816	190	6	2025-11-19 00:00:00	2025	806	AVAILABLE	\N	2026-02-06 05:26:16.259	2026-02-06 05:26:16.259	190	\N	\N
1817	191	6	2025-11-19 00:00:00	2025	804	AVAILABLE	\N	2026-02-06 05:26:16.277	2026-02-06 05:26:16.277	190	\N	\N
1818	192	6	2025-11-19 00:00:00	2025	804	AVAILABLE	\N	2026-02-06 05:26:16.295	2026-02-06 05:26:16.295	190	\N	\N
1819	193	6	2025-11-19 00:00:00	2025	808	AVAILABLE	\N	2026-02-06 05:26:16.318	2026-02-06 05:26:16.318	190	\N	\N
1820	194	6	2025-11-19 00:00:00	2025	295	AVAILABLE	\N	2026-02-06 05:26:16.337	2026-02-06 05:26:16.337	190	\N	\N
1821	195	6	2025-11-19 00:00:00	2025	803	AVAILABLE	\N	2026-02-06 05:26:16.355	2026-02-06 05:26:16.355	190	\N	\N
1822	196	6	2025-11-19 00:00:00	2025	809	AVAILABLE	\N	2026-02-06 05:26:16.374	2026-02-06 05:26:16.374	190	\N	\N
1823	197	6	2025-11-19 00:00:00	2025	802	AVAILABLE	\N	2026-02-06 05:26:16.391	2026-02-06 05:26:16.391	190	\N	\N
1824	198	6	2025-11-19 00:00:00	2025	804	AVAILABLE	\N	2026-02-06 05:26:16.409	2026-02-06 05:26:16.409	190	\N	\N
1825	199	6	2025-11-19 00:00:00	2025	803	AVAILABLE	\N	2026-02-06 05:26:16.433	2026-02-06 05:26:16.433	190	\N	\N
1826	200	6	2025-11-19 00:00:00	2025	1014	AVAILABLE	\N	2026-02-06 05:26:16.502	2026-02-06 05:26:16.502	131	251119-18-15317380-441	\N
1827	201	6	2025-11-19 00:00:00	2025	1037	AVAILABLE	\N	2026-02-06 05:26:16.569	2026-02-06 05:26:16.569	131	251119-18-15317380-441	\N
1828	202	6	2025-11-19 00:00:00	2025	1017	AVAILABLE	\N	2026-02-06 05:26:16.633	2026-02-06 05:26:16.633	131	251119-18-15317380-441	\N
1829	203	6	2025-11-19 00:00:00	2025	1024	AVAILABLE	\N	2026-02-06 05:26:16.652	2026-02-06 05:26:16.652	131	251119-18-15317380-441	\N
1830	204	6	2025-11-19 00:00:00	2025	1034	AVAILABLE	\N	2026-02-06 05:26:16.669	2026-02-06 05:26:16.669	131	251119-18-15317380-441	\N
1831	205	6	2025-11-19 00:00:00	2025	986	AVAILABLE	\N	2026-02-06 05:26:16.714	2026-02-06 05:26:16.714	131	251119-18-15317380-441	\N
1832	206	6	2025-11-19 00:00:00	2025	1016	AVAILABLE	\N	2026-02-06 05:26:16.733	2026-02-06 05:26:16.733	131	251119-18-15317380-441	\N
1833	207	6	2025-11-19 00:00:00	2025	1003	AVAILABLE	\N	2026-02-06 05:26:16.751	2026-02-06 05:26:16.751	131	251119-18-15317380-441	\N
1834	208	6	2025-11-19 00:00:00	2025	1013	AVAILABLE	\N	2026-02-06 05:26:16.769	2026-02-06 05:26:16.769	131	251119-18-15317380-441	\N
1835	209	6	2025-11-19 00:00:00	2025	1031	AVAILABLE	\N	2026-02-06 05:26:16.786	2026-02-06 05:26:16.786	131	251119-18-15317380-441	\N
1836	1	10	2025-10-28 00:00:00	2025	545	AVAILABLE	\N	2026-02-06 05:34:53.813	2026-02-06 05:34:53.813	85	251028-12-15102331-371	\N
1837	2	10	2025-10-28 00:00:00	2025	557	AVAILABLE	\N	2026-02-06 05:34:55.065	2026-02-06 05:34:55.065	85	251028-12-15102331-371	\N
1838	3	9	2025-11-17 00:00:00	2025	593	AVAILABLE	\N	2026-02-06 05:34:56.108	2026-02-06 05:34:56.108	85	251117-12-15102331-371	\N
1839	4	9	2025-11-17 00:00:00	2025	258	AVAILABLE	\N	2026-02-06 05:34:57.137	2026-02-06 05:34:57.137	85	251117-12-15102331-371	\N
1840	1	7	2025-10-20 00:00:00	2025	885	AVAILABLE	\N	2026-02-06 05:51:24.598	2026-02-06 05:51:24.598	28	251020-18-15102443-11	\N
1841	2	7	2025-10-20 00:00:00	2025	922	AVAILABLE	\N	2026-02-06 05:51:24.701	2026-02-06 05:51:24.701	28	251020-18-15102443-11	\N
1842	3	7	2025-10-20 00:00:00	2025	720	AVAILABLE	\N	2026-02-06 05:51:24.713	2026-02-06 05:51:24.713	28	251020-18-15102443-11	\N
1843	4	7	2025-10-20 00:00:00	2025	880	AVAILABLE	\N	2026-02-06 05:51:24.725	2026-02-06 05:51:24.725	28	251020-18-15102443-11	\N
1844	5	7	2025-10-20 00:00:00	2025	874	AVAILABLE	\N	2026-02-06 05:51:24.736	2026-02-06 05:51:24.736	28	251020-18-15102443-11	\N
1845	6	7	2025-10-20 00:00:00	2025	285	AVAILABLE	\N	2026-02-06 05:51:24.747	2026-02-06 05:51:24.747	28	251020-18-15102443-11	\N
1846	7	7	2025-10-21 00:00:00	2025	911	AVAILABLE	\N	2026-02-06 05:51:24.758	2026-02-06 05:51:24.758	28	251021-18-15102443-11	\N
1847	8	7	2025-10-21 00:00:00	2025	924	AVAILABLE	\N	2026-02-06 05:51:24.769	2026-02-06 05:51:24.769	28	251021-18-15102443-11	\N
1848	9	7	2025-10-21 00:00:00	2025	861	AVAILABLE	\N	2026-02-06 05:51:24.779	2026-02-06 05:51:24.779	28	251021-18-15102443-11	\N
1849	10	7	2025-10-21 00:00:00	2025	853	AVAILABLE	\N	2026-02-06 05:51:24.789	2026-02-06 05:51:24.789	28	251021-18-15102443-11	\N
1850	11	7	2025-10-21 00:00:00	2025	914	AVAILABLE	\N	2026-02-06 05:51:24.8	2026-02-06 05:51:24.8	28	251021-18-15102443-11	\N
1851	12	7	2025-10-21 00:00:00	2025	186	AVAILABLE	\N	2026-02-06 05:51:24.812	2026-02-06 05:51:24.812	28	251021-18-15102443-11	\N
1852	13	7	2025-10-21 00:00:00	2025	857	AVAILABLE	\N	2026-02-06 05:51:24.823	2026-02-06 05:51:24.823	28	251021-18-15102443-11	\N
1853	14	7	2025-10-21 00:00:00	2025	921	AVAILABLE	\N	2026-02-06 05:51:24.834	2026-02-06 05:51:24.834	28	251021-18-15102443-11	\N
1854	15	7	2025-10-21 00:00:00	2025	896	AVAILABLE	\N	2026-02-06 05:51:24.845	2026-02-06 05:51:24.845	28	251021-18-15102443-11	\N
1855	16	7	2025-10-21 00:00:00	2025	766	AVAILABLE	\N	2026-02-06 05:51:24.855	2026-02-06 05:51:24.855	28	251021-18-15102443-11	\N
1856	17	7	2025-10-21 00:00:00	2025	924	AVAILABLE	\N	2026-02-06 05:51:24.867	2026-02-06 05:51:24.867	28	251021-18-15102443-11	\N
1857	18	7	2025-10-21 00:00:00	2025	365	AVAILABLE	\N	2026-02-06 05:51:24.877	2026-02-06 05:51:24.877	28	251021-18-15102443-11	\N
1858	19	7	2025-10-21 00:00:00	2025	816	AVAILABLE	\N	2026-02-06 05:51:24.888	2026-02-06 05:51:24.888	28	251021-18-15102443-11	\N
1859	20	7	2025-10-21 00:00:00	2025	469	AVAILABLE	\N	2026-02-06 05:51:24.899	2026-02-06 05:51:24.899	28	251021-18-15102443-11	\N
1860	21	7	2025-10-21 00:00:00	2025	832	AVAILABLE	\N	2026-02-06 05:51:24.91	2026-02-06 05:51:24.91	28	251021-18-15102443-11	\N
1861	22	7	2025-10-21 00:00:00	2025	860	AVAILABLE	\N	2026-02-06 05:51:24.921	2026-02-06 05:51:24.921	28	251021-18-15102443-11	\N
1862	23	7	2025-10-21 00:00:00	2025	302	AVAILABLE	\N	2026-02-06 05:51:24.932	2026-02-06 05:51:24.932	28	251021-18-15102443-11	\N
1863	24	7	2025-10-21 00:00:00	2025	930	AVAILABLE	\N	2026-02-06 05:51:24.943	2026-02-06 05:51:24.943	28	251021-18-15102443-11	\N
1864	25	7	2025-10-21 00:00:00	2025	877	AVAILABLE	\N	2026-02-06 05:51:24.953	2026-02-06 05:51:24.953	28	251021-18-15102443-11	\N
1865	26	7	2025-10-21 00:00:00	2025	938	AVAILABLE	\N	2026-02-06 05:51:24.964	2026-02-06 05:51:24.964	28	251021-18-15102443-11	\N
1866	27	7	2025-10-20 00:00:00	2025	893	AVAILABLE	\N	2026-02-06 05:51:24.974	2026-02-06 05:51:24.974	28	251020-18-15102443-11	\N
1867	28	7	2025-10-20 00:00:00	2025	870	AVAILABLE	\N	2026-02-06 05:51:24.985	2026-02-06 05:51:24.985	28	251020-18-15102443-11	\N
1868	29	7	2025-10-20 00:00:00	2025	809	AVAILABLE	\N	2026-02-06 05:51:24.995	2026-02-06 05:51:24.995	28	251020-18-15102443-11	\N
1869	30	7	2025-10-20 00:00:00	2025	885	AVAILABLE	\N	2026-02-06 05:51:25.006	2026-02-06 05:51:25.006	28	251020-18-15102443-11	\N
1870	31	7	2025-10-20 00:00:00	2025	903	AVAILABLE	\N	2026-02-06 05:51:25.017	2026-02-06 05:51:25.017	28	251020-18-15102443-11	\N
1871	32	7	2025-10-20 00:00:00	2025	432	AVAILABLE	\N	2026-02-06 05:51:25.027	2026-02-06 05:51:25.027	28	251020-18-15102443-11	\N
1872	33	7	2025-10-21 00:00:00	2025	930	AVAILABLE	\N	2026-02-06 05:51:25.038	2026-02-06 05:51:25.038	28	251021-18-15102443-11	\N
1873	34	7	2025-10-21 00:00:00	2025	714	AVAILABLE	\N	2026-02-06 05:51:25.049	2026-02-06 05:51:25.049	28	251021-18-15102443-11	\N
1874	35	7	2025-10-21 00:00:00	2025	959	AVAILABLE	\N	2026-02-06 05:51:25.061	2026-02-06 05:51:25.061	28	251021-18-15102443-11	\N
1875	36	7	2025-10-21 00:00:00	2025	865	AVAILABLE	\N	2026-02-06 05:51:25.071	2026-02-06 05:51:25.071	28	251021-18-15102443-11	\N
1876	37	7	2025-10-21 00:00:00	2025	961	AVAILABLE	\N	2026-02-06 05:51:25.081	2026-02-06 05:51:25.081	28	251021-18-15102443-11	\N
1877	38	7	2025-10-21 00:00:00	2025	938	AVAILABLE	\N	2026-02-06 05:51:25.092	2026-02-06 05:51:25.092	28	251021-18-15102443-11	\N
1878	39	7	2025-10-22 00:00:00	2025	918	AVAILABLE	\N	2026-02-06 05:51:25.103	2026-02-06 05:51:25.103	28	251022-18-15102443-11	\N
1879	40	7	2025-10-22 00:00:00	2025	855	AVAILABLE	\N	2026-02-06 05:51:25.114	2026-02-06 05:51:25.114	28	251022-18-15102443-11	\N
1880	41	7	2025-10-22 00:00:00	2025	905	AVAILABLE	\N	2026-02-06 05:51:25.125	2026-02-06 05:51:25.125	28	251022-18-15102443-11	\N
1881	42	7	2025-10-22 00:00:00	2025	887	AVAILABLE	\N	2026-02-06 05:51:25.148	2026-02-06 05:51:25.148	28	251022-18-15102443-11	\N
1882	43	7	2025-10-22 00:00:00	2025	910	AVAILABLE	\N	2026-02-06 05:51:25.159	2026-02-06 05:51:25.159	28	251022-18-15102443-11	\N
1883	44	7	2025-10-22 00:00:00	2025	334	AVAILABLE	\N	2026-02-06 05:51:25.169	2026-02-06 05:51:25.169	28	251022-18-15102443-11	\N
1884	45	7	2025-10-22 00:00:00	2025	909	AVAILABLE	\N	2026-02-06 05:51:25.181	2026-02-06 05:51:25.181	28	251022-18-15102443-11	\N
1885	46	7	2025-10-22 00:00:00	2025	839	AVAILABLE	\N	2026-02-06 05:51:25.212	2026-02-06 05:51:25.212	28	251022-18-15102443-11	\N
1886	47	7	2025-10-22 00:00:00	2025	911	AVAILABLE	\N	2026-02-06 05:51:25.251	2026-02-06 05:51:25.251	28	251022-18-15102443-11	\N
1887	48	7	2025-10-22 00:00:00	2025	904	AVAILABLE	\N	2026-02-06 05:51:25.262	2026-02-06 05:51:25.262	28	251022-18-15102443-11	\N
1888	49	7	2025-10-22 00:00:00	2025	889	AVAILABLE	\N	2026-02-06 05:51:25.275	2026-02-06 05:51:25.275	28	251022-18-15102443-11	\N
1889	50	7	2025-10-22 00:00:00	2025	67	AVAILABLE	\N	2026-02-06 05:51:25.287	2026-02-06 05:51:25.287	28	251022-18-15102443-11	\N
1890	51	7	2025-10-22 00:00:00	2025	887	AVAILABLE	\N	2026-02-06 05:51:25.299	2026-02-06 05:51:25.299	28	251022-18-15102443-11	\N
1891	52	7	2025-10-22 00:00:00	2025	931	AVAILABLE	\N	2026-02-06 05:51:25.31	2026-02-06 05:51:25.31	28	251022-18-15102443-11	\N
1892	53	7	2025-10-22 00:00:00	2025	904	AVAILABLE	\N	2026-02-06 05:51:25.322	2026-02-06 05:51:25.322	28	251022-18-15102443-11	\N
1893	54	7	2025-10-22 00:00:00	2025	886	AVAILABLE	\N	2026-02-06 05:51:25.333	2026-02-06 05:51:25.333	28	251022-18-15102443-11	\N
1894	55	7	2025-10-22 00:00:00	2025	393	AVAILABLE	\N	2026-02-06 05:51:25.345	2026-02-06 05:51:25.345	28	251022-18-15102443-11	\N
1895	56	7	2025-10-22 00:00:00	2025	883	AVAILABLE	\N	2026-02-06 05:51:25.355	2026-02-06 05:51:25.355	28	251022-18-15102443-11	\N
1896	57	7	2025-10-22 00:00:00	2025	396	AVAILABLE	\N	2026-02-06 05:51:25.366	2026-02-06 05:51:25.366	28	251022-18-15102443-11	\N
1897	58	7	2025-10-22 00:00:00	2025	917	AVAILABLE	\N	2026-02-06 05:51:25.377	2026-02-06 05:51:25.377	28	251022-18-15102443-11	\N
1898	59	7	2025-10-22 00:00:00	2025	971	AVAILABLE	\N	2026-02-06 05:51:25.397	2026-02-06 05:51:25.397	28	251022-18-15102443-11	\N
1899	60	7	2025-10-22 00:00:00	2025	887	AVAILABLE	\N	2026-02-06 05:51:25.408	2026-02-06 05:51:25.408	28	251022-18-15102443-11	\N
1900	61	7	2025-10-22 00:00:00	2025	150	AVAILABLE	\N	2026-02-06 05:51:25.419	2026-02-06 05:51:25.419	28	251022-18-15102443-11	\N
1901	62	7	2025-10-22 00:00:00	2025	918	AVAILABLE	\N	2026-02-06 05:51:25.432	2026-02-06 05:51:25.432	28	251022-18-15102443-11	\N
1902	63	7	2025-10-22 00:00:00	2025	871	AVAILABLE	\N	2026-02-06 05:51:25.443	2026-02-06 05:51:25.443	28	251022-18-15102443-11	\N
1903	64	7	2025-10-22 00:00:00	2025	836	AVAILABLE	\N	2026-02-06 05:51:25.454	2026-02-06 05:51:25.454	28	251022-18-15102443-11	\N
1904	65	7	2025-10-22 00:00:00	2025	62	AVAILABLE	\N	2026-02-06 05:51:25.465	2026-02-06 05:51:25.465	28	251022-18-15102443-11	\N
1905	66	7	2025-10-22 00:00:00	2025	838	AVAILABLE	\N	2026-02-06 05:51:25.477	2026-02-06 05:51:25.477	28	251022-18-15102443-11	\N
1906	67	7	2025-10-22 00:00:00	2025	814	AVAILABLE	\N	2026-02-06 05:51:25.488	2026-02-06 05:51:25.488	28	251022-18-15102443-11	\N
1907	68	7	2025-10-22 00:00:00	2025	812	AVAILABLE	\N	2026-02-06 05:51:25.499	2026-02-06 05:51:25.499	28	251022-18-15102443-11	\N
1908	69	7	2025-10-22 00:00:00	2025	834	AVAILABLE	\N	2026-02-06 05:51:25.51	2026-02-06 05:51:25.51	28	251022-18-15102443-11	\N
1909	70	7	2025-10-22 00:00:00	2025	864	AVAILABLE	\N	2026-02-06 05:51:25.523	2026-02-06 05:51:25.523	28	251022-18-15102443-11	\N
1910	71	7	2025-10-22 00:00:00	2025	30	AVAILABLE	\N	2026-02-06 05:51:25.535	2026-02-06 05:51:25.535	28	251022-18-15102443-11	\N
1911	72	7	2025-10-22 00:00:00	2025	824	AVAILABLE	\N	2026-02-06 05:51:25.546	2026-02-06 05:51:25.546	28	251022-18-15102443-11	\N
1912	73	7	2025-10-22 00:00:00	2025	917	AVAILABLE	\N	2026-02-06 05:51:25.558	2026-02-06 05:51:25.558	28	251022-18-15102443-11	\N
1913	74	7	2025-10-22 00:00:00	2025	883	AVAILABLE	\N	2026-02-06 05:51:25.569	2026-02-06 05:51:25.569	28	251022-18-15102443-11	\N
1914	75	7	2025-10-22 00:00:00	2025	887	AVAILABLE	\N	2026-02-06 05:51:25.579	2026-02-06 05:51:25.579	28	251022-18-15102443-11	\N
1915	76	7	2025-10-22 00:00:00	2025	894	AVAILABLE	\N	2026-02-06 05:51:25.59	2026-02-06 05:51:25.59	28	251022-18-15102443-11	\N
1916	77	7	2025-10-22 00:00:00	2025	870	AVAILABLE	\N	2026-02-06 05:51:25.601	2026-02-06 05:51:25.601	28	251022-18-15102443-11	\N
1917	78	7	2025-10-22 00:00:00	2025	878	AVAILABLE	\N	2026-02-06 05:51:25.611	2026-02-06 05:51:25.611	28	251022-18-15102443-11	\N
1918	79	7	2025-10-22 00:00:00	2025	891	AVAILABLE	\N	2026-02-06 05:51:25.622	2026-02-06 05:51:25.622	28	251022-18-15102443-11	\N
1919	80	7	2025-10-22 00:00:00	2025	774	AVAILABLE	\N	2026-02-06 05:51:25.632	2026-02-06 05:51:25.632	28	251022-18-15102443-11	\N
1920	81	7	2025-10-22 00:00:00	2025	865	AVAILABLE	\N	2026-02-06 05:51:25.644	2026-02-06 05:51:25.644	28	251022-18-15102443-11	\N
1921	82	7	2025-10-22 00:00:00	2025	811	AVAILABLE	\N	2026-02-06 05:51:25.654	2026-02-06 05:51:25.654	28	251022-18-15102443-11	\N
1922	83	7	2025-11-04 00:00:00	2025	842	AVAILABLE	\N	2026-02-06 05:51:25.665	2026-02-06 05:51:25.665	28	251104-18-15102443-11	\N
1923	84	7	2025-11-04 00:00:00	2025	872	AVAILABLE	\N	2026-02-06 05:51:25.675	2026-02-06 05:51:25.675	28	251104-18-15102443-11	\N
1924	85	7	2025-11-04 00:00:00	2025	843	AVAILABLE	\N	2026-02-06 05:51:25.686	2026-02-06 05:51:25.686	28	251104-18-15102443-11	\N
1925	86	7	2025-11-04 00:00:00	2025	845	AVAILABLE	\N	2026-02-06 05:51:25.696	2026-02-06 05:51:25.696	28	251104-18-15102443-11	\N
1926	87	7	2025-11-04 00:00:00	2025	79	AVAILABLE	\N	2026-02-06 05:51:25.706	2026-02-06 05:51:25.706	28	251104-18-15102443-11	\N
1927	88	7	2025-11-04 00:00:00	2025	864	AVAILABLE	\N	2026-02-06 05:51:25.717	2026-02-06 05:51:25.717	28	251104-18-15102443-11	\N
1928	89	7	2025-11-04 00:00:00	2025	875	AVAILABLE	\N	2026-02-06 05:51:25.728	2026-02-06 05:51:25.728	28	251104-18-15102443-11	\N
1929	90	7	2025-11-04 00:00:00	2025	869	AVAILABLE	\N	2026-02-06 05:51:25.739	2026-02-06 05:51:25.739	28	251104-18-15102443-11	\N
1930	91	7	2025-11-04 00:00:00	2025	823	AVAILABLE	\N	2026-02-06 05:51:25.75	2026-02-06 05:51:25.75	28	251104-18-15102443-11	\N
1931	92	11	2025-10-25 00:00:00	2025	851	AVAILABLE	\N	2026-02-06 05:51:25.76	2026-02-06 05:51:25.76	28	251025-18-15102443-11	\N
1932	93	11	2025-10-25 00:00:00	2025	864	AVAILABLE	\N	2026-02-06 05:51:25.771	2026-02-06 05:51:25.771	28	251025-18-15102443-11	\N
1933	94	11	2025-10-25 00:00:00	2025	905	AVAILABLE	\N	2026-02-06 05:51:25.781	2026-02-06 05:51:25.781	28	251025-18-15102443-11	\N
1934	95	11	2025-10-25 00:00:00	2025	821	AVAILABLE	\N	2026-02-06 05:51:25.792	2026-02-06 05:51:25.792	28	251025-18-15102443-11	\N
1935	96	11	2025-10-25 00:00:00	2025	846	AVAILABLE	\N	2026-02-06 05:51:25.803	2026-02-06 05:51:25.803	28	251025-18-15102443-11	\N
1936	97	11	2025-10-25 00:00:00	2025	842	AVAILABLE	\N	2026-02-06 05:51:25.813	2026-02-06 05:51:25.813	28	251025-18-15102443-11	\N
1937	98	11	2025-10-25 00:00:00	2025	832	AVAILABLE	\N	2026-02-06 05:51:25.824	2026-02-06 05:51:25.824	28	251025-18-15102443-11	\N
1938	99	11	2025-10-25 00:00:00	2025	863	AVAILABLE	\N	2026-02-06 05:51:25.835	2026-02-06 05:51:25.835	28	251025-18-15102443-11	\N
1939	100	11	2025-10-25 00:00:00	2025	179	AVAILABLE	\N	2026-02-06 05:51:25.847	2026-02-06 05:51:25.847	28	251025-18-15102443-11	\N
1940	101	11	2025-10-25 00:00:00	2025	845	AVAILABLE	\N	2026-02-06 05:51:25.859	2026-02-06 05:51:25.859	28	251025-18-15102443-11	\N
1941	102	11	2025-10-25 00:00:00	2025	889	AVAILABLE	\N	2026-02-06 05:51:25.943	2026-02-06 05:51:25.943	28	251025-18-15102443-11	\N
1942	103	11	2025-10-25 00:00:00	2025	874	AVAILABLE	\N	2026-02-06 05:51:25.954	2026-02-06 05:51:25.954	28	251025-18-15102443-11	\N
1943	104	11	2025-10-25 00:00:00	2025	520	AVAILABLE	\N	2026-02-06 05:51:25.965	2026-02-06 05:51:25.965	28	251025-18-15102443-11	\N
1944	105	11	2025-10-23 00:00:00	2025	884	AVAILABLE	\N	2026-02-06 05:51:25.975	2026-02-06 05:51:25.975	28	251023-18-15102443-11	\N
1945	106	11	2025-10-23 00:00:00	2025	853	AVAILABLE	\N	2026-02-06 05:51:25.986	2026-02-06 05:51:25.986	28	251023-18-15102443-11	\N
1946	107	11	2025-10-23 00:00:00	2025	861	AVAILABLE	\N	2026-02-06 05:51:25.996	2026-02-06 05:51:25.996	28	251023-18-15102443-11	\N
1947	108	11	2025-10-23 00:00:00	2025	824	AVAILABLE	\N	2026-02-06 05:51:26.006	2026-02-06 05:51:26.006	28	251023-18-15102443-11	\N
1948	109	11	2025-10-23 00:00:00	2025	867	AVAILABLE	\N	2026-02-06 05:51:26.016	2026-02-06 05:51:26.016	28	251023-18-15102443-11	\N
1949	110	11	2025-10-23 00:00:00	2025	133	AVAILABLE	\N	2026-02-06 05:51:26.026	2026-02-06 05:51:26.026	28	251023-18-15102443-11	\N
1950	111	11	2025-10-23 00:00:00	2025	858	AVAILABLE	\N	2026-02-06 05:51:26.037	2026-02-06 05:51:26.037	28	251023-18-15102443-11	\N
1951	112	11	2025-10-23 00:00:00	2025	893	AVAILABLE	\N	2026-02-06 05:51:26.047	2026-02-06 05:51:26.047	28	251023-18-15102443-11	\N
1952	113	11	2025-10-23 00:00:00	2025	862	AVAILABLE	\N	2026-02-06 05:51:26.057	2026-02-06 05:51:26.057	28	251023-18-15102443-11	\N
1953	114	11	2025-10-23 00:00:00	2025	860	AVAILABLE	\N	2026-02-06 05:51:26.068	2026-02-06 05:51:26.068	28	251023-18-15102443-11	\N
1954	115	11	2025-10-23 00:00:00	2025	852	AVAILABLE	\N	2026-02-06 05:51:26.079	2026-02-06 05:51:26.079	28	251023-18-15102443-11	\N
1955	116	11	2025-10-23 00:00:00	2025	851	AVAILABLE	\N	2026-02-06 05:51:26.089	2026-02-06 05:51:26.089	28	251023-18-15102443-11	\N
1956	117	11	2025-10-23 00:00:00	2025	866	AVAILABLE	\N	2026-02-06 05:51:26.1	2026-02-06 05:51:26.1	28	251023-18-15102443-11	\N
1957	118	11	2025-10-23 00:00:00	2025	802	AVAILABLE	\N	2026-02-06 05:51:26.111	2026-02-06 05:51:26.111	28	251023-18-15102443-11	\N
1958	119	11	2025-10-23 00:00:00	2025	349	AVAILABLE	\N	2026-02-06 05:51:26.122	2026-02-06 05:51:26.122	28	251023-18-15102443-11	\N
1959	120	6	2025-11-04 00:00:00	2025	867	AVAILABLE	\N	2026-02-06 05:51:26.133	2026-02-06 05:51:26.133	28	251104-18-15102443-11	\N
1960	121	6	2025-11-04 00:00:00	2025	840	AVAILABLE	\N	2026-02-06 05:51:26.144	2026-02-06 05:51:26.144	28	251104-18-15102443-11	\N
1961	122	6	2025-11-04 00:00:00	2025	842	AVAILABLE	\N	2026-02-06 05:51:26.154	2026-02-06 05:51:26.154	28	251104-18-15102443-11	\N
1962	123	6	2025-11-04 00:00:00	2025	814	AVAILABLE	\N	2026-02-06 05:51:26.164	2026-02-06 05:51:26.164	28	251104-18-15102443-11	\N
1963	124	6	2025-11-04 00:00:00	2025	472	AVAILABLE	\N	2026-02-06 05:51:26.175	2026-02-06 05:51:26.175	28	251104-18-15102443-11	\N
1964	125	6	2025-10-27 00:00:00	2025	851	AVAILABLE	\N	2026-02-06 05:51:26.187	2026-02-06 05:51:26.187	28	251027-18-15102443-11	\N
1965	126	6	2025-10-27 00:00:00	2025	900	AVAILABLE	\N	2026-02-06 05:51:26.199	2026-02-06 05:51:26.199	28	251027-18-15102443-11	\N
1966	127	6	2025-10-27 00:00:00	2025	930	AVAILABLE	\N	2026-02-06 05:51:26.209	2026-02-06 05:51:26.209	28	251027-18-15102443-11	\N
1967	128	6	2025-10-27 00:00:00	2025	916	AVAILABLE	\N	2026-02-06 05:51:26.224	2026-02-06 05:51:26.224	28	251027-18-15102443-11	\N
1968	129	6	2025-10-27 00:00:00	2025	937	AVAILABLE	\N	2026-02-06 05:51:26.236	2026-02-06 05:51:26.236	28	251027-18-15102443-11	\N
1969	130	6	2025-10-27 00:00:00	2025	197	AVAILABLE	\N	2026-02-06 05:51:26.249	2026-02-06 05:51:26.249	28	251027-18-15102443-11	\N
1970	131	6	2025-10-27 00:00:00	2025	885	AVAILABLE	\N	2026-02-06 05:51:26.26	2026-02-06 05:51:26.26	28	251027-18-15102443-11	\N
1971	132	6	2025-10-27 00:00:00	2025	937	AVAILABLE	\N	2026-02-06 05:51:26.273	2026-02-06 05:51:26.273	28	251027-18-15102443-11	\N
1972	133	6	2025-10-27 00:00:00	2025	929	AVAILABLE	\N	2026-02-06 05:51:26.284	2026-02-06 05:51:26.284	28	251027-18-15102443-11	\N
1973	134	6	2025-10-27 00:00:00	2025	908	AVAILABLE	\N	2026-02-06 05:51:26.296	2026-02-06 05:51:26.296	28	251027-18-15102443-11	\N
1974	135	6	2025-10-27 00:00:00	2025	812	AVAILABLE	\N	2026-02-06 05:51:26.306	2026-02-06 05:51:26.306	28	251027-18-15102443-11	\N
1975	136	6	2025-10-27 00:00:00	2025	884	AVAILABLE	\N	2026-02-06 05:51:26.316	2026-02-06 05:51:26.316	28	251027-18-15102443-11	\N
1976	137	6	2025-10-27 00:00:00	2025	435	AVAILABLE	\N	2026-02-06 05:51:26.327	2026-02-06 05:51:26.327	28	251027-18-15102443-11	\N
1977	138	6	2025-10-27 00:00:00	2025	884	AVAILABLE	\N	2026-02-06 05:51:26.339	2026-02-06 05:51:26.339	28	251027-18-15102443-11	\N
1978	139	6	2025-10-27 00:00:00	2025	265	AVAILABLE	\N	2026-02-06 05:51:26.35	2026-02-06 05:51:26.35	28	251027-18-15102443-11	\N
1979	140	6	2025-10-27 00:00:00	2025	960	AVAILABLE	\N	2026-02-06 05:51:26.361	2026-02-06 05:51:26.361	28	251027-18-15102443-11	\N
1980	141	6	2025-10-27 00:00:00	2025	946	AVAILABLE	\N	2026-02-06 05:51:26.371	2026-02-06 05:51:26.371	28	251027-18-15102443-11	\N
1981	142	6	2025-10-27 00:00:00	2025	959	AVAILABLE	\N	2026-02-06 05:51:26.381	2026-02-06 05:51:26.381	28	251027-18-15102443-11	\N
1982	143	6	2025-10-27 00:00:00	2025	398	AVAILABLE	\N	2026-02-06 05:51:26.392	2026-02-06 05:51:26.392	28	251027-18-15102443-11	\N
1983	144	6	2025-10-28 00:00:00	2025	913	AVAILABLE	\N	2026-02-06 05:51:26.403	2026-02-06 05:51:26.403	28	251028-18-15102443-11	\N
1984	145	6	2025-10-28 00:00:00	2025	895	AVAILABLE	\N	2026-02-06 05:51:26.413	2026-02-06 05:51:26.413	28	251028-18-15102443-11	\N
1985	146	6	2025-10-28 00:00:00	2025	823	AVAILABLE	\N	2026-02-06 05:51:26.423	2026-02-06 05:51:26.423	28	251028-18-15102443-11	\N
1986	147	6	2025-10-28 00:00:00	2025	98	AVAILABLE	\N	2026-02-06 05:51:26.434	2026-02-06 05:51:26.434	28	251028-18-15102443-11	\N
1987	148	6	2025-10-27 00:00:00	2025	159	AVAILABLE	\N	2026-02-06 05:51:26.446	2026-02-06 05:51:26.446	28	251027-18-15102443-11	\N
1988	149	6	2025-10-27 00:00:00	2025	918	AVAILABLE	\N	2026-02-06 05:51:26.456	2026-02-06 05:51:26.456	28	251027-18-15102443-11	\N
1989	150	6	2025-10-27 00:00:00	2025	939	AVAILABLE	\N	2026-02-06 05:51:26.467	2026-02-06 05:51:26.467	28	251027-18-15102443-11	\N
1990	151	6	2025-10-27 00:00:00	2025	940	AVAILABLE	\N	2026-02-06 05:51:26.477	2026-02-06 05:51:26.477	28	251027-18-15102443-11	\N
1991	152	6	2025-10-27 00:00:00	2025	930	AVAILABLE	\N	2026-02-06 05:51:26.487	2026-02-06 05:51:26.487	28	251027-18-15102443-11	\N
1992	153	6	2025-10-27 00:00:00	2025	935	AVAILABLE	\N	2026-02-06 05:51:26.498	2026-02-06 05:51:26.498	28	251027-18-15102443-11	\N
1993	154	6	2025-10-27 00:00:00	2025	904	AVAILABLE	\N	2026-02-06 05:51:26.509	2026-02-06 05:51:26.509	28	251027-18-15102443-11	\N
1994	155	6	2025-10-27 00:00:00	2025	943	AVAILABLE	\N	2026-02-06 05:51:26.519	2026-02-06 05:51:26.519	28	251027-18-15102443-11	\N
1995	156	6	2025-10-27 00:00:00	2025	933	AVAILABLE	\N	2026-02-06 05:51:26.53	2026-02-06 05:51:26.53	28	251027-18-15102443-11	\N
1996	157	6	2025-10-27 00:00:00	2025	924	AVAILABLE	\N	2026-02-06 05:51:26.54	2026-02-06 05:51:26.54	28	251027-18-15102443-11	\N
1997	158	6	2025-10-27 00:00:00	2025	906	AVAILABLE	\N	2026-02-06 05:51:26.553	2026-02-06 05:51:26.553	28	251027-18-15102443-11	\N
1998	159	6	2025-10-27 00:00:00	2025	878	AVAILABLE	\N	2026-02-06 05:51:26.563	2026-02-06 05:51:26.563	28	251027-18-15102443-11	\N
1999	160	6	2025-10-27 00:00:00	2025	935	AVAILABLE	\N	2026-02-06 05:51:26.574	2026-02-06 05:51:26.574	28	251027-18-15102443-11	\N
2000	161	6	2025-10-27 00:00:00	2025	964	AVAILABLE	\N	2026-02-06 05:51:26.585	2026-02-06 05:51:26.585	28	251027-18-15102443-11	\N
2001	162	6	2025-10-27 00:00:00	2025	940	AVAILABLE	\N	2026-02-06 05:51:26.596	2026-02-06 05:51:26.596	28	251027-18-15102443-11	\N
2002	163	6	2025-10-27 00:00:00	2025	482	AVAILABLE	\N	2026-02-06 05:51:26.607	2026-02-06 05:51:26.607	28	251027-18-15102443-11	\N
2003	164	6	2025-10-27 00:00:00	2025	961	AVAILABLE	\N	2026-02-06 05:51:26.618	2026-02-06 05:51:26.618	28	251027-18-15102443-11	\N
2004	165	6	2025-10-28 00:00:00	2025	974	AVAILABLE	\N	2026-02-06 05:51:26.628	2026-02-06 05:51:26.628	28	251028-18-15102443-11	\N
2005	166	6	2025-10-28 00:00:00	2025	961	AVAILABLE	\N	2026-02-06 05:51:26.639	2026-02-06 05:51:26.639	28	251028-18-15102443-11	\N
2006	167	6	2025-10-28 00:00:00	2025	965	AVAILABLE	\N	2026-02-06 05:51:26.651	2026-02-06 05:51:26.651	28	251028-18-15102443-11	\N
2007	168	6	2025-10-28 00:00:00	2025	406	AVAILABLE	\N	2026-02-06 05:51:26.662	2026-02-06 05:51:26.662	28	251028-18-15102443-11	\N
2008	169	6	2025-10-28 00:00:00	2025	1008	AVAILABLE	\N	2026-02-06 05:51:26.673	2026-02-06 05:51:26.673	28	251028-18-15102443-11	\N
2009	170	6	2025-10-28 00:00:00	2025	910	AVAILABLE	\N	2026-02-06 05:51:26.683	2026-02-06 05:51:26.683	28	251028-18-15102443-11	\N
2010	171	6	2025-10-28 00:00:00	2025	869	AVAILABLE	\N	2026-02-06 05:51:26.695	2026-02-06 05:51:26.695	28	251028-18-15102443-11	\N
2011	172	6	2025-10-28 00:00:00	2025	581	AVAILABLE	\N	2026-02-06 05:51:26.706	2026-02-06 05:51:26.706	28	251028-18-15102443-11	\N
2012	173	6	2025-10-27 00:00:00	2025	938	AVAILABLE	\N	2026-02-06 05:51:26.716	2026-02-06 05:51:26.716	28	251027-18-15102443-11	\N
2013	174	6	2025-10-27 00:00:00	2025	927	AVAILABLE	\N	2026-02-06 05:51:26.727	2026-02-06 05:51:26.727	28	251027-18-15102443-11	\N
2014	175	6	2025-10-27 00:00:00	2025	882	AVAILABLE	\N	2026-02-06 05:51:26.74	2026-02-06 05:51:26.74	28	251027-18-15102443-11	\N
2015	176	6	2025-10-27 00:00:00	2025	942	AVAILABLE	\N	2026-02-06 05:51:26.75	2026-02-06 05:51:26.75	28	251027-18-15102443-11	\N
2016	177	6	2025-10-27 00:00:00	2025	925	AVAILABLE	\N	2026-02-06 05:51:26.761	2026-02-06 05:51:26.761	28	251027-18-15102443-11	\N
2017	178	6	2025-10-27 00:00:00	2025	933	AVAILABLE	\N	2026-02-06 05:51:26.771	2026-02-06 05:51:26.771	28	251027-18-15102443-11	\N
2018	179	6	2025-10-27 00:00:00	2025	922	AVAILABLE	\N	2026-02-06 05:51:26.781	2026-02-06 05:51:26.781	28	251027-18-15102443-11	\N
2019	180	6	2025-10-29 00:00:00	2025	885	AVAILABLE	\N	2026-02-06 05:51:26.793	2026-02-06 05:51:26.793	28	251029-18-15102443-11	\N
2020	181	6	2025-10-29 00:00:00	2025	845	AVAILABLE	\N	2026-02-06 05:51:26.803	2026-02-06 05:51:26.803	28	251029-18-15102443-11	\N
2021	182	6	2025-10-29 00:00:00	2025	891	AVAILABLE	\N	2026-02-06 05:51:26.813	2026-02-06 05:51:26.813	28	251029-18-15102443-11	\N
2022	183	6	2025-10-29 00:00:00	2025	888	AVAILABLE	\N	2026-02-06 05:51:26.825	2026-02-06 05:51:26.825	28	251029-18-15102443-11	\N
2023	184	6	2025-10-29 00:00:00	2025	875	AVAILABLE	\N	2026-02-06 05:51:26.837	2026-02-06 05:51:26.837	28	251029-18-15102443-11	\N
2024	185	6	2025-10-29 00:00:00	2025	427	AVAILABLE	\N	2026-02-06 05:51:26.85	2026-02-06 05:51:26.85	28	251029-18-15102443-11	\N
2025	186	6	2025-10-29 00:00:00	2025	919	AVAILABLE	\N	2026-02-06 05:51:26.861	2026-02-06 05:51:26.861	28	251029-18-15102443-11	\N
2026	187	6	2025-10-29 00:00:00	2025	548	AVAILABLE	\N	2026-02-06 05:51:26.871	2026-02-06 05:51:26.871	28	251029-18-15102443-11	\N
2027	188	6	2025-10-28 00:00:00	2025	949	AVAILABLE	\N	2026-02-06 05:51:26.881	2026-02-06 05:51:26.881	28	251028-18-15102443-11	\N
2028	189	6	2025-10-28 00:00:00	2025	916	AVAILABLE	\N	2026-02-06 05:51:26.891	2026-02-06 05:51:26.891	28	251028-18-15102443-11	\N
2029	190	6	2025-10-28 00:00:00	2025	908	AVAILABLE	\N	2026-02-06 05:51:26.902	2026-02-06 05:51:26.902	28	251028-18-15102443-11	\N
2030	191	6	2025-10-28 00:00:00	2025	894	AVAILABLE	\N	2026-02-06 05:51:26.912	2026-02-06 05:51:26.912	28	251028-18-15102443-11	\N
2031	192	6	2025-10-28 00:00:00	2025	905	AVAILABLE	\N	2026-02-06 05:51:26.923	2026-02-06 05:51:26.923	28	251028-18-15102443-11	\N
2032	193	6	2025-10-28 00:00:00	2025	96	AVAILABLE	\N	2026-02-06 05:51:26.933	2026-02-06 05:51:26.933	28	251028-18-15102443-11	\N
2033	194	6	2025-10-28 00:00:00	2025	885	AVAILABLE	\N	2026-02-06 05:51:26.954	2026-02-06 05:51:26.954	28	251028-18-15102443-11	\N
2034	195	6	2025-10-28 00:00:00	2025	920	AVAILABLE	\N	2026-02-06 05:51:26.964	2026-02-06 05:51:26.964	28	251028-18-15102443-11	\N
2035	196	6	2025-10-28 00:00:00	2025	958	AVAILABLE	\N	2026-02-06 05:51:26.974	2026-02-06 05:51:26.974	28	251028-18-15102443-11	\N
2036	197	6	2025-10-28 00:00:00	2025	898	AVAILABLE	\N	2026-02-06 05:51:26.985	2026-02-06 05:51:26.985	28	251028-18-15102443-11	\N
2037	198	6	2025-10-28 00:00:00	2025	831	AVAILABLE	\N	2026-02-06 05:51:26.996	2026-02-06 05:51:26.996	28	251028-18-15102443-11	\N
2038	199	6	2025-10-28 00:00:00	2025	957	AVAILABLE	\N	2026-02-06 05:51:27.007	2026-02-06 05:51:27.007	28	251028-18-15102443-11	\N
2039	200	6	2025-10-28 00:00:00	2025	159	AVAILABLE	\N	2026-02-06 05:51:27.017	2026-02-06 05:51:27.017	28	251028-18-15102443-11	\N
2040	201	6	2025-10-28 00:00:00	2025	855	AVAILABLE	\N	2026-02-06 05:51:27.028	2026-02-06 05:51:27.028	28	251028-18-15102443-11	\N
2041	202	6	2025-10-28 00:00:00	2025	963	AVAILABLE	\N	2026-02-06 05:51:27.038	2026-02-06 05:51:27.038	28	251028-18-15102443-11	\N
2042	203	6	2025-10-27 00:00:00	2025	942	AVAILABLE	\N	2026-02-06 05:51:27.048	2026-02-06 05:51:27.048	28	251027-18-15102443-11	\N
2043	204	6	2025-10-27 00:00:00	2025	959	AVAILABLE	\N	2026-02-06 05:51:27.059	2026-02-06 05:51:27.059	28	251027-18-15102443-11	\N
2044	205	6	2025-10-27 00:00:00	2025	934	AVAILABLE	\N	2026-02-06 05:51:27.069	2026-02-06 05:51:27.069	28	251027-18-15102443-11	\N
2045	206	6	2025-10-28 00:00:00	2025	946	AVAILABLE	\N	2026-02-06 05:51:27.094	2026-02-06 05:51:27.094	28	251028-18-15102443-11	\N
2046	207	6	2025-10-28 00:00:00	2025	486	AVAILABLE	\N	2026-02-06 05:51:27.123	2026-02-06 05:51:27.123	28	251028-18-15102443-11	\N
2047	208	6	2025-10-28 00:00:00	2025	908	AVAILABLE	\N	2026-02-06 05:51:27.146	2026-02-06 05:51:27.146	28	251028-18-15102443-11	\N
2048	209	6	2025-10-28 00:00:00	2025	990	AVAILABLE	\N	2026-02-06 05:51:27.157	2026-02-06 05:51:27.157	28	251028-18-15102443-11	\N
2049	210	6	2025-10-28 00:00:00	2025	948	AVAILABLE	\N	2026-02-06 05:51:27.169	2026-02-06 05:51:27.169	28	251028-18-15102443-11	\N
2050	211	6	2025-10-28 00:00:00	2025	449	AVAILABLE	\N	2026-02-06 05:51:27.18	2026-02-06 05:51:27.18	28	251028-18-15102443-11	\N
2051	212	6	2025-10-28 00:00:00	2025	917	AVAILABLE	\N	2026-02-06 05:51:27.191	2026-02-06 05:51:27.191	28	251028-18-15102443-11	\N
2052	213	6	2025-10-28 00:00:00	2025	937	AVAILABLE	\N	2026-02-06 05:51:27.203	2026-02-06 05:51:27.203	28	251028-18-15102443-11	\N
2053	214	6	2025-10-28 00:00:00	2025	902	AVAILABLE	\N	2026-02-06 05:51:27.214	2026-02-06 05:51:27.214	28	251028-18-15102443-11	\N
2054	215	6	2025-10-28 00:00:00	2025	889	AVAILABLE	\N	2026-02-06 05:51:27.224	2026-02-06 05:51:27.224	28	251028-18-15102443-11	\N
2055	216	6	2025-10-27 00:00:00	2025	827	AVAILABLE	\N	2026-02-06 05:51:27.235	2026-02-06 05:51:27.235	28	251027-18-15102443-11	\N
2056	217	6	2025-10-27 00:00:00	2025	877	AVAILABLE	\N	2026-02-06 05:51:27.245	2026-02-06 05:51:27.245	28	251027-18-15102443-11	\N
2057	218	6	2025-10-27 00:00:00	2025	802	AVAILABLE	\N	2026-02-06 05:51:27.256	2026-02-06 05:51:27.256	28	251027-18-15102443-11	\N
2058	219	6	2025-10-27 00:00:00	2025	903	AVAILABLE	\N	2026-02-06 05:51:27.266	2026-02-06 05:51:27.266	28	251027-18-15102443-11	\N
2059	220	6	2025-10-27 00:00:00	2025	878	AVAILABLE	\N	2026-02-06 05:51:27.282	2026-02-06 05:51:27.282	28	251027-18-15102443-11	\N
2060	221	6	2025-10-27 00:00:00	2025	285	AVAILABLE	\N	2026-02-06 05:51:27.293	2026-02-06 05:51:27.293	28	251027-18-15102443-11	\N
2061	222	6	2025-10-28 00:00:00	2025	878	AVAILABLE	\N	2026-02-06 05:51:27.304	2026-02-06 05:51:27.304	28	251028-18-15102443-11	\N
2062	223	6	2025-10-28 00:00:00	2025	893	AVAILABLE	\N	2026-02-06 05:51:27.315	2026-02-06 05:51:27.315	28	251028-18-15102443-11	\N
2063	224	6	2025-10-28 00:00:00	2025	890	AVAILABLE	\N	2026-02-06 05:51:27.327	2026-02-06 05:51:27.327	28	251028-18-15102443-11	\N
2064	225	6	2025-11-02 00:00:00	2025	885	AVAILABLE	\N	2026-02-06 05:51:27.337	2026-02-06 05:51:27.337	28	251102-18-15102443-11	\N
2065	226	6	2025-11-02 00:00:00	2025	909	AVAILABLE	\N	2026-02-06 05:51:27.348	2026-02-06 05:51:27.348	28	251102-18-15102443-11	\N
2066	227	6	2025-11-02 00:00:00	2025	894	AVAILABLE	\N	2026-02-06 05:51:27.358	2026-02-06 05:51:27.358	28	251102-18-15102443-11	\N
2067	228	6	2025-11-02 00:00:00	2025	890	AVAILABLE	\N	2026-02-06 05:51:27.369	2026-02-06 05:51:27.369	28	251102-18-15102443-11	\N
2068	229	6	2025-11-02 00:00:00	2025	225	AVAILABLE	\N	2026-02-06 05:51:27.379	2026-02-06 05:51:27.379	28	251102-18-15102443-11	\N
2069	230	6	2025-10-28 00:00:00	2025	907	AVAILABLE	\N	2026-02-06 05:51:27.389	2026-02-06 05:51:27.389	28	251028-18-15102443-11	\N
2070	231	6	2025-10-28 00:00:00	2025	954	AVAILABLE	\N	2026-02-06 05:51:27.399	2026-02-06 05:51:27.399	28	251028-18-15102443-11	\N
2071	232	6	2025-10-28 00:00:00	2025	914	AVAILABLE	\N	2026-02-06 05:51:27.41	2026-02-06 05:51:27.41	28	251028-18-15102443-11	\N
2072	233	6	2025-10-28 00:00:00	2025	921	AVAILABLE	\N	2026-02-06 05:51:27.422	2026-02-06 05:51:27.422	28	251028-18-15102443-11	\N
2073	234	6	2025-10-28 00:00:00	2025	916	AVAILABLE	\N	2026-02-06 05:51:27.432	2026-02-06 05:51:27.432	28	251028-18-15102443-11	\N
2074	235	6	2025-10-28 00:00:00	2025	444	AVAILABLE	\N	2026-02-06 05:51:27.442	2026-02-06 05:51:27.442	28	251028-18-15102443-11	\N
2075	236	6	2025-10-28 00:00:00	2025	931	AVAILABLE	\N	2026-02-06 05:51:27.453	2026-02-06 05:51:27.453	28	251028-18-15102443-11	\N
2076	237	6	2025-10-29 00:00:00	2025	908	AVAILABLE	\N	2026-02-06 05:51:27.463	2026-02-06 05:51:27.463	28	251029-18-15102443-11	\N
2077	238	6	2025-10-29 00:00:00	2025	901	AVAILABLE	\N	2026-02-06 05:51:27.475	2026-02-06 05:51:27.475	28	251029-18-15102443-11	\N
2078	239	6	2025-10-29 00:00:00	2025	853	AVAILABLE	\N	2026-02-06 05:51:27.487	2026-02-06 05:51:27.487	28	251029-18-15102443-11	\N
2079	240	6	2025-10-29 00:00:00	2025	823	AVAILABLE	\N	2026-02-06 05:51:27.497	2026-02-06 05:51:27.497	28	251029-18-15102443-11	\N
2080	241	6	2025-10-29 00:00:00	2025	879	AVAILABLE	\N	2026-02-06 05:51:27.508	2026-02-06 05:51:27.508	28	251029-18-15102443-11	\N
2081	242	6	2025-10-29 00:00:00	2025	733	AVAILABLE	\N	2026-02-06 05:51:27.519	2026-02-06 05:51:27.519	28	251029-18-15102443-11	\N
2082	243	6	2025-11-02 00:00:00	2025	896	AVAILABLE	\N	2026-02-06 05:51:27.53	2026-02-06 05:51:27.53	28	251102-18-15102443-11	\N
2083	244	6	2025-10-28 00:00:00	2025	929	AVAILABLE	\N	2026-02-06 05:51:27.54	2026-02-06 05:51:27.54	28	251028-18-15102443-11	\N
2084	245	6	2025-10-28 00:00:00	2025	932	AVAILABLE	\N	2026-02-06 05:51:27.551	2026-02-06 05:51:27.551	28	251028-18-15102443-11	\N
2085	246	6	2025-10-28 00:00:00	2025	943	AVAILABLE	\N	2026-02-06 05:51:27.562	2026-02-06 05:51:27.562	28	251028-18-15102443-11	\N
2086	247	6	2025-10-28 00:00:00	2025	930	AVAILABLE	\N	2026-02-06 05:51:27.572	2026-02-06 05:51:27.572	28	251028-18-15102443-11	\N
2087	248	6	2025-10-28 00:00:00	2025	913	AVAILABLE	\N	2026-02-06 05:51:27.583	2026-02-06 05:51:27.583	28	251028-18-15102443-11	\N
2088	249	6	2025-10-28 00:00:00	2025	192	AVAILABLE	\N	2026-02-06 05:51:27.593	2026-02-06 05:51:27.593	28	251028-18-15102443-11	\N
2089	250	6	2025-10-28 00:00:00	2025	933	AVAILABLE	\N	2026-02-06 05:51:27.604	2026-02-06 05:51:27.604	28	251028-18-15102443-11	\N
2090	251	6	2025-10-28 00:00:00	2025	104	AVAILABLE	\N	2026-02-06 05:51:27.614	2026-02-06 05:51:27.614	28	251028-18-15102443-11	\N
2091	252	6	2025-11-02 00:00:00	2025	934	AVAILABLE	\N	2026-02-06 05:51:27.625	2026-02-06 05:51:27.625	28	251102-18-15102443-11	\N
2092	253	6	2025-11-04 00:00:00	2025	903	AVAILABLE	\N	2026-02-06 05:51:27.635	2026-02-06 05:51:27.635	28	251104-18-15102443-11	\N
2093	254	6	2025-11-04 00:00:00	2025	900	AVAILABLE	\N	2026-02-06 05:51:27.645	2026-02-06 05:51:27.645	28	251104-18-15102443-11	\N
2094	255	6	2025-11-04 00:00:00	2025	911	AVAILABLE	\N	2026-02-06 05:51:27.658	2026-02-06 05:51:27.658	28	251104-18-15102443-11	\N
2095	256	6	2025-11-04 00:00:00	2025	909	AVAILABLE	\N	2026-02-06 05:51:27.668	2026-02-06 05:51:27.668	28	251104-18-15102443-11	\N
2096	257	6	2025-11-04 00:00:00	2025	867	AVAILABLE	\N	2026-02-06 05:51:27.679	2026-02-06 05:51:27.679	28	251104-18-15102443-11	\N
2097	258	6	2025-11-04 00:00:00	2025	470	AVAILABLE	\N	2026-02-06 05:51:27.689	2026-02-06 05:51:27.689	28	251104-18-15102443-11	\N
2098	259	6	2025-11-04 00:00:00	2025	917	AVAILABLE	\N	2026-02-06 05:51:27.699	2026-02-06 05:51:27.699	28	251104-18-15102443-11	\N
2099	260	6	2025-11-03 00:00:00	2025	902	AVAILABLE	\N	2026-02-06 05:51:27.71	2026-02-06 05:51:27.71	28	251103-18-15102443-11	\N
2100	261	6	2025-11-03 00:00:00	2025	907	AVAILABLE	\N	2026-02-06 05:51:27.72	2026-02-06 05:51:27.72	28	251103-18-15102443-11	\N
2101	262	6	2025-11-03 00:00:00	2025	924	AVAILABLE	\N	2026-02-06 05:51:27.731	2026-02-06 05:51:27.731	28	251103-18-15102443-11	\N
2102	263	6	2025-11-03 00:00:00	2025	250	AVAILABLE	\N	2026-02-06 05:51:27.741	2026-02-06 05:51:27.741	28	251103-18-15102443-11	\N
2103	264	6	2025-11-03 00:00:00	2025	910	AVAILABLE	\N	2026-02-06 05:51:27.751	2026-02-06 05:51:27.751	28	251103-18-15102443-11	\N
2104	265	6	2025-11-03 00:00:00	2025	895	AVAILABLE	\N	2026-02-06 05:51:27.762	2026-02-06 05:51:27.762	28	251103-18-15102443-11	\N
2105	266	6	2025-11-04 00:00:00	2025	830	AVAILABLE	\N	2026-02-06 05:51:27.772	2026-02-06 05:51:27.772	28	251104-18-15102443-11	\N
2106	267	6	2025-10-29 00:00:00	2025	905	AVAILABLE	\N	2026-02-06 05:51:27.782	2026-02-06 05:51:27.782	28	251029-18-15102443-11	\N
2107	268	6	2025-10-29 00:00:00	2025	896	AVAILABLE	\N	2026-02-06 05:51:27.793	2026-02-06 05:51:27.793	28	251029-18-15102443-11	\N
2108	269	6	2025-10-29 00:00:00	2025	868	AVAILABLE	\N	2026-02-06 05:51:27.803	2026-02-06 05:51:27.803	28	251029-18-15102443-11	\N
2109	270	6	2025-10-29 00:00:00	2025	848	AVAILABLE	\N	2026-02-06 05:51:27.814	2026-02-06 05:51:27.814	28	251029-18-15102443-11	\N
2110	271	6	2025-10-29 00:00:00	2025	892	AVAILABLE	\N	2026-02-06 05:51:27.825	2026-02-06 05:51:27.825	28	251029-18-15102443-11	\N
2111	272	6	2025-10-29 00:00:00	2025	463	AVAILABLE	\N	2026-02-06 05:51:27.836	2026-02-06 05:51:27.836	28	251029-18-15102443-11	\N
2112	273	6	2025-11-02 00:00:00	2025	549	AVAILABLE	\N	2026-02-06 05:51:27.846	2026-02-06 05:51:27.846	28	251102-18-15102443-11	\N
2113	274	6	2025-11-02 00:00:00	2025	893	AVAILABLE	\N	2026-02-06 05:51:27.857	2026-02-06 05:51:27.857	28	251102-18-15102443-11	\N
2114	275	6	2025-11-02 00:00:00	2025	958	AVAILABLE	\N	2026-02-06 05:51:27.868	2026-02-06 05:51:27.868	28	251102-18-15102443-11	\N
2115	276	6	2025-11-02 00:00:00	2025	902	AVAILABLE	\N	2026-02-06 05:51:27.878	2026-02-06 05:51:27.878	28	251102-18-15102443-11	\N
2116	277	6	2025-11-04 00:00:00	2025	931	AVAILABLE	\N	2026-02-06 05:51:27.897	2026-02-06 05:51:27.897	28	251104-18-15102443-11	\N
2117	278	6	2025-11-04 00:00:00	2025	934	AVAILABLE	\N	2026-02-06 05:51:27.908	2026-02-06 05:51:27.908	28	251104-18-15102443-11	\N
2118	279	6	2025-11-02 00:00:00	2025	954	AVAILABLE	\N	2026-02-06 05:51:27.919	2026-02-06 05:51:27.919	28	251102-18-15102443-11	\N
2119	280	6	2025-11-02 00:00:00	2025	898	AVAILABLE	\N	2026-02-06 05:51:27.93	2026-02-06 05:51:27.93	28	251102-18-15102443-11	\N
2120	281	6	2025-11-02 00:00:00	2025	915	AVAILABLE	\N	2026-02-06 05:51:27.94	2026-02-06 05:51:27.94	28	251102-18-15102443-11	\N
2121	282	6	2025-11-02 00:00:00	2025	450	AVAILABLE	\N	2026-02-06 05:51:27.952	2026-02-06 05:51:27.952	28	251102-18-15102443-11	\N
2122	283	6	2025-11-02 00:00:00	2025	970	AVAILABLE	\N	2026-02-06 05:51:27.963	2026-02-06 05:51:27.963	28	251102-18-15102443-11	\N
2123	284	6	2025-11-02 00:00:00	2025	911	AVAILABLE	\N	2026-02-06 05:51:27.973	2026-02-06 05:51:27.973	28	251102-18-15102443-11	\N
2124	285	6	2025-11-04 00:00:00	2025	864	AVAILABLE	\N	2026-02-06 05:51:27.983	2026-02-06 05:51:27.983	28	251104-18-15102443-11	\N
2125	286	6	2025-11-04 00:00:00	2025	866	AVAILABLE	\N	2026-02-06 05:51:27.993	2026-02-06 05:51:27.993	28	251104-18-15102443-11	\N
2126	287	6	2025-11-04 00:00:00	2025	939	AVAILABLE	\N	2026-02-06 05:51:28.003	2026-02-06 05:51:28.003	28	251104-18-15102443-11	\N
2127	288	6	2025-11-04 00:00:00	2025	873	AVAILABLE	\N	2026-02-06 05:51:28.013	2026-02-06 05:51:28.013	28	251104-18-15102443-11	\N
2128	289	6	2025-11-04 00:00:00	2025	937	AVAILABLE	\N	2026-02-06 05:51:28.029	2026-02-06 05:51:28.029	28	251104-18-15102443-11	\N
2129	290	6	2025-11-04 00:00:00	2025	823	AVAILABLE	\N	2026-02-06 05:51:28.045	2026-02-06 05:51:28.045	28	251104-18-15102443-11	\N
2130	291	6	2025-11-04 00:00:00	2025	181	AVAILABLE	\N	2026-02-06 05:51:28.055	2026-02-06 05:51:28.055	28	251104-18-15102443-11	\N
2131	292	6	2025-11-04 00:00:00	2025	860	AVAILABLE	\N	2026-02-06 05:51:28.066	2026-02-06 05:51:28.066	28	251104-18-15102443-11	\N
2132	293	6	2025-11-04 00:00:00	2025	878	AVAILABLE	\N	2026-02-06 05:51:28.076	2026-02-06 05:51:28.076	28	251104-18-15102443-11	\N
2133	294	6	2025-11-04 00:00:00	2025	925	AVAILABLE	\N	2026-02-06 05:51:28.087	2026-02-06 05:51:28.087	28	251104-18-15102443-11	\N
2134	295	6	2025-11-04 00:00:00	2025	940	AVAILABLE	\N	2026-02-06 05:51:28.097	2026-02-06 05:51:28.097	28	251104-18-15102443-11	\N
2135	296	6	2025-11-04 00:00:00	2025	894	AVAILABLE	\N	2026-02-06 05:51:28.107	2026-02-06 05:51:28.107	28	251104-18-15102443-11	\N
2136	297	6	2025-11-04 00:00:00	2025	443	AVAILABLE	\N	2026-02-06 05:51:28.118	2026-02-06 05:51:28.118	28	251104-18-15102443-11	\N
2137	298	6	2025-11-04 00:00:00	2025	931	AVAILABLE	\N	2026-02-06 05:51:28.129	2026-02-06 05:51:28.129	28	251104-18-15102443-11	\N
2138	299	6	2025-11-04 00:00:00	2025	937	AVAILABLE	\N	2026-02-06 05:51:28.14	2026-02-06 05:51:28.14	28	251104-18-15102443-11	\N
2139	300	6	2025-11-02 00:00:00	2025	946	AVAILABLE	\N	2026-02-06 05:51:28.151	2026-02-06 05:51:28.151	28	251102-18-15102443-11	\N
2140	301	6	2025-11-02 00:00:00	2025	926	AVAILABLE	\N	2026-02-06 05:51:28.161	2026-02-06 05:51:28.161	28	251102-18-15102443-11	\N
2141	302	6	2025-11-02 00:00:00	2025	924	AVAILABLE	\N	2026-02-06 05:51:28.172	2026-02-06 05:51:28.172	28	251102-18-15102443-11	\N
2142	303	6	2025-11-02 00:00:00	2025	183	AVAILABLE	\N	2026-02-06 05:51:28.183	2026-02-06 05:51:28.183	28	251102-18-15102443-11	\N
802	123	14	2025-10-16 00:00:00	2025	803	CONSUMED	13	2026-02-05 06:43:58.49	2026-02-13 04:24:09.703	141	251016-11-15317102-513	\N
803	122	14	2025-10-16 00:00:00	2025	803	CONSUMED	13	2026-02-05 06:43:58.501	2026-02-13 04:24:09.703	141	251016-11-15317102-513	\N
804	121	14	2025-10-16 00:00:00	2025	803	CONSUMED	13	2026-02-05 06:43:58.512	2026-02-13 04:24:09.703	141	251016-11-15317102-513	\N
807	118	14	2025-10-16 00:00:00	2025	803	CONSUMED	13	2026-02-05 06:43:58.544	2026-02-13 04:24:09.703	141	251016-11-15317102-513	\N
806	119	14	2025-10-16 00:00:00	2025	804	CONSUMED	14	2026-02-05 06:43:58.534	2026-02-13 04:52:14.835	141	251016-11-15317102-513	\N
810	115	14	2025-10-16 00:00:00	2025	803	CONSUMED	14	2026-02-05 06:43:58.574	2026-02-13 04:52:14.835	141	251016-11-15317102-513	\N
796	129	14	2025-10-23 00:00:00	2025	803	CONSUMED	15	2026-02-05 06:43:58.408	2026-02-13 04:54:03.795	68	251023-11-15101907-246	\N
797	128	14	2025-10-23 00:00:00	2025	803	CONSUMED	15	2026-02-05 06:43:58.436	2026-02-13 04:54:03.795	68	251023-11-15101907-246	\N
798	127	14	2025-10-23 00:00:00	2025	803	CONSUMED	15	2026-02-05 06:43:58.446	2026-02-13 04:54:03.795	68	251023-11-15101907-246	\N
799	126	14	2025-10-23 00:00:00	2025	804	CONSUMED	15	2026-02-05 06:43:58.458	2026-02-13 04:54:03.795	68	251023-11-15101907-246	\N
800	125	14	2025-10-23 00:00:00	2025	803	CONSUMED	15	2026-02-05 06:43:58.468	2026-02-13 04:54:03.795	68	251023-11-15101907-246	\N
801	124	14	2025-10-23 00:00:00	2025	802	CONSUMED	15	2026-02-05 06:43:58.479	2026-02-13 04:54:03.795	68	251023-11-15101907-246	\N
617	7	15	2025-10-23 00:00:00	2025	802	CONSUMED	16	2026-02-05 06:43:56.359	2026-02-13 05:10:31.203	68	251023-11-15101907-246	\N
618	6	15	2025-10-23 00:00:00	2025	804	CONSUMED	16	2026-02-05 06:43:56.369	2026-02-13 05:10:31.203	68	251023-11-15101907-246	\N
619	5	15	2025-10-23 00:00:00	2025	803	CONSUMED	16	2026-02-05 06:43:56.38	2026-02-13 05:10:31.203	68	251023-11-15101907-246	\N
622	2	15	2025-10-23 00:00:00	2025	803	CONSUMED	16	2026-02-05 06:43:56.412	2026-02-13 05:10:31.203	68	251023-11-15101907-246	\N
623	1	15	2025-10-23 00:00:00	2025	803	CONSUMED	16	2026-02-05 06:43:56.422	2026-02-13 05:10:31.203	68	251023-11-15101907-246	\N
1078	1	13	2025-10-24 00:00:00	2025	802	CONSUMED	17	2026-02-05 08:14:19.019	2026-02-13 05:17:52.843	61	251024-11-15314433-221	\N
1079	2	13	2025-10-24 00:00:00	2025	803	CONSUMED	17	2026-02-05 08:14:19.136	2026-02-13 05:17:52.843	61	251024-11-15314433-221	\N
1080	3	13	2025-10-24 00:00:00	2025	803	CONSUMED	17	2026-02-05 08:14:19.151	2026-02-13 05:17:52.843	61	251024-11-15314433-221	\N
1081	4	13	2025-10-24 00:00:00	2025	804	CONSUMED	17	2026-02-05 08:14:19.164	2026-02-13 05:17:52.843	61	251024-11-15314433-221	\N
51	252	17	2025-10-29 00:00:00	2025	619	CONSUMED	18	2026-02-05 06:43:50.339	2026-02-13 05:22:04.984	130	251029-11-15105783-431	\N
52	251	17	2025-10-29 00:00:00	2025	862	CONSUMED	18	2026-02-05 06:43:50.349	2026-02-13 05:22:04.984	130	251029-11-15105783-431	\N
54	249	17	2025-10-29 00:00:00	2025	861	CONSUMED	18	2026-02-05 06:43:50.37	2026-02-13 05:22:04.984	130	251029-11-15105783-431	\N
56	247	17	2025-10-29 00:00:00	2025	859	CONSUMED	18	2026-02-05 06:43:50.393	2026-02-13 05:22:04.984	130	251029-11-15105783-431	\N
805	120	14	2025-10-16 00:00:00	2025	804	CONSUMED	19	2026-02-05 06:43:58.524	2026-02-13 05:24:23.044	141	251016-11-15317102-513	\N
808	117	14	2025-10-16 00:00:00	2025	803	CONSUMED	19	2026-02-05 06:43:58.554	2026-02-13 05:24:23.044	141	251016-11-15317102-513	\N
809	116	14	2025-10-16 00:00:00	2025	800	CONSUMED	19	2026-02-05 06:43:58.564	2026-02-13 05:24:23.044	141	251016-11-15317102-513	\N
811	114	14	2025-10-16 00:00:00	2025	803	CONSUMED	19	2026-02-05 06:43:58.584	2026-02-13 05:24:23.044	141	251016-11-15317102-513	\N
812	113	14	2025-10-16 00:00:00	2025	803	CONSUMED	19	2026-02-05 06:43:58.597	2026-02-13 05:24:23.044	141	251016-11-15317102-513	\N
813	112	14	2025-10-16 00:00:00	2025	807	CONSUMED	19	2026-02-05 06:43:58.609	2026-02-13 05:24:23.044	141	251016-11-15317102-513	\N
814	111	14	2025-10-16 00:00:00	2025	803	CONSUMED	19	2026-02-05 06:43:58.62	2026-02-13 05:24:23.044	141	251016-11-15317102-513	\N
620	4	15	2025-10-23 00:00:00	2025	803	CONSUMED	20	2026-02-05 06:43:56.391	2026-02-13 05:29:19.238	68	251023-11-15101907-246	\N
1109	11	13	2025-11-03 00:00:00	2025	805	CONSUMED	22	2026-02-05 08:14:19.555	2026-02-13 05:32:57.244	144	251103-11-15317458-531	\N
1110	12	13	2025-11-03 00:00:00	2025	803	CONSUMED	22	2026-02-05 08:14:19.568	2026-02-13 05:32:57.244	144	251103-11-15317458-531	\N
1111	13	13	2025-11-03 00:00:00	2025	801	CONSUMED	22	2026-02-05 08:14:19.583	2026-02-13 05:32:57.244	144	251103-11-15317458-531	\N
1112	14	13	2025-11-03 00:00:00	2025	803	CONSUMED	22	2026-02-05 08:14:19.596	2026-02-13 05:32:57.244	144	251103-11-15317458-531	\N
1113	15	13	2025-11-03 00:00:00	2025	805	CONSUMED	22	2026-02-05 08:14:19.609	2026-02-13 05:32:57.244	144	251103-11-15317458-531	\N
1114	16	13	2025-11-03 00:00:00	2025	802	CONSUMED	22	2026-02-05 08:14:19.623	2026-02-13 05:32:57.244	144	251103-11-15317458-531	\N
1115	17	13	2025-11-03 00:00:00	2025	804	CONSUMED	22	2026-02-05 08:14:19.636	2026-02-13 05:32:57.244	144	251103-11-15317458-531	\N
1116	18	13	2025-11-03 00:00:00	2025	801	CONSUMED	22	2026-02-05 08:14:19.649	2026-02-13 05:32:57.244	144	251103-11-15317458-531	\N
1117	19	13	2025-11-03 00:00:00	2025	806	CONSUMED	22	2026-02-05 08:14:19.663	2026-02-13 05:32:57.244	144	251103-11-15317458-531	\N
554	70	15	2025-11-03 00:00:00	2025	801	CONSUMED	23	2026-02-05 06:43:55.647	2026-02-13 05:43:39.393	65	251103-11-15101907-243	\N
555	69	15	2025-11-03 00:00:00	2025	805	CONSUMED	23	2026-02-05 06:43:55.656	2026-02-13 05:43:39.393	65	251103-11-15101907-243	\N
556	68	15	2025-11-03 00:00:00	2025	802	CONSUMED	23	2026-02-05 06:43:55.666	2026-02-13 05:43:39.393	65	251103-11-15101907-243	\N
557	67	15	2025-11-03 00:00:00	2025	804	CONSUMED	23	2026-02-05 06:43:55.676	2026-02-13 05:43:39.393	65	251103-11-15101907-243	\N
558	66	15	2025-11-03 00:00:00	2025	803	CONSUMED	23	2026-02-05 06:43:55.686	2026-02-13 05:43:39.393	65	251103-11-15101907-243	\N
559	65	15	2025-11-03 00:00:00	2025	804	CONSUMED	23	2026-02-05 06:43:55.697	2026-02-13 05:43:39.393	65	251103-11-15101907-243	\N
560	64	15	2025-11-03 00:00:00	2025	946	CONSUMED	23	2026-02-05 06:43:55.706	2026-02-13 05:43:39.393	66	251103-11-15101907-244	\N
561	63	15	2025-11-03 00:00:00	2025	801	CONSUMED	23	2026-02-05 06:43:55.716	2026-02-13 05:43:39.393	63	251103-11-15101907-241	\N
562	62	15	2025-11-03 00:00:00	2025	836	CONSUMED	23	2026-02-05 06:43:55.733	2026-02-13 05:43:39.393	63	251103-11-15101907-241	\N
563	61	15	2025-11-03 00:00:00	2025	881	CONSUMED	23	2026-02-05 06:43:55.743	2026-02-13 05:43:39.393	63	251103-11-15101907-241	\N
564	60	15	2025-11-03 00:00:00	2025	870	CONSUMED	23	2026-02-05 06:43:55.753	2026-02-13 05:43:39.393	63	251103-11-15101907-241	\N
565	59	15	2025-11-03 00:00:00	2025	808	CONSUMED	23	2026-02-05 06:43:55.763	2026-02-13 05:43:39.393	63	251103-11-15101907-241	\N
566	58	15	2025-10-31 00:00:00	2025	826	CONSUMED	23	2026-02-05 06:43:55.774	2026-02-13 05:43:39.393	54	251031-11-15313791-151	\N
567	57	15	2025-10-31 00:00:00	2025	802	CONSUMED	23	2026-02-05 06:43:55.784	2026-02-13 05:43:39.393	54	251031-11-15313791-151	\N
568	56	15	2025-10-31 00:00:00	2025	801	CONSUMED	23	2026-02-05 06:43:55.795	2026-02-13 05:43:39.393	54	251031-11-15313791-151	\N
569	55	15	2025-10-31 00:00:00	2025	803	CONSUMED	23	2026-02-05 06:43:55.856	2026-02-13 05:43:39.393	54	251031-11-15313791-151	\N
570	54	15	2025-10-31 00:00:00	2025	802	CONSUMED	23	2026-02-05 06:43:55.866	2026-02-13 05:43:39.393	54	251031-11-15313791-151	\N
571	53	15	2025-10-31 00:00:00	2025	801	CONSUMED	23	2026-02-05 06:43:55.877	2026-02-13 05:43:39.393	54	251031-11-15313791-151	\N
572	52	15	2025-10-31 00:00:00	2025	802	CONSUMED	23	2026-02-05 06:43:55.887	2026-02-13 05:43:39.393	54	251031-11-15313791-151	\N
573	51	15	2025-10-31 00:00:00	2025	802	CONSUMED	23	2026-02-05 06:43:55.897	2026-02-13 05:43:39.393	54	251031-11-15313791-151	\N
574	50	15	2025-10-31 00:00:00	2025	801	CONSUMED	23	2026-02-05 06:43:55.907	2026-02-13 05:43:39.393	54	251031-11-15313791-151	\N
575	49	15	2025-10-31 00:00:00	2025	801	CONSUMED	23	2026-02-05 06:43:55.917	2026-02-13 05:43:39.393	54	251031-11-15313791-151	\N
576	48	15	2025-10-31 00:00:00	2025	802	CONSUMED	23	2026-02-05 06:43:55.927	2026-02-13 05:43:39.393	54	251031-11-15313791-151	\N
577	47	15	2025-10-31 00:00:00	2025	802	CONSUMED	23	2026-02-05 06:43:55.936	2026-02-13 05:43:39.393	54	251031-11-15313791-151	\N
578	46	15	2025-10-31 00:00:00	2025	802	CONSUMED	23	2026-02-05 06:43:55.947	2026-02-13 05:43:39.393	54	251031-11-15313791-151	\N
579	45	15	2025-10-31 00:00:00	2025	801	CONSUMED	23	2026-02-05 06:43:55.956	2026-02-13 05:43:39.393	54	251031-11-15313791-151	\N
580	44	15	2025-10-31 00:00:00	2025	801	CONSUMED	23	2026-02-05 06:43:55.967	2026-02-13 05:43:39.393	54	251031-11-15313791-151	\N
581	43	15	2025-10-31 00:00:00	2025	802	CONSUMED	23	2026-02-05 06:43:55.978	2026-02-13 05:43:39.393	54	251031-11-15313791-151	\N
582	42	15	2025-10-31 00:00:00	2025	802	CONSUMED	23	2026-02-05 06:43:55.989	2026-02-13 05:43:39.393	54	251031-11-15313791-151	\N
583	41	15	2025-10-31 00:00:00	2025	802	CONSUMED	23	2026-02-05 06:43:55.999	2026-02-13 05:43:39.393	54	251031-11-15313791-151	\N
584	40	15	2025-10-31 00:00:00	2025	803	CONSUMED	23	2026-02-05 06:43:56.009	2026-02-13 05:43:39.393	54	251031-11-15313791-151	\N
585	39	15	2025-10-31 00:00:00	2025	800	CONSUMED	23	2026-02-05 06:43:56.019	2026-02-13 05:43:39.393	54	251031-11-15313791-151	\N
586	38	15	2025-10-31 00:00:00	2025	801	CONSUMED	23	2026-02-05 06:43:56.029	2026-02-13 05:43:39.393	54	251031-11-15313791-151	\N
587	37	15	2025-10-31 00:00:00	2025	800	CONSUMED	23	2026-02-05 06:43:56.039	2026-02-13 05:43:39.393	54	251031-11-15313791-151	\N
588	36	15	2025-10-31 00:00:00	2025	800	CONSUMED	23	2026-02-05 06:43:56.048	2026-02-13 05:43:39.393	54	251031-11-15313791-151	\N
589	35	15	2025-10-31 00:00:00	2025	801	CONSUMED	23	2026-02-05 06:43:56.058	2026-02-13 05:43:39.393	54	251031-11-15313791-151	\N
590	34	15	2025-10-31 00:00:00	2025	801	CONSUMED	23	2026-02-05 06:43:56.068	2026-02-13 05:43:39.393	54	251031-11-15313791-151	\N
591	33	15	2025-10-31 00:00:00	2025	801	CONSUMED	23	2026-02-05 06:43:56.078	2026-02-13 05:43:39.393	54	251031-11-15313791-151	\N
592	32	15	2025-10-31 00:00:00	2025	801	CONSUMED	23	2026-02-05 06:43:56.088	2026-02-13 05:43:39.393	54	251031-11-15313791-151	\N
593	31	15	2025-10-31 00:00:00	2025	801	CONSUMED	23	2026-02-05 06:43:56.098	2026-02-13 05:43:39.393	45	251031-11-15101754-83	\N
594	30	15	2025-10-31 00:00:00	2025	802	CONSUMED	23	2026-02-05 06:43:56.108	2026-02-13 05:43:39.393	45	251031-11-15101754-83	\N
595	29	15	2025-10-31 00:00:00	2025	800	CONSUMED	23	2026-02-05 06:43:56.119	2026-02-13 05:43:39.393	45	251031-11-15101754-83	\N
596	28	15	2025-10-31 00:00:00	2025	802	CONSUMED	23	2026-02-05 06:43:56.129	2026-02-13 05:43:39.393	45	251031-11-15101754-83	\N
597	27	15	2025-10-31 00:00:00	2025	802	CONSUMED	23	2026-02-05 06:43:56.139	2026-02-13 05:43:39.393	45	251031-11-15101754-83	\N
598	26	15	2025-10-31 00:00:00	2025	802	CONSUMED	23	2026-02-05 06:43:56.15	2026-02-13 05:43:39.393	45	251031-11-15101754-83	\N
599	25	15	2025-10-31 00:00:00	2025	801	CONSUMED	23	2026-02-05 06:43:56.16	2026-02-13 05:43:39.393	45	251031-11-15101754-83	\N
600	24	15	2025-10-31 00:00:00	2025	802	CONSUMED	23	2026-02-05 06:43:56.17	2026-02-13 05:43:39.393	45	251031-11-15101754-83	\N
601	23	15	2025-10-31 00:00:00	2025	801	CONSUMED	23	2026-02-05 06:43:56.18	2026-02-13 05:43:39.393	45	251031-11-15101754-83	\N
602	22	15	2025-10-31 00:00:00	2025	802	CONSUMED	23	2026-02-05 06:43:56.189	2026-02-13 05:43:39.393	45	251031-11-15101754-83	\N
613	11	15	2025-10-23 00:00:00	2025	804	CONSUMED	23	2026-02-05 06:43:56.317	2026-02-13 05:43:39.393	68	251023-11-15101907-246	\N
614	10	15	2025-10-23 00:00:00	2025	803	CONSUMED	23	2026-02-05 06:43:56.328	2026-02-13 05:43:39.393	68	251023-11-15101907-246	\N
621	3	15	2025-10-23 00:00:00	2025	803	CONSUMED	23	2026-02-05 06:43:56.401	2026-02-13 05:43:39.393	68	251023-11-15101907-246	\N
744	181	14	2025-10-31 00:00:00	2025	802	CONSUMED	24	2026-02-05 06:43:57.861	2026-02-13 05:45:07.348	43	251031-11-15101754-81	\N
752	173	14	2025-10-31 00:00:00	2025	802	CONSUMED	24	2026-02-05 06:43:57.944	2026-02-13 05:45:07.348	43	251031-11-15101754-81	\N
1131	33	13	2025-11-11 00:00:00	2025	804	CONSUMED	30	2026-02-05 08:14:19.85	2026-02-13 06:03:59.669	55	251111-11-15313793-161	\N
1132	34	13	2025-11-11 00:00:00	2025	805	CONSUMED	30	2026-02-05 08:14:19.862	2026-02-13 06:03:59.669	55	251111-11-15313793-161	\N
1133	35	13	2025-11-11 00:00:00	2025	804	CONSUMED	30	2026-02-05 08:14:19.874	2026-02-13 06:03:59.669	55	251111-11-15313793-161	\N
1134	36	13	2025-11-11 00:00:00	2025	806	CONSUMED	30	2026-02-05 08:14:19.888	2026-02-13 06:03:59.669	55	251111-11-15313793-161	\N
1135	37	13	2025-11-11 00:00:00	2025	804	CONSUMED	30	2026-02-05 08:14:19.901	2026-02-13 06:03:59.669	75	251111-11-15101897-301	\N
1136	38	13	2025-11-11 00:00:00	2025	801	CONSUMED	30	2026-02-05 08:14:19.914	2026-02-13 06:03:59.669	75	251111-11-15101897-301	\N
1137	39	13	2025-11-11 00:00:00	2025	802	CONSUMED	30	2026-02-05 08:14:19.928	2026-02-13 06:03:59.669	75	251111-11-15101897-301	\N
1149	51	13	2025-11-11 00:00:00	2025	801	CONSUMED	31	2026-02-05 08:14:20.09	2026-02-13 06:11:26.859	67	251111-11-15101907-245	\N
1152	54	13	2025-11-11 00:00:00	2025	727	CONSUMED	31	2026-02-05 08:14:20.134	2026-02-13 06:11:26.859	67	251111-11-15101907-245	\N
1153	55	13	2025-11-11 00:00:00	2025	804	CONSUMED	31	2026-02-05 08:14:20.148	2026-02-13 06:11:26.859	147	251111-11-15317458-534	\N
1154	56	13	2025-11-11 00:00:00	2025	810	CONSUMED	31	2026-02-05 08:14:20.162	2026-02-13 06:11:26.859	147	251111-11-15317458-534	\N
1155	57	13	2025-11-11 00:00:00	2025	805	CONSUMED	31	2026-02-05 08:14:20.176	2026-02-13 06:11:26.859	147	251111-11-15317458-534	\N
1156	58	13	2025-11-11 00:00:00	2025	812	CONSUMED	31	2026-02-05 08:14:20.189	2026-02-13 06:11:26.859	147	251111-11-15317458-534	\N
1157	59	13	2025-11-11 00:00:00	2025	806	CONSUMED	31	2026-02-05 08:14:20.203	2026-02-13 06:11:26.859	147	251111-11-15317458-534	\N
1158	60	13	2025-11-11 00:00:00	2025	481	CONSUMED	31	2026-02-05 08:14:20.216	2026-02-13 06:11:26.859	147	251111-11-15317458-534	\N
1159	61	13	2025-11-11 00:00:00	2025	809	CONSUMED	31	2026-02-05 08:14:20.229	2026-02-13 06:11:26.859	147	251111-11-15317458-534	\N
1160	62	13	2025-11-11 00:00:00	2025	803	CONSUMED	31	2026-02-05 08:14:20.243	2026-02-13 06:11:26.859	146	251111-11-15317458-533	\N
1161	63	13	2025-11-11 00:00:00	2025	805	CONSUMED	31	2026-02-05 08:14:20.256	2026-02-13 06:11:26.859	146	251111-11-15317458-533	\N
471	153	15	2025-11-12 00:00:00	2025	804	CONSUMED	32	2026-02-05 06:43:54.794	2026-02-13 06:18:45.644	148	251112-11-15316438-541	\N
472	152	15	2025-11-12 00:00:00	2025	804	CONSUMED	32	2026-02-05 06:43:54.804	2026-02-13 06:18:45.644	148	251112-11-15316438-541	\N
474	150	15	2025-11-12 00:00:00	2025	805	CONSUMED	32	2026-02-05 06:43:54.824	2026-02-13 06:18:45.644	148	251112-11-15316438-541	\N
1029	2	16	2025-11-10 00:00:00	2025	802	AVAILABLE	\N	2026-02-05 06:44:01.068	2026-02-20 06:04:37.318	47	251110-11-15101754-85	\N
106	197	17	2025-11-17 00:00:00	2025	813	CONSUMED	36	2026-02-05 06:43:50.936	2026-02-19 04:50:35.886	84	251117-11-15314280-361	\N
108	195	17	2025-11-17 00:00:00	2025	809	CONSUMED	36	2026-02-05 06:43:50.956	2026-02-19 04:50:35.886	84	251117-11-15314280-361	\N
296	5	17	2025-10-24 00:00:00	2025	65	CONSUMED	38	2026-02-05 06:43:52.953	2026-02-19 05:46:18.516	130	251024-11-15105783-431	\N
300	1	17	2025-10-24 00:00:00	2025	697	CONSUMED	38	2026-02-05 06:43:52.994	2026-02-19 05:46:18.516	130	251024-11-15105783-431	\N
297	4	17	2025-10-24 00:00:00	2025	709	CONSUMED	39	2026-02-05 06:43:52.963	2026-02-19 05:47:43.48	130	251024-11-15105783-431	\N
298	3	17	2025-10-24 00:00:00	2025	764	CONSUMED	39	2026-02-05 06:43:52.974	2026-02-19 05:47:43.48	130	251024-11-15105783-431	\N
299	2	17	2025-10-24 00:00:00	2025	701	CONSUMED	39	2026-02-05 06:43:52.984	2026-02-19 05:47:43.48	130	251024-11-15105783-431	\N
2143	6	12	2025-11-03 00:00:00	2025	360	CONSUMED	68	2026-02-13 06:45:55.395	2026-02-20 05:15:12.583	36	251103-12-15101553-37	\N
2144	71	13	2025-11-18 00:00:00	2025	800	CONSUMED	40	2026-02-19 07:24:49.786	2026-02-19 07:28:54.896	57	251118-11-15315627-181	\N
2145	72	13	2025-11-18 00:00:00	2025	800	CONSUMED	40	2026-02-19 07:24:49.818	2026-02-19 07:28:54.896	57	251118-11-15315627-181	\N
2146	73	13	2025-11-18 00:00:00	2025	800	CONSUMED	40	2026-02-19 07:24:49.831	2026-02-19 07:28:54.896	57	251118-11-15315627-181	\N
2147	74	13	2025-11-18 00:00:00	2025	800	CONSUMED	40	2026-02-19 07:24:49.845	2026-02-19 07:28:54.896	57	251118-11-15315627-181	\N
2148	75	13	2025-11-18 00:00:00	2025	800	CONSUMED	40	2026-02-19 07:24:49.858	2026-02-19 07:28:54.896	57	251118-11-15315627-181	\N
2149	76	13	2025-11-18 00:00:00	2025	800	CONSUMED	40	2026-02-19 07:24:49.871	2026-02-19 07:28:54.896	57	251118-11-15315627-181	\N
2150	77	13	2025-11-18 00:00:00	2025	720	CONSUMED	40	2026-02-19 07:24:49.884	2026-02-19 07:28:54.896	57	251118-11-15315627-181	\N
460	164	15	2025-11-11 00:00:00	2025	804	CONSUMED	41	2026-02-05 06:43:54.682	2026-02-19 07:33:07.879	83	251111-11-15101846-345	\N
461	163	15	2025-11-11 00:00:00	2025	800	CONSUMED	41	2026-02-05 06:43:54.692	2026-02-19 07:33:07.879	83	251111-11-15101846-345	\N
462	162	15	2025-11-11 00:00:00	2025	802	CONSUMED	41	2026-02-05 06:43:54.702	2026-02-19 07:33:07.879	83	251111-11-15101846-345	\N
463	161	15	2025-11-11 00:00:00	2025	798	CONSUMED	41	2026-02-05 06:43:54.712	2026-02-19 07:33:07.879	83	251111-11-15101846-345	\N
464	160	15	2025-11-11 00:00:00	2025	804	CONSUMED	41	2026-02-05 06:43:54.723	2026-02-19 07:33:07.879	83	251111-11-15101846-345	\N
2162	89	13	2025-11-19 00:00:00	2025	800	CONSUMED	42	2026-02-19 08:00:36.3	2026-02-23 05:47:30.506	154	251119-11-15317513-601	\N
2163	90	13	2025-11-19 00:00:00	2025	800	CONSUMED	42	2026-02-19 08:01:26.5	2026-02-23 05:47:30.506	154	251119-11-15317513-601	\N
2164	91	13	2025-11-19 00:00:00	2025	800	CONSUMED	42	2026-02-19 08:01:50.888	2026-02-23 05:47:30.506	154	251119-11-15317513-601	\N
2170	301	13	2025-12-08 00:00:00	2025	803	CONSUMED	81	2026-02-19 08:09:20.773	2026-02-20 05:56:25.219	57	251208-11-15315627-181	\N
2171	302	13	2025-12-08 00:00:00	2025	803	CONSUMED	81	2026-02-19 08:10:16.257	2026-02-20 05:56:25.219	57	251208-11-15315627-181	\N
2172	303	13	2025-12-08 00:00:00	2025	803	CONSUMED	81	2026-02-19 08:10:33.407	2026-02-20 05:56:25.219	57	251208-11-15315627-181	\N
2173	304	13	2025-12-08 00:00:00	2025	803	CONSUMED	81	2026-02-19 08:11:28.387	2026-02-20 05:56:25.219	57	251208-11-15315627-181	\N
2174	305	13	2025-12-08 00:00:00	2025	803	CONSUMED	81	2026-02-19 08:12:02.746	2026-02-20 05:56:25.219	57	251208-11-15315627-181	\N
2185	198	15	2025-12-09 00:00:00	2025	806	AVAILABLE	\N	2026-02-19 08:47:59.399	2026-02-19 08:47:59.399	95	251209-11-15103885-417	\N
2186	199	15	2025-12-09 00:00:00	2025	805	AVAILABLE	\N	2026-02-19 08:48:21.285	2026-02-19 08:48:21.285	95	251209-11-15103885-417	\N
2187	200	15	2025-12-09 00:00:00	2025	804	AVAILABLE	\N	2026-02-19 08:48:39.398	2026-02-19 08:48:39.398	95	251209-11-15103885-417	\N
2151	78	13	2025-11-18 00:00:00	2025	810	CONSUMED	42	2026-02-19 07:24:49.898	2026-02-20 01:38:13.091	152	251118-11-15107167-581	\N
2152	79	13	2025-11-18 00:00:00	2025	810	CONSUMED	42	2026-02-19 07:24:49.911	2026-02-20 01:38:13.091	152	251118-11-15107167-581	\N
2153	80	13	2025-11-18 00:00:00	2025	810	CONSUMED	42	2026-02-19 07:24:49.923	2026-02-20 01:38:13.091	152	251118-11-15107167-581	\N
2154	81	13	2025-11-18 00:00:00	2025	810	CONSUMED	42	2026-02-19 07:24:49.936	2026-02-20 01:38:13.091	152	251118-11-15107167-581	\N
2155	82	13	2025-11-18 00:00:00	2025	810	CONSUMED	42	2026-02-19 07:24:49.948	2026-02-20 01:38:13.091	152	251118-11-15107167-581	\N
2156	83	13	2025-11-18 00:00:00	2025	810	CONSUMED	42	2026-02-19 07:24:49.961	2026-02-20 01:38:13.091	152	251118-11-15107167-581	\N
2157	84	13	2025-11-18 00:00:00	2025	810	CONSUMED	42	2026-02-19 07:24:49.973	2026-02-20 01:38:13.091	152	251118-11-15107167-581	\N
2158	85	13	2025-11-18 00:00:00	2025	810	CONSUMED	42	2026-02-19 07:24:49.988	2026-02-20 01:38:13.091	152	251118-11-15107167-581	\N
2159	86	13	2025-11-18 00:00:00	2025	810	CONSUMED	42	2026-02-19 07:24:50.013	2026-02-20 01:38:13.091	152	251118-11-15107167-581	\N
2160	87	13	2025-11-18 00:00:00	2025	810	CONSUMED	42	2026-02-19 07:24:50.029	2026-02-20 01:38:13.091	152	251118-11-15107167-581	\N
2161	88	13	2025-11-18 00:00:00	2025	770	CONSUMED	42	2026-02-19 07:24:50.042	2026-02-20 01:38:13.091	152	251118-11-15107167-581	\N
2175	306	13	2025-12-08 00:00:00	2025	805	CONSUMED	81	2026-02-19 08:12:37.742	2026-02-20 05:56:25.219	57	251208-11-15315627-181	\N
498	126	15	2025-11-11 00:00:00	2025	801	CONSUMED	59	2026-02-05 06:43:55.073	2026-02-20 02:31:01.277	64	251111-11-15101907-242	\N
2167	94	13	2025-11-28 00:00:00	2025	773	CONSUMED	48	2026-02-19 08:04:10.429	2026-02-23 06:02:21.013	62	251128-11-15101283-231	\N
2168	95	13	2025-11-28 00:00:00	2025	804	CONSUMED	48	2026-02-19 08:04:37.027	2026-02-23 06:02:21.013	62	251128-11-15101283-231	\N
2169	96	13	2026-02-19 00:00:00	2025	830	CONSUMED	48	2026-02-19 08:05:11.439	2026-02-23 06:02:21.013	62	260219-11-15101283-231	\N
98	205	17	2025-11-19 00:00:00	2025	896	CONSUMED	45	2026-02-05 06:43:50.854	2026-02-20 01:42:23.121	87	251119-11-15100914-391	\N
100	203	17	2025-11-19 00:00:00	2025	901	CONSUMED	45	2026-02-05 06:43:50.875	2026-02-20 01:42:23.121	87	251119-11-15100914-391	\N
102	201	17	2025-11-19 00:00:00	2025	900	CONSUMED	45	2026-02-05 06:43:50.895	2026-02-20 01:42:23.121	87	251119-11-15100914-391	\N
104	199	17	2025-11-19 00:00:00	2025	897	CONSUMED	45	2026-02-05 06:43:50.915	2026-02-20 01:42:23.121	87	251119-11-15100914-391	\N
1163	65	13	2025-11-12 00:00:00	2025	806	CONSUMED	47	2026-02-05 08:14:20.283	2026-02-20 01:53:05.931	57	251112-11-15315627-181	\N
1164	66	13	2025-11-12 00:00:00	2025	806	CONSUMED	47	2026-02-05 08:14:20.296	2026-02-20 01:53:05.931	57	251112-11-15315627-181	\N
1165	67	13	2025-11-12 00:00:00	2025	805	CONSUMED	47	2026-02-05 08:14:20.309	2026-02-20 01:53:05.931	57	251112-11-15315627-181	\N
1166	68	13	2025-11-12 00:00:00	2025	806	CONSUMED	47	2026-02-05 08:14:20.322	2026-02-20 01:53:05.931	57	251112-11-15315627-181	\N
1167	69	13	2025-11-12 00:00:00	2025	805	CONSUMED	47	2026-02-05 08:14:20.336	2026-02-20 01:53:05.931	57	251112-11-15315627-181	\N
2176	307	13	2025-12-08 00:00:00	2025	800	CONSUMED	57	2026-02-19 08:13:50.89	2026-02-20 02:10:13.705	155	251208-11-15104758-611	\N
2177	308	13	2025-12-08 00:00:00	2025	800	CONSUMED	57	2026-02-19 08:14:47.716	2026-02-20 02:10:13.705	155	251208-11-15104758-611	\N
2178	309	13	2025-12-08 00:00:00	2025	800	CONSUMED	57	2026-02-19 08:15:12.844	2026-02-20 02:10:13.705	155	251208-11-15104758-611	\N
2179	310	13	2025-12-08 00:00:00	2025	800	CONSUMED	57	2026-02-19 08:15:33.105	2026-02-20 02:10:13.705	155	251208-11-15104758-611	\N
2180	311	13	2025-12-08 00:00:00	2025	800	CONSUMED	57	2026-02-19 08:15:59.794	2026-02-20 02:10:13.705	155	251208-11-15104758-611	\N
2181	312	13	2025-12-08 00:00:00	2025	800	CONSUMED	57	2026-02-19 08:16:23.703	2026-02-20 02:10:13.705	155	251208-11-15104758-611	\N
2182	313	13	2025-12-08 00:00:00	2025	800	CONSUMED	57	2026-02-19 08:16:57.458	2026-02-20 02:10:13.705	155	251208-11-15104758-611	\N
2183	314	13	2025-12-08 00:00:00	2025	800	CONSUMED	57	2026-02-19 08:17:23.99	2026-02-20 02:10:13.705	155	251208-11-15104758-611	\N
2184	315	13	2026-02-19 00:00:00	2025	740	CONSUMED	57	2026-02-19 08:18:09.897	2026-02-20 02:10:13.705	155	260219-11-15104758-611	\N
481	143	15	2025-11-11 00:00:00	2025	803	CONSUMED	59	2026-02-05 06:43:54.898	2026-02-20 02:31:01.277	69	251111-11-15101907-247	\N
482	142	15	2025-11-11 00:00:00	2025	803	CONSUMED	59	2026-02-05 06:43:54.909	2026-02-20 02:31:01.277	69	251111-11-15101907-247	\N
483	141	15	2025-11-11 00:00:00	2025	736	CONSUMED	59	2026-02-05 06:43:54.919	2026-02-20 02:31:01.277	69	251111-11-15101907-247	\N
484	140	15	2025-11-11 00:00:00	2025	806	CONSUMED	59	2026-02-05 06:43:54.93	2026-02-20 02:31:01.277	69	251111-11-15101907-247	\N
485	139	15	2025-11-11 00:00:00	2025	800	CONSUMED	59	2026-02-05 06:43:54.94	2026-02-20 02:31:01.277	75	251111-11-15101897-301	\N
486	138	15	2025-11-11 00:00:00	2025	800	CONSUMED	59	2026-02-05 06:43:54.95	2026-02-20 02:31:01.277	75	251111-11-15101897-301	\N
487	137	15	2025-11-11 00:00:00	2025	800	CONSUMED	59	2026-02-05 06:43:54.96	2026-02-20 02:31:01.277	75	251111-11-15101897-301	\N
488	136	15	2025-11-11 00:00:00	2025	800	CONSUMED	59	2026-02-05 06:43:54.97	2026-02-20 02:31:01.277	75	251111-11-15101897-301	\N
489	135	15	2025-11-11 00:00:00	2025	799	CONSUMED	59	2026-02-05 06:43:54.98	2026-02-20 02:31:01.277	75	251111-11-15101897-301	\N
490	134	15	2025-11-11 00:00:00	2025	799	CONSUMED	59	2026-02-05 06:43:54.991	2026-02-20 02:31:01.277	75	251111-11-15101897-301	\N
491	133	15	2025-11-11 00:00:00	2025	799	CONSUMED	59	2026-02-05 06:43:55.002	2026-02-20 02:31:01.277	75	251111-11-15101897-301	\N
492	132	15	2025-11-11 00:00:00	2025	800	CONSUMED	59	2026-02-05 06:43:55.012	2026-02-20 02:31:01.277	75	251111-11-15101897-301	\N
493	131	15	2025-11-11 00:00:00	2025	800	CONSUMED	59	2026-02-05 06:43:55.023	2026-02-20 02:31:01.277	75	251111-11-15101897-301	\N
494	130	15	2025-11-11 00:00:00	2025	799	CONSUMED	59	2026-02-05 06:43:55.033	2026-02-20 02:31:01.277	75	251111-11-15101897-301	\N
495	129	15	2025-11-11 00:00:00	2025	801	CONSUMED	59	2026-02-05 06:43:55.043	2026-02-20 02:31:01.277	64	251111-11-15101907-242	\N
496	128	15	2025-11-11 00:00:00	2025	800	CONSUMED	59	2026-02-05 06:43:55.053	2026-02-20 02:31:01.277	64	251111-11-15101907-242	\N
497	127	15	2025-11-11 00:00:00	2025	800	CONSUMED	59	2026-02-05 06:43:55.063	2026-02-20 02:31:01.277	64	251111-11-15101907-242	\N
38	7	12	2025-11-10 00:00:00	2025	805	CONSUMED	62	2026-02-05 06:43:50.202	2026-02-20 02:36:05.949	61	251110-12-15314433-221	\N
2165	92	13	2025-11-19 00:00:00	2025	800	CONSUMED	42	2026-02-19 08:02:15.879	2026-02-23 05:47:30.506	154	251119-11-15317513-601	\N
2166	93	13	2025-11-19 00:00:00	2025	580	CONSUMED	42	2026-02-19 08:02:55.78	2026-02-23 05:47:30.506	154	251119-11-15317513-601	\N
1344	276	13	2025-11-19 00:00:00	2025	801	CONSUMED	64	2026-02-05 08:14:22.857	2026-02-20 02:38:36.398	101	251119-11-15103885-4113	\N
1345	277	13	2025-11-19 00:00:00	2025	801	CONSUMED	64	2026-02-05 08:14:22.87	2026-02-20 02:38:36.398	101	251119-11-15103885-4113	\N
1346	278	13	2025-11-19 00:00:00	2025	801	CONSUMED	64	2026-02-05 08:14:22.883	2026-02-20 02:38:36.398	101	251119-11-15103885-4113	\N
1347	279	13	2025-11-19 00:00:00	2025	802	CONSUMED	64	2026-02-05 08:14:22.896	2026-02-20 02:38:36.398	101	251119-11-15103885-4113	\N
1348	280	13	2025-11-19 00:00:00	2025	801	CONSUMED	64	2026-02-05 08:14:22.909	2026-02-20 02:38:36.398	101	251119-11-15103885-4113	\N
1349	281	13	2025-11-19 00:00:00	2025	803	CONSUMED	64	2026-02-05 08:14:22.921	2026-02-20 02:38:36.398	101	251119-11-15103885-4113	\N
1350	282	13	2025-11-19 00:00:00	2025	802	CONSUMED	64	2026-02-05 08:14:22.934	2026-02-20 02:38:36.398	101	251119-11-15103885-4113	\N
1351	283	13	2025-11-19 00:00:00	2025	801	CONSUMED	64	2026-02-05 08:14:22.947	2026-02-20 02:38:36.398	101	251119-11-15103885-4113	\N
1352	284	13	2025-11-19 00:00:00	2025	802	CONSUMED	64	2026-02-05 08:14:22.961	2026-02-20 02:38:36.398	101	251119-11-15103885-4113	\N
1353	285	13	2025-11-19 00:00:00	2025	802	CONSUMED	64	2026-02-05 08:14:22.975	2026-02-20 02:38:36.398	109	251119-11-15103885-4121	\N
1354	286	13	2025-11-19 00:00:00	2025	801	CONSUMED	64	2026-02-05 08:14:22.988	2026-02-20 02:38:36.398	109	251119-11-15103885-4121	\N
1355	287	13	2025-11-19 00:00:00	2025	801	CONSUMED	64	2026-02-05 08:14:23	2026-02-20 02:38:36.398	109	251119-11-15103885-4121	\N
1356	288	13	2025-11-19 00:00:00	2025	801	CONSUMED	64	2026-02-05 08:14:23.013	2026-02-20 02:38:36.398	109	251119-11-15103885-4121	\N
1357	289	13	2025-11-19 00:00:00	2025	801	CONSUMED	64	2026-02-05 08:14:23.026	2026-02-20 02:38:36.398	109	251119-11-15103885-4121	\N
1358	290	13	2025-11-19 00:00:00	2025	800	CONSUMED	64	2026-02-05 08:14:23.039	2026-02-20 02:38:36.398	109	251119-11-15103885-4121	\N
1359	291	13	2025-11-19 00:00:00	2025	799	CONSUMED	64	2026-02-05 08:14:23.052	2026-02-20 02:38:36.398	109	251119-11-15103885-4121	\N
1360	292	13	2025-11-19 00:00:00	2025	800	CONSUMED	64	2026-02-05 08:14:23.064	2026-02-20 02:38:36.398	109	251119-11-15103885-4121	\N
2193	78	12	2025-12-09 00:00:00	2025	1006	AVAILABLE	\N	2026-02-20 04:57:14.512	2026-02-20 04:57:14.512	156	251209-12-15101318-621	\N
667	258	14	2025-11-11 00:00:00	2025	800	CONSUMED	69	2026-02-05 06:43:56.909	2026-02-20 05:22:41.934	75	251111-11-15101897-301	\N
668	257	14	2025-11-11 00:00:00	2025	799	CONSUMED	69	2026-02-05 06:43:56.932	2026-02-20 05:22:41.934	75	251111-11-15101897-301	\N
669	256	14	2025-11-11 00:00:00	2025	799	CONSUMED	69	2026-02-05 06:43:56.965	2026-02-20 05:22:41.934	75	251111-11-15101897-301	\N
670	255	14	2025-11-10 00:00:00	2025	811	CONSUMED	69	2026-02-05 06:43:56.998	2026-02-20 05:22:41.934	53	251110-11-15314142-141	\N
2188	259	17	2025-11-28 00:00:00	2025	797	CONSUMED	73	2026-02-20 02:55:31.938	2026-02-23 07:30:03.938	37	251128-11-15101553-38	\N
2189	260	17	2025-11-28 00:00:00	2025	800	CONSUMED	73	2026-02-20 02:56:01.131	2026-02-23 07:30:03.938	37	251128-11-15101553-38	\N
2190	261	17	2025-11-28 00:00:00	2025	798	CONSUMED	73	2026-02-20 02:56:25.967	2026-02-23 07:30:03.938	37	251128-11-15101553-38	\N
2191	262	17	2025-11-28 00:00:00	2025	801	CONSUMED	73	2026-02-20 02:56:53.484	2026-02-23 07:30:03.938	37	251128-11-15101553-38	\N
2192	263	17	2025-11-28 00:00:00	2025	799	CONSUMED	73	2026-02-20 02:57:14.01	2026-02-23 07:30:03.938	37	251128-11-15101553-38	\N
1314	246	13	2025-11-19 00:00:00	2025	804	CONSUMED	64	2026-02-05 08:14:22.467	2026-02-23 07:17:10.347	105	251119-11-15103885-4117	\N
677	248	14	2025-11-10 00:00:00	2025	805	CONSUMED	70	2026-02-05 06:43:57.15	2026-02-20 05:28:02.204	53	251110-11-15314142-141	\N
678	247	14	2025-11-10 00:00:00	2025	809	CONSUMED	70	2026-02-05 06:43:57.168	2026-02-20 05:28:02.204	53	251110-11-15314142-141	\N
1315	247	13	2025-11-19 00:00:00	2025	804	CONSUMED	64	2026-02-05 08:14:22.48	2026-02-23 07:17:10.347	105	251119-11-15103885-4117	\N
1316	248	13	2025-11-19 00:00:00	2025	805	CONSUMED	64	2026-02-05 08:14:22.493	2026-02-23 07:17:10.347	105	251119-11-15103885-4117	\N
1317	249	13	2025-11-19 00:00:00	2025	803	CONSUMED	64	2026-02-05 08:14:22.506	2026-02-23 07:17:10.347	105	251119-11-15103885-4117	\N
1318	250	13	2025-11-19 00:00:00	2025	804	CONSUMED	64	2026-02-05 08:14:22.52	2026-02-23 07:17:10.347	105	251119-11-15103885-4117	\N
1319	251	13	2025-11-19 00:00:00	2025	805	CONSUMED	64	2026-02-05 08:14:22.533	2026-02-23 07:17:10.347	105	251119-11-15103885-4117	\N
1320	252	13	2025-11-19 00:00:00	2025	804	CONSUMED	64	2026-02-05 08:14:22.547	2026-02-23 07:17:10.347	105	251119-11-15103885-4117	\N
1321	253	13	2025-11-19 00:00:00	2025	806	CONSUMED	64	2026-02-05 08:14:22.559	2026-02-23 07:17:10.347	105	251119-11-15103885-4117	\N
1323	255	13	2025-11-19 00:00:00	2025	804	CONSUMED	64	2026-02-05 08:14:22.584	2026-02-23 07:17:10.347	105	251119-11-15103885-4117	\N
1324	256	13	2025-11-19 00:00:00	2025	806	CONSUMED	64	2026-02-05 08:14:22.596	2026-02-23 07:17:10.347	105	251119-11-15103885-4117	\N
1325	257	13	2025-11-19 00:00:00	2025	804	CONSUMED	64	2026-02-05 08:14:22.608	2026-02-23 07:17:10.347	105	251119-11-15103885-4117	\N
1326	258	13	2025-11-19 00:00:00	2025	804	CONSUMED	64	2026-02-05 08:14:22.621	2026-02-23 07:17:10.347	105	251119-11-15103885-4117	\N
1327	259	13	2025-11-19 00:00:00	2025	805	CONSUMED	64	2026-02-05 08:14:22.634	2026-02-23 07:17:10.347	105	251119-11-15103885-4117	\N
1328	260	13	2025-11-19 00:00:00	2025	803	CONSUMED	64	2026-02-05 08:14:22.647	2026-02-23 07:17:10.347	105	251119-11-15103885-4117	\N
671	254	14	2025-11-10 00:00:00	2025	806	CONSUMED	70	2026-02-05 06:43:57.038	2026-02-20 05:28:02.204	53	251110-11-15314142-141	\N
672	253	14	2025-11-10 00:00:00	2025	805	CONSUMED	70	2026-02-05 06:43:57.092	2026-02-20 05:28:02.204	53	251110-11-15314142-141	\N
673	252	14	2025-11-10 00:00:00	2025	807	CONSUMED	70	2026-02-05 06:43:57.111	2026-02-20 05:28:02.204	53	251110-11-15314142-141	\N
674	251	14	2025-11-10 00:00:00	2025	808	CONSUMED	70	2026-02-05 06:43:57.121	2026-02-20 05:28:02.204	53	251110-11-15314142-141	\N
675	250	14	2025-11-10 00:00:00	2025	809	CONSUMED	70	2026-02-05 06:43:57.131	2026-02-20 05:28:02.204	53	251110-11-15314142-141	\N
676	249	14	2025-11-10 00:00:00	2025	810	CONSUMED	70	2026-02-05 06:43:57.14	2026-02-20 05:28:02.204	53	251110-11-15314142-141	\N
679	246	14	2025-11-10 00:00:00	2025	821	CONSUMED	70	2026-02-05 06:43:57.178	2026-02-20 05:28:02.204	53	251110-11-15314142-141	\N
680	245	14	2025-11-10 00:00:00	2025	807	CONSUMED	70	2026-02-05 06:43:57.187	2026-02-20 05:28:02.204	53	251110-11-15314142-141	\N
681	244	14	2025-11-10 00:00:00	2025	807	CONSUMED	70	2026-02-05 06:43:57.205	2026-02-20 05:28:02.204	53	251110-11-15314142-141	\N
682	243	14	2025-11-10 00:00:00	2025	806	CONSUMED	70	2026-02-05 06:43:57.216	2026-02-20 05:28:02.204	53	251110-11-15314142-141	\N
683	242	14	2025-11-10 00:00:00	2025	805	CONSUMED	70	2026-02-05 06:43:57.225	2026-02-20 05:28:02.204	53	251110-11-15314142-141	\N
684	241	14	2025-11-10 00:00:00	2025	806	CONSUMED	70	2026-02-05 06:43:57.236	2026-02-20 05:28:02.204	53	251110-11-15314142-141	\N
685	240	14	2025-11-10 00:00:00	2025	807	CONSUMED	70	2026-02-05 06:43:57.246	2026-02-20 05:28:02.204	53	251110-11-15314142-141	\N
686	239	14	2025-11-10 00:00:00	2025	806	CONSUMED	70	2026-02-05 06:43:57.256	2026-02-20 05:28:02.204	53	251110-11-15314142-141	\N
687	238	14	2025-11-10 00:00:00	2025	808	CONSUMED	70	2026-02-05 06:43:57.265	2026-02-20 05:28:02.204	53	251110-11-15314142-141	\N
688	237	14	2025-11-10 00:00:00	2025	808	CONSUMED	70	2026-02-05 06:43:57.276	2026-02-20 05:28:02.204	53	251110-11-15314142-141	\N
689	236	14	2025-11-10 00:00:00	2025	806	CONSUMED	70	2026-02-05 06:43:57.286	2026-02-20 05:28:02.204	53	251110-11-15314142-141	\N
690	235	14	2025-11-10 00:00:00	2025	806	CONSUMED	70	2026-02-05 06:43:57.296	2026-02-20 05:28:02.204	53	251110-11-15314142-141	\N
691	234	14	2025-11-10 00:00:00	2025	805	CONSUMED	70	2026-02-05 06:43:57.306	2026-02-20 05:28:02.204	53	251110-11-15314142-141	\N
692	233	14	2025-11-10 00:00:00	2025	807	CONSUMED	70	2026-02-05 06:43:57.316	2026-02-20 05:28:02.204	53	251110-11-15314142-141	\N
693	232	14	2025-11-10 00:00:00	2025	806	CONSUMED	70	2026-02-05 06:43:57.325	2026-02-20 05:28:02.204	53	251110-11-15314142-141	\N
694	231	14	2025-11-10 00:00:00	2025	806	CONSUMED	70	2026-02-05 06:43:57.335	2026-02-20 05:28:02.204	53	251110-11-15314142-141	\N
695	230	14	2025-11-10 00:00:00	2025	806	CONSUMED	70	2026-02-05 06:43:57.346	2026-02-20 05:28:02.204	53	251110-11-15314142-141	\N
696	229	14	2025-11-10 00:00:00	2025	806	CONSUMED	70	2026-02-05 06:43:57.357	2026-02-20 05:28:02.204	53	251110-11-15314142-141	\N
697	228	14	2025-11-10 00:00:00	2025	805	CONSUMED	70	2026-02-05 06:43:57.368	2026-02-20 05:28:02.204	53	251110-11-15314142-141	\N
698	227	14	2025-11-10 00:00:00	2025	809	CONSUMED	70	2026-02-05 06:43:57.378	2026-02-20 05:28:02.204	46	251110-11-15101754-84	\N
699	226	14	2025-11-10 00:00:00	2025	807	CONSUMED	70	2026-02-05 06:43:57.388	2026-02-20 05:28:02.204	46	251110-11-15101754-84	\N
700	225	14	2025-11-10 00:00:00	2025	806	CONSUMED	70	2026-02-05 06:43:57.405	2026-02-20 05:28:02.204	46	251110-11-15101754-84	\N
701	224	14	2025-11-10 00:00:00	2025	804	CONSUMED	70	2026-02-05 06:43:57.416	2026-02-20 05:28:02.204	46	251110-11-15101754-84	\N
702	223	14	2025-11-10 00:00:00	2025	804	CONSUMED	70	2026-02-05 06:43:57.426	2026-02-20 05:28:02.204	46	251110-11-15101754-84	\N
703	222	14	2025-11-10 00:00:00	2025	805	CONSUMED	70	2026-02-05 06:43:57.436	2026-02-20 05:28:02.204	46	251110-11-15101754-84	\N
505	119	15	2025-11-11 00:00:00	2025	802	CONSUMED	71	2026-02-05 06:43:55.145	2026-02-20 05:30:10.251	39	251111-11-15107154-41	\N
506	118	15	2025-11-11 00:00:00	2025	803	CONSUMED	71	2026-02-05 06:43:55.156	2026-02-20 05:30:10.251	39	251111-11-15107154-41	\N
507	117	15	2025-11-11 00:00:00	2025	804	CONSUMED	71	2026-02-05 06:43:55.166	2026-02-20 05:30:10.251	39	251111-11-15107154-41	\N
508	116	15	2025-11-11 00:00:00	2025	803	CONSUMED	71	2026-02-05 06:43:55.176	2026-02-20 05:30:10.251	39	251111-11-15107154-41	\N
509	115	15	2025-11-11 00:00:00	2025	805	CONSUMED	71	2026-02-05 06:43:55.188	2026-02-20 05:30:10.251	39	251111-11-15107154-41	\N
510	114	15	2025-11-11 00:00:00	2025	804	CONSUMED	71	2026-02-05 06:43:55.198	2026-02-20 05:30:10.251	39	251111-11-15107154-41	\N
511	113	15	2025-11-11 00:00:00	2025	804	CONSUMED	71	2026-02-05 06:43:55.208	2026-02-20 05:30:10.251	39	251111-11-15107154-41	\N
512	112	15	2025-11-11 00:00:00	2025	803	CONSUMED	71	2026-02-05 06:43:55.219	2026-02-20 05:30:10.251	39	251111-11-15107154-41	\N
513	111	15	2025-11-11 00:00:00	2025	804	CONSUMED	71	2026-02-05 06:43:55.228	2026-02-20 05:30:10.251	39	251111-11-15107154-41	\N
514	110	15	2025-11-11 00:00:00	2025	805	CONSUMED	71	2026-02-05 06:43:55.238	2026-02-20 05:30:10.251	39	251111-11-15107154-41	\N
515	109	15	2025-11-11 00:00:00	2025	804	CONSUMED	71	2026-02-05 06:43:55.248	2026-02-20 05:30:10.251	39	251111-11-15107154-41	\N
516	108	15	2025-11-11 00:00:00	2025	806	CONSUMED	71	2026-02-05 06:43:55.266	2026-02-20 05:30:10.251	39	251111-11-15107154-41	\N
517	107	15	2025-11-11 00:00:00	2025	804	CONSUMED	71	2026-02-05 06:43:55.276	2026-02-20 05:30:10.251	39	251111-11-15107154-41	\N
518	106	15	2025-11-11 00:00:00	2025	803	CONSUMED	71	2026-02-05 06:43:55.286	2026-02-20 05:30:10.251	39	251111-11-15107154-41	\N
519	105	15	2025-11-11 00:00:00	2025	804	CONSUMED	71	2026-02-05 06:43:55.295	2026-02-20 05:30:10.251	39	251111-11-15107154-41	\N
520	104	15	2025-11-11 00:00:00	2025	804	CONSUMED	71	2026-02-05 06:43:55.305	2026-02-20 05:30:10.251	39	251111-11-15107154-41	\N
96	207	17	2025-11-19 00:00:00	2025	899	CONSUMED	72	2026-02-05 06:43:50.834	2026-02-20 05:31:11.878	87	251119-11-15100914-391	\N
135	168	17	2025-11-12 00:00:00	2025	539	CONSUMED	73	2026-02-05 06:43:51.247	2026-02-20 05:32:38.919	30	251112-11-15101553-31	\N
136	167	17	2025-11-12 00:00:00	2025	825	CONSUMED	73	2026-02-05 06:43:51.257	2026-02-20 05:32:38.919	30	251112-11-15101553-31	\N
137	166	17	2025-11-12 00:00:00	2025	823	CONSUMED	73	2026-02-05 06:43:51.276	2026-02-20 05:32:38.919	30	251112-11-15101553-31	\N
138	165	17	2025-11-12 00:00:00	2025	822	CONSUMED	73	2026-02-05 06:43:51.293	2026-02-20 05:32:38.919	30	251112-11-15101553-31	\N
139	164	17	2025-11-12 00:00:00	2025	822	CONSUMED	73	2026-02-05 06:43:51.303	2026-02-20 05:32:38.919	30	251112-11-15101553-31	\N
140	163	17	2025-11-12 00:00:00	2025	825	CONSUMED	73	2026-02-05 06:43:51.313	2026-02-20 05:32:38.919	30	251112-11-15101553-31	\N
141	162	17	2025-11-12 00:00:00	2025	862	CONSUMED	73	2026-02-05 06:43:51.325	2026-02-20 05:32:38.919	30	251112-11-15101553-31	\N
142	161	17	2025-11-12 00:00:00	2025	822	CONSUMED	73	2026-02-05 06:43:51.334	2026-02-20 05:32:38.919	30	251112-11-15101553-31	\N
143	160	17	2025-11-12 00:00:00	2025	824	CONSUMED	73	2026-02-05 06:43:51.344	2026-02-20 05:32:38.919	30	251112-11-15101553-31	\N
144	159	17	2025-11-12 00:00:00	2025	826	CONSUMED	73	2026-02-05 06:43:51.355	2026-02-20 05:32:38.919	30	251112-11-15101553-31	\N
145	158	17	2025-11-12 00:00:00	2025	842	CONSUMED	73	2026-02-05 06:43:51.365	2026-02-20 05:32:38.919	30	251112-11-15101553-31	\N
146	157	17	2025-11-12 00:00:00	2025	822	CONSUMED	73	2026-02-05 06:43:51.376	2026-02-20 05:32:38.919	30	251112-11-15101553-31	\N
115	188	17	2025-11-17 00:00:00	2025	804	CONSUMED	73	2026-02-05 06:43:51.029	2026-02-23 07:31:19.006	84	251117-11-15314280-361	\N
116	187	17	2025-11-17 00:00:00	2025	816	CONSUMED	73	2026-02-05 06:43:51.04	2026-02-23 07:31:19.006	84	251117-11-15314280-361	\N
107	196	17	2025-11-17 00:00:00	2025	805	CONSUMED	73	2026-02-05 06:43:50.946	2026-02-23 07:31:19.006	84	251117-11-15314280-361	\N
45	258	17	2025-11-10 00:00:00	2025	497	CONSUMED	73	2026-02-05 06:43:50.276	2026-02-23 07:46:04.756	130	251110-11-15105783-431	\N
1082	401	13	2025-10-28 00:00:00	2025	820	CONSUMED	80	2026-02-05 08:14:19.178	2026-02-20 05:52:30.47	61	251028-11-15314433-221	\N
1083	402	13	2025-10-28 00:00:00	2025	800	CONSUMED	80	2026-02-05 08:14:19.191	2026-02-20 05:52:30.47	61	251028-11-15314433-221	\N
1084	403	13	2025-10-28 00:00:00	2025	800	CONSUMED	80	2026-02-05 08:14:19.204	2026-02-20 05:52:30.47	61	251028-11-15314433-221	\N
1085	404	13	2025-10-28 00:00:00	2025	800	CONSUMED	80	2026-02-05 08:14:19.217	2026-02-20 05:52:30.47	61	251028-11-15314433-221	\N
1086	405	13	2025-10-28 00:00:00	2025	800	CONSUMED	80	2026-02-05 08:14:19.237	2026-02-20 05:52:30.47	61	251028-11-15314433-221	\N
1087	406	13	2025-10-28 00:00:00	2025	800	CONSUMED	80	2026-02-05 08:14:19.25	2026-02-20 05:52:30.47	61	251028-11-15314433-221	\N
1094	413	13	2025-10-28 00:00:00	2025	800	CONSUMED	80	2026-02-05 08:14:19.346	2026-02-20 05:52:30.47	61	251028-11-15314433-221	\N
1095	414	13	2025-10-28 00:00:00	2025	800	CONSUMED	80	2026-02-05 08:14:19.36	2026-02-20 05:52:30.47	61	251028-11-15314433-221	\N
1096	415	13	2025-10-28 00:00:00	2025	800	CONSUMED	80	2026-02-05 08:14:19.374	2026-02-20 05:52:30.47	61	251028-11-15314433-221	\N
1097	416	13	2025-10-28 00:00:00	2025	800	CONSUMED	80	2026-02-05 08:14:19.388	2026-02-20 05:52:30.47	61	251028-11-15314433-221	\N
1098	417	13	2025-10-28 00:00:00	2025	800	CONSUMED	80	2026-02-05 08:14:19.401	2026-02-20 05:52:30.47	61	251028-11-15314433-221	\N
1099	418	13	2025-10-28 00:00:00	2025	800	CONSUMED	80	2026-02-05 08:14:19.414	2026-02-20 05:52:30.47	61	251028-11-15314433-221	\N
1100	419	13	2025-10-28 00:00:00	2025	800	CONSUMED	80	2026-02-05 08:14:19.427	2026-02-20 05:52:30.47	61	251028-11-15314433-221	\N
46	257	17	2025-11-10 00:00:00	2025	912	CONSUMED	73	2026-02-05 06:43:50.287	2026-02-23 07:46:04.756	130	251110-11-15105783-431	\N
47	256	17	2025-11-10 00:00:00	2025	868	CONSUMED	73	2026-02-05 06:43:50.298	2026-02-23 07:46:04.756	130	251110-11-15105783-431	\N
109	194	17	2025-11-17 00:00:00	2025	809	CONSUMED	73	2026-02-05 06:43:50.966	2026-02-23 07:31:19.006	84	251117-11-15314280-361	\N
110	193	17	2025-11-17 00:00:00	2025	802	CONSUMED	73	2026-02-05 06:43:50.977	2026-02-23 07:31:19.006	84	251117-11-15314280-361	\N
111	192	17	2025-11-17 00:00:00	2025	806	CONSUMED	73	2026-02-05 06:43:50.987	2026-02-23 07:31:19.006	84	251117-11-15314280-361	\N
113	190	17	2025-11-17 00:00:00	2025	810	CONSUMED	73	2026-02-05 06:43:51.009	2026-02-23 07:31:19.006	84	251117-11-15314280-361	\N
114	189	17	2025-11-17 00:00:00	2025	807	CONSUMED	73	2026-02-05 06:43:51.019	2026-02-23 07:31:19.006	84	251117-11-15314280-361	\N
48	255	17	2025-11-10 00:00:00	2025	827	CONSUMED	73	2026-02-05 06:43:50.309	2026-02-23 07:46:04.756	130	251110-11-15105783-431	\N
123	180	17	2025-11-17 00:00:00	2025	801	CONSUMED	73	2026-02-05 06:43:51.115	2026-02-23 07:44:10.929	84	251117-11-15314280-361	\N
124	179	17	2025-11-17 00:00:00	2025	806	CONSUMED	73	2026-02-05 06:43:51.127	2026-02-23 07:44:10.929	84	251117-11-15314280-361	\N
127	176	17	2025-11-17 00:00:00	2025	814	CONSUMED	73	2026-02-05 06:43:51.161	2026-02-23 07:44:10.929	84	251117-11-15314280-361	\N
128	175	17	2025-11-17 00:00:00	2025	811	CONSUMED	73	2026-02-05 06:43:51.171	2026-02-23 07:44:10.929	84	251117-11-15314280-361	\N
129	174	17	2025-11-17 00:00:00	2025	807	CONSUMED	73	2026-02-05 06:43:51.182	2026-02-23 07:44:10.929	84	251117-11-15314280-361	\N
130	173	17	2025-11-17 00:00:00	2025	803	CONSUMED	73	2026-02-05 06:43:51.193	2026-02-23 07:44:10.929	84	251117-11-15314280-361	\N
131	172	17	2025-11-17 00:00:00	2025	804	CONSUMED	73	2026-02-05 06:43:51.204	2026-02-23 07:44:10.929	84	251117-11-15314280-361	\N
132	171	17	2025-11-17 00:00:00	2025	691	CONSUMED	73	2026-02-05 06:43:51.214	2026-02-23 07:44:10.929	84	251117-11-15314280-361	\N
133	170	17	2025-11-17 00:00:00	2025	560	CONSUMED	73	2026-02-05 06:43:51.225	2026-02-23 07:44:10.929	84	251117-11-15314280-361	\N
49	254	17	2025-11-10 00:00:00	2025	934	CONSUMED	73	2026-02-05 06:43:50.32	2026-02-23 07:46:04.756	130	251110-11-15105783-431	\N
55	248	17	2025-10-29 00:00:00	2025	813	CONSUMED	73	2026-02-05 06:43:50.38	2026-02-23 07:46:04.756	130	251029-11-15105783-431	\N
1088	407	13	2025-10-28 00:00:00	2025	800	CONSUMED	80	2026-02-05 08:14:19.263	2026-02-20 05:52:30.47	61	251028-11-15314433-221	\N
1089	408	13	2025-10-28 00:00:00	2025	800	CONSUMED	80	2026-02-05 08:14:19.276	2026-02-20 05:52:30.47	61	251028-11-15314433-221	\N
1090	409	13	2025-10-28 00:00:00	2025	800	CONSUMED	80	2026-02-05 08:14:19.29	2026-02-20 05:52:30.47	61	251028-11-15314433-221	\N
1091	410	13	2025-10-28 00:00:00	2025	800	CONSUMED	80	2026-02-05 08:14:19.305	2026-02-20 05:52:30.47	61	251028-11-15314433-221	\N
1092	411	13	2025-10-28 00:00:00	2025	800	CONSUMED	80	2026-02-05 08:14:19.319	2026-02-20 05:52:30.47	61	251028-11-15314433-221	\N
1093	412	13	2025-10-28 00:00:00	2025	820	CONSUMED	80	2026-02-05 08:14:19.332	2026-02-20 05:52:30.47	61	251028-11-15314433-221	\N
1101	420	13	2025-10-28 00:00:00	2025	810	CONSUMED	80	2026-02-05 08:14:19.441	2026-02-20 05:52:30.47	61	251028-11-15314433-221	\N
1102	421	13	2025-10-28 00:00:00	2025	800	CONSUMED	80	2026-02-05 08:14:19.455	2026-02-20 05:52:30.47	61	251028-11-15314433-221	\N
\.


--
-- Data for Name: StockRelease; Type: TABLE DATA; Schema: public; Owner: neondb_owner
--

COPY public."StockRelease" (id, date, destination, purpose, "createdAt", "updatedAt") FROM stdin;
3	2026-01-19 15:00:00	씨제이브리딩	원물출고	2026-02-06 04:58:46.494	2026-02-06 04:58:46.494
2	2026-01-19 15:00:00	씨제이브리딩	원물판매	2026-02-06 04:58:07.263	2026-02-06 07:35:49.163
\.


--
-- Data for Name: User; Type: TABLE DATA; Schema: public; Owner: neondb_owner
--

COPY public."User" (id, username, password, name, department, "position", phone, role, "createdAt", "updatedAt") FROM stdin;
1	test	test	테스트	\N	\N	\N	ADMIN	2026-02-05 04:58:12.511	2026-02-05 04:58:57.284
\.


--
-- Data for Name: Variety; Type: TABLE DATA; Schema: public; Owner: neondb_owner
--

COPY public."Variety" (id, name, type, "createdAt", "updatedAt") FROM stdin;
6	CJ6	INDICA	2026-02-05 06:16:11.958	2026-02-05 06:16:11.958
7	IPS	INDICA	2026-02-05 06:16:25.234	2026-02-05 06:16:25.234
8	IPSA	INDICA	2026-02-05 06:16:32.762	2026-02-05 06:16:32.762
9	다온누리찰	GLUTINOUS	2026-02-05 06:16:44.269	2026-02-05 06:16:44.269
11	바스마티	INDICA	2026-02-05 06:17:12.499	2026-02-05 06:17:12.499
12	백옥찰	GLUTINOUS	2026-02-05 06:17:25.145	2026-02-05 06:17:25.145
13	새청무	URUCHI	2026-02-05 06:17:40.03	2026-02-05 06:17:40.03
14	서농22호	URUCHI	2026-02-05 06:18:09.025	2026-02-05 06:18:09.025
15	천지향1세	URUCHI	2026-02-05 06:18:21.824	2026-02-05 06:18:21.824
16	천지향5세	URUCHI	2026-02-05 06:18:31.094	2026-02-05 06:18:31.094
17	하이아미	URUCHI	2026-02-05 06:18:39.466	2026-02-05 06:18:39.466
18	흑미	OTHER	2026-02-05 06:18:54.049	2026-02-05 06:18:54.049
19	인디카	INDICA	2026-02-05 09:47:58.913	2026-02-05 09:47:58.913
21	아미향	INDICA	2026-02-06 02:28:49.144	2026-02-06 02:28:49.144
22	CJ3	INDICA	2026-02-06 02:28:59.061	2026-02-06 02:28:59.061
23	아미면	INDICA	2026-02-06 02:29:08.24	2026-02-06 02:29:08.24
24	삼광	INDICA	2026-02-06 02:29:17.124	2026-02-06 02:29:17.124
25	신길	INDICA	2026-02-06 02:29:26.083	2026-02-06 02:29:26.083
26	CJ1	INDICA	2026-02-06 02:29:38.251	2026-02-06 02:29:38.251
27	CJ4	INDICA	2026-02-06 02:29:47.198	2026-02-06 02:29:47.198
28	케이롱	INDICA	2026-02-06 02:30:02.24	2026-02-06 02:30:02.24
29	CJ5	INDICA	2026-02-06 02:30:11.383	2026-02-06 02:30:11.383
10	다온누리큰눈	URUCHI	2026-02-05 06:16:52.295	2026-02-20 06:38:25.317
20	서농24호	OTHER	2026-02-06 02:11:14.606	2026-02-20 06:39:02.461
\.


--
-- Data for Name: _prisma_migrations; Type: TABLE DATA; Schema: public; Owner: neondb_owner
--

COPY public._prisma_migrations (id, checksum, finished_at, migration_name, logs, rolled_back_at, started_at, applied_steps_count) FROM stdin;
7128f806-35f0-4daf-8670-4db0dc5b937e	2667ad6dcaf99f4b8b427c09e8c8a19292edb27a7207de6dfc9621be90d55eed	2026-02-05 04:50:57.174116+00	20260128023830_init_lot_schema	\N	\N	2026-02-05 04:50:56.107633+00	1
3bb9cb9f-029f-4965-a642-f7477eb235b8	b97ed186089589da7d7d51af1cc3046fafb3aff362f84bcb00c26b13cdc10f88	2026-02-05 04:51:25.932691+00	20260205045123_make_group_and_farmer_no_required	\N	\N	2026-02-05 04:51:24.966929+00	1
\.


--
-- Name: Farmer_id_seq; Type: SEQUENCE SET; Schema: public; Owner: neondb_owner
--

SELECT pg_catalog.setval('public."Farmer_id_seq"', 199, true);


--
-- Name: MillingBatch_id_seq; Type: SEQUENCE SET; Schema: public; Owner: neondb_owner
--

SELECT pg_catalog.setval('public."MillingBatch_id_seq"', 87, true);


--
-- Name: MillingOutputPackage_id_seq; Type: SEQUENCE SET; Schema: public; Owner: neondb_owner
--

SELECT pg_catalog.setval('public."MillingOutputPackage_id_seq"', 275, true);


--
-- Name: ProducerGroup_id_seq; Type: SEQUENCE SET; Schema: public; Owner: neondb_owner
--

SELECT pg_catalog.setval('public."ProducerGroup_id_seq"', 84, true);


--
-- Name: StockRelease_id_seq; Type: SEQUENCE SET; Schema: public; Owner: neondb_owner
--

SELECT pg_catalog.setval('public."StockRelease_id_seq"', 3, true);


--
-- Name: Stock_id_seq; Type: SEQUENCE SET; Schema: public; Owner: neondb_owner
--

SELECT pg_catalog.setval('public."Stock_id_seq"', 2198, true);


--
-- Name: User_id_seq; Type: SEQUENCE SET; Schema: public; Owner: neondb_owner
--

SELECT pg_catalog.setval('public."User_id_seq"', 1, true);


--
-- Name: Variety_id_seq; Type: SEQUENCE SET; Schema: public; Owner: neondb_owner
--

SELECT pg_catalog.setval('public."Variety_id_seq"', 29, true);


--
-- Name: Farmer Farmer_pkey; Type: CONSTRAINT; Schema: public; Owner: neondb_owner
--

ALTER TABLE ONLY public."Farmer"
    ADD CONSTRAINT "Farmer_pkey" PRIMARY KEY (id);


--
-- Name: MillingBatch MillingBatch_pkey; Type: CONSTRAINT; Schema: public; Owner: neondb_owner
--

ALTER TABLE ONLY public."MillingBatch"
    ADD CONSTRAINT "MillingBatch_pkey" PRIMARY KEY (id);


--
-- Name: MillingOutputPackage MillingOutputPackage_pkey; Type: CONSTRAINT; Schema: public; Owner: neondb_owner
--

ALTER TABLE ONLY public."MillingOutputPackage"
    ADD CONSTRAINT "MillingOutputPackage_pkey" PRIMARY KEY (id);


--
-- Name: ProducerGroup ProducerGroup_pkey; Type: CONSTRAINT; Schema: public; Owner: neondb_owner
--

ALTER TABLE ONLY public."ProducerGroup"
    ADD CONSTRAINT "ProducerGroup_pkey" PRIMARY KEY (id);


--
-- Name: StockRelease StockRelease_pkey; Type: CONSTRAINT; Schema: public; Owner: neondb_owner
--

ALTER TABLE ONLY public."StockRelease"
    ADD CONSTRAINT "StockRelease_pkey" PRIMARY KEY (id);


--
-- Name: Stock Stock_pkey; Type: CONSTRAINT; Schema: public; Owner: neondb_owner
--

ALTER TABLE ONLY public."Stock"
    ADD CONSTRAINT "Stock_pkey" PRIMARY KEY (id);


--
-- Name: User User_pkey; Type: CONSTRAINT; Schema: public; Owner: neondb_owner
--

ALTER TABLE ONLY public."User"
    ADD CONSTRAINT "User_pkey" PRIMARY KEY (id);


--
-- Name: Variety Variety_pkey; Type: CONSTRAINT; Schema: public; Owner: neondb_owner
--

ALTER TABLE ONLY public."Variety"
    ADD CONSTRAINT "Variety_pkey" PRIMARY KEY (id);


--
-- Name: _prisma_migrations _prisma_migrations_pkey; Type: CONSTRAINT; Schema: public; Owner: neondb_owner
--

ALTER TABLE ONLY public._prisma_migrations
    ADD CONSTRAINT _prisma_migrations_pkey PRIMARY KEY (id);


--
-- Name: Farmer_groupId_farmerNo_key; Type: INDEX; Schema: public; Owner: neondb_owner
--

CREATE UNIQUE INDEX "Farmer_groupId_farmerNo_key" ON public."Farmer" USING btree ("groupId", "farmerNo");


--
-- Name: ProducerGroup_code_cropYear_key; Type: INDEX; Schema: public; Owner: neondb_owner
--

CREATE UNIQUE INDEX "ProducerGroup_code_cropYear_key" ON public."ProducerGroup" USING btree (code, "cropYear");


--
-- Name: User_username_key; Type: INDEX; Schema: public; Owner: neondb_owner
--

CREATE UNIQUE INDEX "User_username_key" ON public."User" USING btree (username);


--
-- Name: Variety_name_key; Type: INDEX; Schema: public; Owner: neondb_owner
--

CREATE UNIQUE INDEX "Variety_name_key" ON public."Variety" USING btree (name);


--
-- Name: Farmer Farmer_groupId_fkey; Type: FK CONSTRAINT; Schema: public; Owner: neondb_owner
--

ALTER TABLE ONLY public."Farmer"
    ADD CONSTRAINT "Farmer_groupId_fkey" FOREIGN KEY ("groupId") REFERENCES public."ProducerGroup"(id) ON UPDATE CASCADE ON DELETE SET NULL;


--
-- Name: MillingOutputPackage MillingOutputPackage_batchId_fkey; Type: FK CONSTRAINT; Schema: public; Owner: neondb_owner
--

ALTER TABLE ONLY public."MillingOutputPackage"
    ADD CONSTRAINT "MillingOutputPackage_batchId_fkey" FOREIGN KEY ("batchId") REFERENCES public."MillingBatch"(id) ON UPDATE CASCADE ON DELETE RESTRICT;


--
-- Name: Stock Stock_batchId_fkey; Type: FK CONSTRAINT; Schema: public; Owner: neondb_owner
--

ALTER TABLE ONLY public."Stock"
    ADD CONSTRAINT "Stock_batchId_fkey" FOREIGN KEY ("batchId") REFERENCES public."MillingBatch"(id) ON UPDATE CASCADE ON DELETE SET NULL;


--
-- Name: Stock Stock_farmerId_fkey; Type: FK CONSTRAINT; Schema: public; Owner: neondb_owner
--

ALTER TABLE ONLY public."Stock"
    ADD CONSTRAINT "Stock_farmerId_fkey" FOREIGN KEY ("farmerId") REFERENCES public."Farmer"(id) ON UPDATE CASCADE ON DELETE RESTRICT;


--
-- Name: Stock Stock_releaseId_fkey; Type: FK CONSTRAINT; Schema: public; Owner: neondb_owner
--

ALTER TABLE ONLY public."Stock"
    ADD CONSTRAINT "Stock_releaseId_fkey" FOREIGN KEY ("releaseId") REFERENCES public."StockRelease"(id) ON UPDATE CASCADE ON DELETE SET NULL;


--
-- Name: Stock Stock_varietyId_fkey; Type: FK CONSTRAINT; Schema: public; Owner: neondb_owner
--

ALTER TABLE ONLY public."Stock"
    ADD CONSTRAINT "Stock_varietyId_fkey" FOREIGN KEY ("varietyId") REFERENCES public."Variety"(id) ON UPDATE CASCADE ON DELETE RESTRICT;


--
-- Name: SCHEMA public; Type: ACL; Schema: -; Owner: neondb_owner
--

REVOKE USAGE ON SCHEMA public FROM PUBLIC;


--
-- Name: DEFAULT PRIVILEGES FOR SEQUENCES; Type: DEFAULT ACL; Schema: public; Owner: cloud_admin
--

ALTER DEFAULT PRIVILEGES FOR ROLE cloud_admin IN SCHEMA public GRANT ALL ON SEQUENCES TO neon_superuser WITH GRANT OPTION;


--
-- Name: DEFAULT PRIVILEGES FOR TABLES; Type: DEFAULT ACL; Schema: public; Owner: cloud_admin
--

ALTER DEFAULT PRIVILEGES FOR ROLE cloud_admin IN SCHEMA public GRANT ALL ON TABLES TO neon_superuser WITH GRANT OPTION;


--
-- PostgreSQL database dump complete
--

\unrestrict oCxLr8VIuFBYiugCEKX5meuVyU51ZeDAGfF0a3owf6L1DngxgX6HidxQiXNP6Nm

